,deaths,count,tested,percentage,deaths_per_million,count_per_million,deaths_7day,count_7day,tested_7day,percentage_7day,deaths_per_million_7day,count_per_million_7day,deaths_14day,count_14day,tested_14day,percentage_14day,deaths_per_million_14day,count_per_million_14day,population
region,Illinois,Illinois,Illinois,Illinois,Illinois,Illinois,Illinois,Illinois,Illinois,Illinois,Illinois,Illinois,Illinois,Illinois,Illinois,Illinois,Illinois,Illinois,Illinois
date,,,,,,,,,,,,,,,,,,,
2020-03-18,1.0,128.0,0.0,inf,0.07936507936507936,10.158730158730158,,,,,,,,,,,,,12600000.0
2020-03-19,2.0,134.0,0.0,inf,0.15873015873015872,10.634920634920634,,,,,,,,,,,,,12600000.0
2020-03-20,2.0,163.0,4286.0,0.03803079794680354,0.15873015873015872,12.936507936507937,,,,,,,,,,,,,12600000.0
2020-03-21,1.0,168.0,1961.0,0.08567057623661398,0.07936507936507936,13.333333333333334,,,,,,,,,,,,,12600000.0
2020-03-22,3.0,296.0,2127.0,0.13916314057357781,0.23809523809523808,23.49206349206349,,,,,,,,,,,,,12600000.0
2020-03-24,7.0,486.0,3111.0,0.1562198649951784,0.5555555555555556,38.57142857142857,,,,,,,,,,,,,12600000.0
2020-03-25,3.0,330.0,2724.0,0.1211453744493392,0.23809523809523808,26.19047619047619,2.7142857142857144,243.57142857142858,2029.857142857143,0.1199943697656415,0.21541950113378686,19.33106575963719,,,,,,,12600000.0
2020-03-26,7.0,673.0,2422.0,0.277869529314616,0.5555555555555556,53.41269841269841,3.5714285714285716,321.42857142857144,2375.8571428571427,0.13528951957188384,0.28344671201814065,25.510204081632654,,,,,,,12600000.0
2020-03-27,8.0,488.0,4911.0,0.0993687639991855,0.6349206349206349,38.73015873015873,4.428571428571429,372.0,3077.4285714285716,0.12088014111967318,0.35147392290249435,29.523809523809526,,,,,,,12600000.0
2020-03-28,13.0,465.0,3887.0,0.1196295343452534,1.0317460317460319,36.904761904761905,6.0,415.14285714285717,3020.4285714285716,0.13744501726339686,0.47619047619047616,32.94784580498867,,,,,,,12600000.0
2020-03-29,18.0,1105.0,2333.0,0.473639091298757,1.4285714285714286,87.6984126984127,8.428571428571429,549.0,3073.5714285714284,0.17861956774343482,0.6689342403628118,43.57142857142857,,,,,,,12600000.0
2020-03-30,7.0,460.0,2684.0,0.17138599105812222,0.5555555555555556,36.507936507936506,9.0,572.4285714285714,3153.1428571428573,0.18154222544400145,0.7142857142857143,45.430839002267575,,,,,,,12600000.0
2020-03-31,26.0,938.0,4779.0,0.19627537141661436,2.0634920634920637,74.44444444444444,11.714285714285714,637.0,3391.4285714285716,0.18782645324347091,0.929705215419501,50.55555555555556,,,,,,,12600000.0
2020-04-01,43.0,986.0,5159.0,0.1911223105252956,3.4126984126984126,78.25396825396825,17.428571428571427,730.7142857142857,3739.285714285714,0.19541547277936963,1.3832199546485258,57.99319727891156,10.071428571428571,487.14285714285717,2884.5714285714284,0.168878763866878,0.7993197278911565,38.66213151927438,12600000.0
2020-04-02,16.0,715.0,3272.0,0.21852078239608802,1.2698412698412698,56.74603174603175,18.714285714285715,736.7142857142857,3860.714285714286,0.1908233117483811,1.485260770975057,58.469387755102034,11.142857142857142,529.0714285714286,3118.285714285714,0.16966739967014843,0.8843537414965985,41.98979591836734,12600000.0
2020-04-03,53.0,1209.0,4392.0,0.27527322404371585,4.2063492063492065,95.95238095238095,25.142857142857142,839.7142857142857,3786.5714285714284,0.2217611106919188,1.9954648526077097,66.64399092970521,14.785714285714286,605.8571428571429,3432.0,0.17653180153180154,1.1734693877551021,48.08390022675737,12600000.0
2020-04-04,33.0,1453.0,5533.0,0.2626061810952467,2.619047619047619,115.31746031746032,28.0,980.8571428571429,4021.714285714286,0.24389030974708725,2.2222222222222223,77.84580498866214,17.0,698.0,3521.0714285714284,0.19823511512323766,1.3492063492063493,55.3968253968254,12600000.0
2020-04-05,31.0,899.0,5402.0,0.16641984450203628,2.4603174603174605,71.34920634920636,29.857142857142858,951.4285714285714,4460.142857142857,0.21331795906601328,2.369614512471655,75.51020408163265,19.142857142857142,750.2142857142857,3766.8571428571427,0.19916186286407767,1.5192743764172334,59.5408163265306,12600000.0
2020-04-06,33.0,1006.0,3959.0,0.2541045718615812,2.619047619047619,79.84126984126983,33.57142857142857,1029.4285714285713,4642.285714285715,0.22175036927621858,2.664399092970521,81.70068027210884,21.285714285714285,800.9285714285714,3897.714285714286,0.20548673215071103,1.6893424036281177,63.56575963718821,12600000.0
2020-04-07,73.0,1287.0,5790.0,0.22227979274611398,5.7936507936507935,102.14285714285714,40.285714285714285,1079.2857142857142,4786.714285714285,0.2254752738233802,3.197278911564626,85.65759637188208,26.0,858.1428571428571,4089.0714285714284,0.20986252554719023,2.0634920634920637,68.10657596371881,12600000.0
2020-04-08,82.0,1529.0,6334.0,0.24139564256394064,6.507936507936508,121.34920634920636,45.857142857142854,1156.857142857143,4954.571428571428,0.23349287815004902,3.6394557823129245,91.8140589569161,31.642857142857142,943.7857142857143,4346.928571428572,0.2171155331350543,2.5113378684807257,74.90362811791384,12600000.0
2020-04-09,66.0,1344.0,5791.0,0.23208426869279916,5.238095238095238,106.66666666666667,53.0,1246.7142857142858,5314.428571428572,0.2345904679981721,4.2063492063492065,98.94557823129253,35.857142857142854,991.7142857142857,4587.571428571428,0.2161741350854794,2.845804988662131,78.70748299319727,12600000.0
2020-04-10,68.0,1465.0,6670.0,0.21964017991004497,5.396825396825397,116.26984126984127,55.142857142857146,1283.2857142857142,5639.857142857143,0.22753869145621722,4.376417233560091,101.84807256235827,40.142857142857146,1061.5,4713.214285714285,0.22521785254224447,3.1859410430839006,84.24603174603175,12600000.0
2020-04-11,70.0,1368.0,6124.0,0.22338340953625083,5.555555555555555,108.57142857142857,60.42857142857143,1271.142857142857,5724.285714285715,0.22206139256301471,4.795918367346939,100.8843537414966,44.214285714285715,1126.0,4873.0,0.23106915657705726,3.5090702947845807,89.36507936507937,12600000.0
2020-04-12,72.0,1270.0,5579.0,0.22763936189281234,5.714285714285714,100.7936507936508,66.28571428571429,1324.142857142857,5749.571428571428,0.23030287971774294,5.26077097505669,105.0907029478458,48.07142857142857,1137.7857142857142,5104.857142857143,0.22288296860133205,3.815192743764172,90.30045351473922,12600000.0
2020-04-13,74.0,1173.0,5033.0,0.233061792171667,5.873015873015873,93.0952380952381,72.14285714285714,1348.0,5903.0,0.2283584617990852,5.725623582766439,106.98412698412699,52.857142857142854,1188.7142857142858,5272.642857142857,0.2254494222198139,4.19501133786848,94.34240362811792,12600000.0
2020-04-14,74.0,1222.0,4848.0,0.25206270627062705,5.873015873015873,96.98412698412699,72.28571428571429,1338.7142857142858,5768.428571428572,0.23207607915005324,5.736961451247167,106.24716553287983,56.285714285714285,1209.0,5277.571428571428,0.2290826408250548,4.467120181405895,95.95238095238095,12600000.0
2020-04-15,80.0,1346.0,6313.0,0.21321083478536354,6.349206349206349,106.82539682539682,72.0,1312.5714285714287,5765.428571428572,0.22766242132910453,5.714285714285714,104.17233560090705,58.92857142857143,1234.7142857142858,5360.0,0.23035714285714287,4.67687074829932,97.99319727891158,12600000.0
2020-04-16,124.0,1140.0,5660.0,0.20141342756183744,9.841269841269842,90.47619047619048,80.28571428571429,1283.4285714285713,5746.714285714285,0.22333258756556543,6.371882086167801,101.85941043083899,66.64285714285714,1265.0714285714287,5530.571428571428,0.2287415405279744,5.289115646258503,100.40249433106578,12600000.0
2020-04-17,62.0,1842.0,7574.0,0.24320042249801954,4.920634920634921,146.1904761904762,79.42857142857143,1337.2857142857142,5875.857142857143,0.2275898956991077,6.303854875283447,106.13378684807255,67.28571428571429,1310.2857142857142,5757.857142857143,0.22756481826076166,5.3401360544217695,103.99092970521541,12600000.0
2020-04-18,125.0,1585.0,7241.0,0.2188924181742853,9.920634920634921,125.7936507936508,87.28571428571429,1368.2857142857142,6035.428571428572,0.22670895663700055,6.927437641723357,108.59410430839002,73.85714285714286,1319.7142857142858,5879.857142857143,0.22444665808207195,5.861678004535148,104.73922902494333,12600000.0
2020-04-19,31.0,1197.0,5914.0,0.202401082177883,2.4603174603174605,95.0,81.42857142857143,1357.857142857143,6083.285714285715,0.2232111405960125,6.462585034013606,107.76643990929706,73.85714285714286,1341.0,5916.428571428572,0.2266570083303151,5.861678004535148,106.42857142857143,12600000.0
2020-04-20,59.0,1151.0,5040.0,0.22837301587301587,4.682539682539683,91.34920634920636,79.28571428571429,1354.7142857142858,6084.285714285715,0.22265790091570792,6.292517006802722,107.5170068027211,75.71428571428571,1351.357142857143,5993.642857142857,0.2254650760925266,6.009070294784579,107.25056689342404,12600000.0
2020-04-21,119.0,1551.0,6639.0,0.23361952101220063,9.444444444444445,123.0952380952381,85.71428571428571,1401.7142857142858,6340.142857142857,0.2210855996935626,6.802721088435373,111.24716553287983,79.0,1370.2142857142858,6054.285714285715,0.22632137800849456,6.26984126984127,108.74716553287983,12600000.0
2020-04-22,97.0,2049.0,9349.0,0.21916782543587549,7.698412698412699,162.61904761904762,88.14285714285714,1502.142857142857,6773.857142857143,0.22175591032751965,6.995464852607709,119.21768707482993,80.07142857142857,1407.357142857143,6269.642857142857,0.2244716604955853,6.354875283446711,111.6950113378685,12600000.0
2020-04-23,123.0,1826.0,8970.0,0.20356744704570792,9.761904761904763,144.9206349206349,88.0,1600.142857142857,7246.714285714285,0.2208094308750764,6.984126984126984,126.99546485260771,84.14285714285714,1441.7857142857142,6496.714285714285,0.22192536886777933,6.678004535147392,114.42743764172334,12600000.0
2020-04-24,107.0,2724.0,12903.0,0.21111369448965356,8.492063492063492,216.1904761904762,94.42857142857143,1726.142857142857,8008.0,0.21555230483801913,7.494331065759638,136.9954648526077,86.92857142857143,1531.7142857142858,6941.928571428572,0.2206467943243438,6.899092970521543,121.56462585034015,12600000.0
2020-04-25,79.0,2119.0,15398.0,0.13761527471100143,6.26984126984127,168.17460317460316,87.85714285714286,1802.4285714285713,9173.285714285714,0.19648669272577204,6.972789115646259,143.04988662131518,87.57142857142857,1585.357142857143,7604.357142857143,0.2084801006941509,6.950113378684807,125.82199546485262,12600000.0
2020-04-26,59.0,2126.0,13335.0,0.15943007124109487,4.682539682539683,168.73015873015873,91.85714285714286,1935.142857142857,10233.42857142857,0.18910014797442556,7.290249433106577,153.58276643990928,86.64285714285714,1646.5,8158.357142857143,0.20181759282768763,6.87641723356009,130.67460317460316,12600000.0
2020-04-27,50.0,1980.0,12676.0,0.15620069422530766,3.9682539682539684,157.14285714285714,90.57142857142857,2053.5714285714284,11324.285714285714,0.1813422480131197,7.188208616780045,162.98185941043084,84.92857142857143,1704.142857142857,8704.285714285714,0.1957820449696373,6.740362811791384,135.24943310657596,12600000.0
2020-04-28,142.0,2219.0,14561.0,0.1523933795755786,11.26984126984127,176.11111111111111,93.85714285714286,2149.0,12456.0,0.17252729608220937,7.448979591836736,170.55555555555554,89.78571428571429,1775.357142857143,9398.07142857143,0.1889065385755436,7.125850340136055,140.90136054421768,12600000.0
2020-04-29,90.0,2253.0,14478.0,0.15561541649399088,7.142857142857143,178.8095238095238,92.85714285714286,2178.1428571428573,13188.714285714286,0.16515202391655204,7.369614512471656,172.8684807256236,90.5,1840.142857142857,9981.285714285714,0.1843593009775437,7.182539682539683,146.04308390022675,12600000.0
2020-04-30,140.0,2555.0,13200.0,0.19356060606060607,11.11111111111111,202.77777777777777,95.28571428571429,2282.285714285714,13793.0,0.16546695528787894,7.562358276643992,181.13378684807256,91.64285714285714,1941.2142857142858,10519.857142857143,0.18452857860644495,7.273242630385487,154.06462585034015,12600000.0
2020-05-01,102.0,3145.0,14821.0,0.21219890695634572,8.095238095238095,249.6031746031746,94.57142857142857,2342.4285714285716,14067.0,0.16651941220079416,7.505668934240362,185.90702947845807,94.5,2034.2857142857142,11037.5,0.18430674648115192,7.5,161.45124716553286,12600000.0
2020-05-02,102.0,2450.0,15208.0,0.16109942135718044,8.095238095238095,194.44444444444446,97.85714285714286,2389.714285714286,14039.857142857143,0.17020930208895085,7.766439909297053,189.65986394557825,92.85714285714286,2096.0714285714284,11606.57142857143,0.1805935061418408,7.369614512471656,166.35487528344672,12600000.0
2020-05-03,59.0,2994.0,19417.0,0.15419477777205542,4.682539682539683,237.61904761904762,97.85714285714286,2513.714285714286,14908.714285714286,0.16860704669368826,7.766439909297053,199.50113378684807,94.85714285714286,2224.4285714285716,12571.07142857143,0.17694820875593056,7.528344671201815,176.5419501133787,12600000.0
2020-05-04,44.0,2341.0,13834.0,0.16922076044527976,3.492063492063492,185.79365079365078,97.0,2565.285714285714,15074.142857142857,0.1701778826562041,7.698412698412699,203.59410430839,93.78571428571429,2309.4285714285716,13199.214285714286,0.17496712466651154,7.443310657596373,183.28798185941045,12600000.0
2020-05-05,176.0,2122.0,13139.0,0.16150391962858665,13.968253968253968,168.4126984126984,101.85714285714286,2551.4285714285716,14871.0,0.17157074651526943,8.08390022675737,202.49433106575967,97.85714285714286,2350.214285714286,13663.5,0.17200675417823294,7.766439909297053,186.52494331065762,12600000.0
2020-05-06,136.0,2270.0,14974.0,0.1515960999065046,10.793650793650794,180.15873015873015,108.42857142857143,2553.8571428571427,14941.857142857143,0.17091966001548858,8.60544217687075,202.68707482993193,100.64285714285714,2366.0,14065.285714285714,0.1682155661862539,7.987528344671201,187.77777777777777,12600000.0
2020-05-07,137.0,2641.0,17783.0,0.14851262441657764,10.873015873015873,209.6031746031746,108.0,2566.1428571428573,15596.57142857143,0.1645324979849051,8.571428571428571,203.6621315192744,101.64285714285714,2424.214285714286,14694.785714285714,0.16497105387236485,8.06689342403628,192.3979591836735,12600000.0
2020-05-08,130.0,2887.0,20671.0,0.13966426394465675,10.317460317460318,229.12698412698413,112.0,2529.285714285714,16432.285714285714,0.1539217220454506,8.88888888888889,200.73696145124717,103.28571428571429,2435.8571428571427,15249.642857142857,0.1597320780346144,8.197278911564627,193.32199546485256,12600000.0
2020-05-09,108.0,2325.0,16617.0,0.13991695251850514,8.571428571428571,184.52380952380952,112.85714285714286,2511.4285714285716,16633.571428571428,0.15098552840640703,8.956916099773244,199.31972789115648,105.35714285714286,2450.5714285714284,15336.714285714286,0.15978464375867432,8.361678004535149,194.48979591836732,12600000.0
2020-05-10,57.0,1656.0,13653.0,0.12129202373104812,4.523809523809524,131.42857142857142,112.57142857142857,2320.285714285714,15810.142857142857,0.14675931364133332,8.93424036281179,184.14965986394557,105.21428571428571,2417.0,15359.42857142857,0.1573626250976599,8.35034013605442,191.82539682539684,12600000.0
2020-05-11,53.0,1266.0,12441.0,0.10176030865686038,4.2063492063492065,100.47619047619048,113.85714285714286,2166.714285714286,15611.142857142857,0.13879280367503066,9.036281179138323,171.96145124716554,105.42857142857143,2366.0,15342.642857142857,0.1542107198890115,8.36734693877551,187.77777777777777,12600000.0
2020-05-12,142.0,4014.0,29266.0,0.1371557438666029,11.26984126984127,318.57142857142856,109.0,2437.0,17915.0,0.13603125872174154,8.65079365079365,193.4126984126984,105.42857142857143,2494.214285714286,16393.0,0.1521511795104182,8.36734693877551,197.95351473922904,12600000.0
2020-05-13,191.0,1677.0,17668.0,0.0949173647271904,15.158730158730158,133.0952380952381,116.85714285714286,2352.285714285714,18299.85714285714,0.12854120641066677,9.274376417233562,186.6893424036281,112.64285714285714,2453.0714285714284,16620.85714285714,0.1475899472263765,8.939909297052154,194.68820861678003,12600000.0
2020-05-14,136.0,3239.0,22678.0,0.14282564600052916,10.793650793650794,257.06349206349205,116.71428571428571,2437.714285714286,18999.14285714286,0.12830654014466816,9.263038548752833,193.46938775510205,112.35714285714286,2501.9285714285716,17297.85714285714,0.1446380641697981,8.917233560090704,198.56575963718822,12600000.0
2020-05-15,130.0,2432.0,26565.0,0.09154903067946546,10.317460317460318,193.015873015873,116.71428571428571,2372.714285714286,19841.14285714286,0.11958556534761822,9.263038548752833,188.3106575963719,114.35714285714286,2451.0,18136.714285714286,0.13514024433469599,9.075963718820862,194.52380952380952,12600000.0
2020-05-16,71.0,2088.0,23047.0,0.09059747472556082,5.634920634920635,165.71428571428572,111.42857142857143,2338.8571428571427,20759.714285714286,0.11266326263780123,8.843537414965986,185.62358276643988,112.14285714285714,2425.1428571428573,18696.64285714286,0.1297100701806665,8.900226757369614,192.47165532879822,12600000.0
2020-05-17,48.0,1734.0,20295.0,0.08543976348854397,3.8095238095238093,137.61904761904762,110.14285714285714,2350.0,21708.571428571428,0.10825217162411162,8.741496598639456,186.5079365079365,111.35714285714286,2335.1428571428573,18759.35714285714,0.12447883151646229,8.837868480725625,185.32879818594108,12600000.0
2020-05-18,57.0,2294.0,21297.0,0.10771470160116449,4.523809523809524,182.06349206349208,110.71428571428571,2496.8571428571427,22973.714285714286,0.10868321560043775,8.786848072562357,198.1632653061224,112.28571428571429,2331.785714285714,19292.428571428572,0.12086532836716105,8.91156462585034,185.06235827664398,12600000.0
2020-05-19,145.0,1545.0,18443.0,0.08377162066908854,11.507936507936508,122.61904761904762,111.14285714285714,2144.1428571428573,21427.571428571428,0.1000646696845853,8.820861678004535,170.1700680272109,110.07142857142857,2290.5714285714284,19671.285714285714,0.11644238520250691,8.735827664399093,181.79138321995464,12600000.0
2020-05-20,146.0,2388.0,21029.0,0.11355746825811974,11.587301587301587,189.52380952380952,104.71428571428571,2245.714285714286,21907.714285714286,0.10250792284518173,8.31065759637188,178.2312925170068,110.78571428571429,2299.0,20103.785714285714,0.11435657107936316,8.792517006802722,182.46031746031747,12600000.0
2020-05-21,82.0,2268.0,29307.0,0.07738765482649196,6.507936507936508,180.0,97.0,2107.0,22854.714285714286,0.09219104529856297,7.698412698412699,167.22222222222223,106.85714285714286,2272.3571428571427,20926.928571428572,0.10858531557084684,8.480725623582767,180.3458049886621,12600000.0
2020-05-22,108.0,2758.0,25113.0,0.1098235973400231,8.571428571428571,218.88888888888889,93.85714285714286,2153.5714285714284,22647.285714285714,0.09509181169613513,7.448979591836736,170.91836734693877,105.28571428571429,2263.1428571428573,21244.214285714286,0.10652984510068288,8.356009070294785,179.61451247165536,12600000.0
2020-05-23,75.0,2352.0,25114.0,0.09365294258182687,5.9523809523809526,186.66666666666666,94.42857142857143,2191.285714285714,22942.571428571428,0.09551177474190214,7.494331065759638,173.91156462585033,102.92857142857143,2265.0714285714284,21851.14285714286,0.10365917441389139,8.168934240362812,179.7675736961451,12600000.0
2020-05-24,63.0,2508.0,25674.0,0.09768637532133675,5.0,199.04761904761904,96.57142857142857,2301.8571428571427,23711.0,0.09707971586424624,7.6643990929705215,182.68707482993193,103.35714285714286,2325.9285714285716,22709.785714285714,0.10241966175688895,8.202947845804989,184.59750566893428,12600000.0
2020-05-25,31.0,1713.0,21643.0,0.07914799242249226,2.4603174603174605,135.95238095238096,92.85714285714286,2218.8571428571427,23760.428571428572,0.0933845589605767,7.369614512471656,176.09977324263036,101.78571428571429,2357.8571428571427,23367.071428571428,0.10090511984202434,8.078231292517009,187.1315192743764,12600000.0
2020-05-26,39.0,1178.0,17230.0,0.06836912362159026,3.0952380952380953,93.4920634920635,77.71428571428571,2166.4285714285716,23587.14285714286,0.09184785900308885,6.167800453514738,171.9387755102041,94.42857142857143,2155.285714285714,22507.35714285714,0.09575916446368331,7.494331065759638,171.05442176870747,12600000.0
2020-05-27,159.0,1111.0,17179.0,0.06467198323534548,12.619047619047619,88.17460317460318,79.57142857142857,1984.0,23037.14285714286,0.08612179089668857,6.315192743764172,157.46031746031747,92.14285714285714,2114.8571428571427,22472.428571428572,0.09410897162872599,7.312925170068026,167.8458049886621,12600000.0
2020-05-28,102.0,1527.0,25993.0,0.05874658561920517,8.095238095238095,121.19047619047619,82.42857142857143,1878.142857142857,22563.714285714286,0.08323730895369304,6.541950113378685,149.05895691609976,89.71428571428571,1992.5714285714287,22709.214285714286,0.08774286082741745,7.120181405895691,158.14058956916102,12600000.0
2020-05-29,86.0,1622.0,21796.0,0.07441732427968435,6.825396825396825,128.73015873015873,79.28571428571429,1715.857142857143,22089.85714285714,0.07767624443021685,6.292517006802722,136.17913832199548,86.57142857142857,1934.7142857142858,22368.571428571428,0.08649252778132585,6.870748299319728,153.54875283446714,12600000.0
2020-05-30,60.0,1462.0,25343.0,0.05768851359349722,4.761904761904762,116.03174603174604,77.14285714285714,1588.7142857142858,22122.571428571428,0.07181417815030544,6.122448979591836,126.08843537414967,85.78571428571429,1890.0,22532.571428571428,0.08387857577601948,6.808390022675738,150.0,12600000.0
2020-05-31,59.0,1343.0,21154.0,0.06348681100501087,4.682539682539683,106.58730158730158,76.57142857142857,1422.2857142857142,21476.85714285714,0.06622410834253482,6.077097505668934,112.8798185941043,86.57142857142857,1862.0714285714287,22593.928571428572,0.08241468156742487,6.870748299319728,147.78344671201816,12600000.0
2020-06-01,23.0,974.0,20014.0,0.04866593384630759,1.8253968253968254,77.3015873015873,75.42857142857143,1316.7142857142858,21244.14285714286,0.06198010880309867,5.98639455782313,104.50113378684809,84.14285714285714,1767.7857142857142,22502.285714285714,0.07856027324208334,6.678004535147392,140.30045351473922,12600000.0
2020-06-02,112.0,1614.0,16431.0,0.09822895745846266,8.88888888888889,128.0952380952381,85.85714285714286,1379.0,21130.0,0.06526265972550875,6.8140589569161,109.44444444444444,81.78571428571429,1772.7142857142858,22358.571428571428,0.07928566864737079,6.490929705215421,140.69160997732428,12600000.0
2020-06-03,96.0,982.0,24471.0,0.04012913244248294,7.619047619047619,77.93650793650794,76.85714285714286,1360.5714285714287,22171.714285714286,0.061365188592930504,6.099773242630386,107.98185941043086,78.21428571428571,1672.2857142857142,22604.428571428572,0.0739804463095095,6.207482993197278,132.72108843537413,12600000.0
2020-06-04,116.0,929.0,22841.0,0.04067247493542314,9.206349206349206,73.73015873015873,78.85714285714286,1275.142857142857,21721.428571428572,0.05870437356132851,6.258503401360545,101.20181405895691,80.64285714285714,1576.642857142857,22142.571428571428,0.07120414456960736,6.400226757369614,125.13038548752834,12600000.0
2020-06-05,56.0,1156.0,18903.0,0.06115431413003227,4.444444444444445,91.74603174603175,74.57142857142857,1208.5714285714287,21308.14285714286,0.05671875942798528,5.918367346938775,95.9183673469388,76.92857142857143,1462.2142857142858,21699.0,0.06738625216435254,6.105442176870748,116.04875283446714,12600000.0
2020-06-06,69.0,975.0,21155.0,0.04608839517844481,5.476190476190476,77.38095238095238,75.85714285714286,1139.0,20709.85714285714,0.05499796508218999,6.020408163265307,90.39682539682539,76.5,1363.857142857143,21416.214285714286,0.06368339075533558,6.071428571428571,108.24263038548753,12600000.0
2020-06-07,40.0,867.0,20700.0,0.04188405797101449,3.1746031746031744,68.80952380952381,73.14285714285714,1071.0,20645.0,0.05187696778881085,5.804988662131518,85.0,74.85714285714286,1246.642857142857,21060.928571428572,0.05919220764245234,5.941043083900228,98.93990929705215,12600000.0
2020-06-08,22.0,658.0,16099.0,0.04087210385738244,1.746031746031746,52.22222222222222,73.0,1025.857142857143,20085.714285714286,0.05107396870554765,5.7936507936507935,81.41723356009071,74.21428571428571,1171.2857142857142,20664.928571428572,0.056679882063814115,5.890022675736961,92.95918367346938,12600000.0
2020-06-09,94.0,797.0,20309.0,0.039243685065734404,7.4603174603174605,63.25396825396825,70.42857142857143,909.1428571428571,20639.714285714286,0.044048228796079676,5.5895691609977325,72.15419501133786,78.14285714285714,1144.0714285714287,20884.85714285714,0.05477994992954568,6.2018140589569155,90.79931972789117,12600000.0
2020-06-10,77.0,625.0,20820.0,0.030019212295869357,6.111111111111111,49.6031746031746,67.71428571428571,858.1428571428571,20118.14285714286,0.0426551726586521,5.374149659863945,68.10657596371881,72.28571428571429,1109.357142857143,21144.928571428572,0.05246445449601221,5.736961451247167,88.04421768707483,12600000.0
2020-06-11,89.0,766.0,22325.0,0.034311310190369544,7.063492063492063,60.79365079365079,63.857142857142854,834.8571428571429,20044.428571428572,0.041650333901119656,5.068027210884353,66.25850340136056,71.35714285714286,1055.0,20882.928571428572,0.05051973416426951,5.66326530612245,83.73015873015873,12600000.0
2020-06-12,77.0,595.0,24774.0,0.02401711471704206,6.111111111111111,47.22222222222222,66.85714285714286,754.7142857142857,20883.14285714286,0.036139880423034294,5.3061224489795915,59.897959183673464,70.71428571428571,981.6428571428571,21095.64285714286,0.0465329672004036,5.612244897959183,77.90816326530611,12600000.0
2020-06-13,29.0,673.0,21844.0,0.030809375572239516,2.3015873015873014,53.41269841269841,61.142857142857146,711.5714285714286,20981.571428571428,0.0339141151078157,4.8526077097505675,56.47392290249433,68.5,925.2857142857143,20845.714285714286,0.04438733552631579,5.436507936507937,73.43537414965988,12600000.0
2020-06-14,18.0,672.0,22040.0,0.030490018148820328,1.4285714285714286,53.333333333333336,58.0,683.7142857142857,21173.0,0.03229180020376355,4.603174603174603,54.263038548752824,65.57142857142857,877.3571428571429,20909.0,0.041960741444217464,5.204081632653061,69.63151927437642,12600000.0
2020-06-15,19.0,473.0,18627.0,0.02539324636280668,1.507936507936508,37.53968253968254,57.57142857142857,657.2857142857143,21534.14285714286,0.030522956899010873,4.569160997732426,52.1655328798186,65.28571428571429,841.5714285714286,20809.928571428572,0.04044086099011804,5.1814058956916105,66.79138321995464,12600000.0
2020-06-16,72.0,623.0,18729.0,0.033263922259597414,5.714285714285714,49.44444444444444,54.42857142857143,632.4285714285714,21308.428571428572,0.029679737729536936,4.319727891156463,50.19274376417234,62.42857142857143,770.7857142857143,20974.071428571428,0.036749455960931356,4.954648526077098,61.17346938775511,12600000.0
2020-06-17,84.0,546.0,29987.0,0.018207890085703806,6.666666666666667,43.333333333333336,55.42857142857143,621.1428571428571,22618.0,0.027462324570822226,4.399092970521543,49.29705215419501,61.57142857142857,739.6428571428571,21368.071428571428,0.034614394640869385,4.886621315192744,58.70181405895691,12600000.0
2020-06-18,54.0,593.0,25504.0,0.023251254705144293,4.285714285714286,47.06349206349206,50.42857142857143,596.4285714285714,23072.14285714286,0.02585059286090214,4.0022675736961455,47.33560090702948,57.142857142857146,715.6428571428571,21558.285714285714,0.0331957218967848,4.53514739229025,56.79705215419501,12600000.0
2020-06-19,44.0,692.0,27171.0,0.025468330204997974,3.492063492063492,54.92063492063492,45.714285714285715,610.2857142857143,23414.571428571428,0.02606435552952374,3.6281179138321997,48.43537414965987,56.285714285714285,682.5,22148.85714285714,0.030814230982572466,4.467120181405895,54.166666666666664,12600000.0
2020-06-20,44.0,634.0,25965.0,0.024417485076063932,3.492063492063492,50.317460317460316,47.857142857142854,604.7142857142857,24003.285714285714,0.025192979532563994,3.7981859410430836,47.99319727891156,54.5,658.1428571428571,22492.428571428572,0.0292606400884107,4.325396825396825,52.233560090702944,12600000.0
2020-06-21,21.0,658.0,23816.0,0.02762848505206584,1.6666666666666667,52.22222222222222,48.285714285714285,602.7142857142857,24257.0,0.024847025011925865,3.8321995464852607,47.8344671201814,53.142857142857146,643.2142857142857,22715.0,0.028316719600012575,4.217687074829932,51.04875283446711,12600000.0
2020-06-22,24.0,462.0,18219.0,0.0253581425983863,1.9047619047619047,36.666666666666664,49.0,601.1428571428571,24198.714285714286,0.024841933750907663,3.888888888888889,47.70975056689342,53.285714285714285,629.2142857142857,22866.428571428572,0.027516946240589757,4.229024943310657,49.937641723356,12600000.0
2020-06-23,38.0,601.0,20507.0,0.029307065879943434,3.015873015873016,47.698412698412696,44.142857142857146,598.0,24452.714285714286,0.02445536282854956,3.5034013605442182,47.46031746031746,49.285714285714285,615.2142857142857,22880.571428571428,0.02688806473364801,3.91156462585034,48.82653061224489,12600000.0
2020-06-24,62.0,715.0,29331.0,0.024376939074699122,4.920634920634921,56.74603174603175,41.0,622.1428571428571,24359.0,0.025540574618944007,3.253968253968254,49.37641723356008,48.214285714285715,621.6428571428571,23488.5,0.02646583890596918,3.8265306122448983,49.336734693877546,12600000.0
2020-06-25,39.0,894.0,31686.0,0.028214353342170043,3.0952380952380953,70.95238095238095,38.857142857142854,665.1428571428571,25242.14285714286,0.02635049095899714,3.083900226757369,52.789115646258495,44.642857142857146,630.7857142857143,24157.14285714286,0.02611176818450621,3.543083900226758,50.062358276644,12600000.0
2020-06-26,39.0,857.0,30425.0,0.02816762530813476,3.0952380952380953,68.01587301587301,38.142857142857146,688.7142857142857,25707.0,0.026790924095160294,3.027210884353742,54.65986394557822,41.92857142857143,649.5,24560.785714285714,0.026444593733913817,3.327664399092971,51.54761904761905,12600000.0
2020-06-27,26.0,786.0,30237.0,0.025994642325627544,2.0634920634920637,62.38095238095238,35.57142857142857,710.4285714285714,26317.285714285714,0.026994750869879115,2.82312925170068,56.38321995464853,41.714285714285715,657.5714285714286,25160.285714285714,0.026135292581278887,3.310657596371882,52.188208616780045,12600000.0
2020-06-28,15.0,646.0,23789.0,0.027155407961662954,1.1904761904761905,51.26984126984127,34.714285714285715,708.7142857142857,26313.428571428572,0.026933559182166625,2.7551020408163267,56.24716553287981,41.5,655.7142857142857,25285.214285714286,0.025932716183653347,3.2936507936507935,52.0408163265306,12600000.0
2020-06-29,12.0,738.0,26918.0,0.027416598558585335,0.9523809523809523,58.57142857142857,33.0,748.1428571428571,27556.14285714286,0.027149766969252382,2.619047619047619,59.37641723356008,41.0,674.6428571428571,25877.428571428572,0.026070706959181192,3.253968253968254,53.543083900226755,12600000.0
2020-06-30,21.0,724.0,31069.0,0.023302970806913643,1.6666666666666667,57.46031746031746,30.571428571428573,765.7142857142857,29065.0,0.02634489199085793,2.4263038548752838,60.77097505668934,37.357142857142854,681.8571428571429,26758.85714285714,0.025481549500298968,2.96485260770975,54.1156462585034,12600000.0
2020-07-01,30.0,828.0,33090.0,0.02502266545784225,2.380952380952381,65.71428571428571,26.0,781.8571428571429,29602.0,0.02641230804868397,2.0634920634920637,62.05215419501134,33.5,702.0,26980.5,0.026018791349307832,2.6587301587301586,55.714285714285715,12600000.0
2020-07-02,36.0,869.0,30262.0,0.028715881303284646,2.857142857142857,68.96825396825396,25.571428571428573,778.2857142857143,29398.571428571428,0.026473589581612327,2.029478458049887,61.76870748299321,32.214285714285715,721.7142857142857,27320.35714285714,0.026416722224400956,2.556689342403628,57.278911564625844,12600000.0
2020-07-03,17.0,868.0,34318.0,0.025292849233638323,1.3492063492063493,68.88888888888889,22.428571428571427,779.8571428571429,29954.714285714286,0.026034537849992608,1.7800453514739227,61.89342403628118,30.285714285714285,734.2857142857143,27830.85714285714,0.02638386990801577,2.403628117913832,58.27664399092971,12600000.0
2020-07-04,10.0,862.0,33836.0,0.025475824565551485,0.7936507936507936,68.41269841269842,20.142857142857142,790.7142857142857,30468.85714285714,0.025951557093425604,1.598639455782313,62.75510204081632,27.857142857142858,750.5714285714286,28393.071428571428,0.026435020616196608,2.2108843537414966,59.569160997732425,12600000.0
2020-07-05,6.0,639.0,27235.0,0.023462456398017258,0.47619047619047616,50.714285714285715,18.857142857142858,789.7142857142857,30961.14285714286,0.025506625816691886,1.4965986394557824,62.675736961451236,26.785714285714285,749.2142857142857,28637.285714285714,0.026162196137902133,2.1258503401360542,59.46145124716553,12600000.0
2020-07-06,6.0,614.0,21134.0,0.029052711270937826,0.47619047619047616,48.73015873015873,18.0,772.0,30134.85714285714,0.02561817354368932,1.4285714285714286,61.26984126984127,25.5,760.0714285714286,28845.5,0.026349740117918862,2.0238095238095237,60.32312925170068,12600000.0
2020-07-07,37.0,587.0,26994.0,0.021745573090316366,2.9365079365079363,46.58730158730159,20.285714285714285,752.4285714285714,29552.714285714286,0.0254605571641957,1.6099773242630384,59.71655328798186,25.428571428571427,759.0714285714286,29308.85714285714,0.025899045632232092,2.018140589569161,60.243764172335595,12600000.0
2020-07-08,36.0,980.0,32742.0,0.029930975505466983,2.857142857142857,77.77777777777777,21.142857142857142,774.1428571428571,29503.0,0.026239462330707286,1.6780045351473922,61.43990929705215,23.571428571428573,778.0,29552.5,0.026326029946705017,1.8707482993197282,61.74603174603175,12600000.0
2020-07-09,20.0,1018.0,36180.0,0.028137092316196793,1.5873015873015872,80.7936507936508,18.857142857142858,795.4285714285714,30348.428571428572,0.02620987671755186,1.4965986394557824,63.12925170068028,22.214285714285715,786.8571428571429,29873.5,0.026339636897489176,1.7630385487528346,62.44897959183674,12600000.0
2020-07-10,25.0,1317.0,32987.0,0.039924818868038926,1.9841269841269842,104.52380952380952,20.0,859.5714285714286,30158.285714285714,0.028501998976827026,1.5873015873015872,68.21995464852607,21.214285714285715,819.7142857142857,30056.5,0.027272446416391986,1.6836734693877553,65.05668934240362,12600000.0
2020-07-11,23.0,1195.0,32345.0,0.036945432060596695,1.8253968253968254,94.84126984126983,21.857142857142858,907.1428571428571,29945.285714285714,0.030293344528354093,1.7346938775510206,71.99546485260771,21.0,848.9285714285714,30207.071428571428,0.028103637038630974,1.6666666666666667,67.37528344671202,12600000.0
2020-07-12,20.0,954.0,38894.0,0.024528204864503522,1.5873015873015872,75.71428571428571,23.857142857142858,952.1428571428571,31610.85714285714,0.03012075417126123,1.8934240362811792,75.56689342403628,21.357142857142858,870.9285714285714,31286.0,0.027837645318307597,1.6950113378684808,69.12131519274377,12600000.0
2020-07-13,6.0,883.0,30012.0,0.029421564707450353,0.47619047619047616,70.07936507936508,23.857142857142858,990.5714285714286,32879.142857142855,0.030127653657985524,1.8934240362811792,78.61678004535148,20.928571428571427,881.2857142857143,31507.0,0.027971108461158294,1.6609977324263037,69.94331065759638,12600000.0
2020-07-14,25.0,707.0,28446.0,0.024854109540884482,1.9841269841269842,56.111111111111114,22.142857142857142,1007.7142857142857,33086.57142857143,0.03045689662616685,1.7573696145124715,79.97732426303854,21.214285714285715,880.0714285714286,31319.64285714286,0.02809966360681909,1.6836734693877553,69.8469387755102,12600000.0
2020-07-15,8.0,1187.0,38161.0,0.031105054898980633,0.6349206349206349,94.2063492063492,18.142857142857142,1037.2857142857142,33860.71428571428,0.030633899377702774,1.439909297052154,82.32426303854875,19.642857142857142,905.7142857142857,31681.85714285714,0.028587790217925537,1.5589569160997732,71.88208616780045,12600000.0
2020-07-16,24.0,1257.0,43006.0,0.029228479747012044,1.9047619047619047,99.76190476190476,18.714285714285715,1071.4285714285713,34835.857142857145,0.030756486543011916,1.485260770975057,85.03401360544217,18.785714285714285,933.4285714285714,32592.14285714286,0.028639680904687808,1.4909297052154193,74.08163265306122,12600000.0
2020-07-17,22.0,1384.0,43692.0,0.03167627941041838,1.746031746031746,109.84126984126983,18.285714285714285,1081.0,36365.142857142855,0.029726268483162843,1.4512471655328796,85.7936507936508,19.142857142857142,970.2857142857143,33261.71428571428,0.02917124793842771,1.5192743764172334,77.00680272108845,12600000.0
2020-07-18,17.0,1276.0,46099.0,0.027679559209527322,1.3492063492063493,101.26984126984127,17.428571428571427,1092.5714285714287,38330.0,0.0285043419924714,1.3832199546485258,86.71201814058959,19.642857142857142,999.8571428571429,34137.642857142855,0.029288991833480847,1.5589569160997732,79.35374149659864,12600000.0
2020-07-19,6.0,965.0,32113.0,0.03005013545915984,0.47619047619047616,76.58730158730158,15.428571428571429,1094.142857142857,37361.28571428572,0.02928547120969376,1.2244897959183674,86.83673469387755,19.642857142857142,1023.1428571428571,34486.07142857143,0.02966829258189124,1.5589569160997732,81.20181405895691,12600000.0
2020-07-20,6.0,1173.0,34598.0,0.033903693855136134,0.47619047619047616,93.0952380952381,15.428571428571429,1135.5714285714287,38016.42857142857,0.029870544689326047,1.2244897959183674,90.124716553288,19.642857142857142,1063.0714285714287,35447.78571428572,0.029989783766465366,1.5589569160997732,84.37074829931973,12600000.0
2020-07-21,23.0,955.0,29745.0,0.03210623634224239,1.8253968253968254,75.7936507936508,15.142857142857142,1171.0,38202.0,0.030652845400764357,1.201814058956916,92.93650793650794,18.642857142857142,1089.357142857143,35644.28571428572,0.030561901326600135,1.4795918367346939,86.45691609977325,12600000.0
2020-07-22,23.0,1598.0,39633.0,0.040319935407362555,1.8253968253968254,126.82539682539682,17.285714285714285,1229.7142857142858,38412.28571428572,0.03201356708791086,1.3718820861678003,97.59637188208617,17.714285714285715,1133.5,36136.5,0.03136717723077775,1.4058956916099774,89.96031746031746,12600000.0
2020-07-23,19.0,1624.0,39706.0,0.04090061955371984,1.507936507936508,128.88888888888889,16.571428571428573,1282.142857142857,37940.857142857145,0.0337931969305611,1.3151927437641724,101.75736961451247,17.642857142857142,1176.7857142857142,36388.357142857145,0.03233962197484674,1.4002267573696143,93.39569160997732,12600000.0
2020-07-24,19.0,1532.0,44330.0,0.03455898939769907,1.507936507936508,121.58730158730158,16.142857142857142,1303.2857142857142,38032.0,0.03426813510427309,1.2811791383219955,103.43537414965985,17.214285714285715,1192.142857142857,37198.57142857143,0.032048081723568496,1.3662131519274379,94.61451247165532,12600000.0
2020-07-25,12.0,1426.0,38200.0,0.037329842931937175,0.9523809523809523,113.17460317460318,15.428571428571429,1324.7142857142858,36903.57142857143,0.03589664182715572,1.2244897959183674,105.13605442176872,16.428571428571427,1208.642857142857,37616.78571428572,0.03213041290457337,1.3038548752834467,95.92403628117913,12600000.0
2020-07-26,1.0,1541.0,40844.0,0.037728919792380765,0.07936507936507936,122.3015873015873,14.714285714285714,1407.0,38150.857142857145,0.03687990533820622,1.167800453514739,111.66666666666667,15.071428571428571,1250.5714285714287,37756.07142857143,0.033122392803428026,1.1961451247165533,99.25170068027212,12600000.0
2020-07-27,18.0,1231.0,30567.0,0.040272188961952435,1.4285714285714286,97.6984126984127,16.428571428571427,1415.2857142857142,37575.0,0.037665621138675026,1.3038548752834467,112.32426303854874,15.928571428571429,1275.4285714285713,37795.71428571428,0.03374532259893412,1.2641723356009071,101.22448979591834,12600000.0
2020-07-28,30.0,1076.0,28331.0,0.037979598319861634,2.380952380952381,85.39682539682539,17.428571428571427,1432.5714285714287,37373.0,0.03833172152547103,1.3832199546485258,113.69614512471657,16.285714285714285,1301.7857142857142,37787.5,0.03445016776144794,1.292517006802721,103.31632653061223,12600000.0
2020-07-29,14.0,1393.0,38187.0,0.03647838269568178,1.1111111111111112,110.55555555555556,16.142857142857142,1403.2857142857142,37166.42857142857,0.037756808179424596,1.2811791383219955,111.37188208616779,16.714285714285715,1316.5,37789.357142857145,0.03483785117124814,1.3265306122448979,104.48412698412699,12600000.0
2020-07-30,14.0,1772.0,41134.0,0.043078718335197164,1.1111111111111112,140.63492063492063,15.428571428571429,1424.4285714285713,37370.42857142857,0.03811646336102265,1.2244897959183674,113.04988662131518,16.0,1353.2857142857142,37655.642857142855,0.035938457336123025,1.2698412698412698,107.40362811791383,12600000.0
2020-07-31,21.0,1941.0,49782.0,0.03898999638423527,1.6666666666666667,154.04761904761904,15.714285714285714,1482.857142857143,38149.28571428572,0.03886985339549514,1.2471655328798186,117.68707482993197,15.928571428571429,1393.0714285714287,38090.642857142855,0.03657253656222282,1.2641723356009071,110.56122448979593,12600000.0
2020-08-01,8.0,1639.0,39809.0,0.04117159436308372,0.6349206349206349,130.0793650793651,15.142857142857142,1513.2857142857142,38379.142857142855,0.03942989868008665,1.201814058956916,120.10204081632652,15.285714285714286,1419.0,37641.357142857145,0.03769789688014133,1.2131519274376419,112.61904761904762,12600000.0
2020-08-02,13.0,1467.0,38945.0,0.03766850686866093,1.0317460317460319,116.42857142857143,16.857142857142858,1502.7142857142858,38107.857142857145,0.03943318775655564,1.3378684807256236,119.26303854875285,15.785714285714286,1454.857142857143,38129.357142857145,0.038155826687722806,1.2528344671201814,115.46485260770976,12600000.0
2020-08-03,10.0,1298.0,28475.0,0.045583845478489905,0.7936507936507936,103.01587301587301,15.714285714285714,1512.2857142857142,37809.0,0.03999803523726399,1.2471655328798186,120.02267573696145,16.071428571428573,1463.7857142857142,37692.0,0.03883544821940237,1.2755102040816328,116.17346938775509,12600000.0
2020-08-04,17.0,1471.0,42598.0,0.034532137659045024,1.3492063492063493,116.74603174603175,13.857142857142858,1568.7142857142858,39847.142857142855,0.039368300290395446,1.0997732426303857,124.50113378684809,15.642857142857142,1500.642857142857,38610.07142857143,0.03886661696337558,1.2414965986394557,119.0986394557823,12600000.0
2020-08-05,30.0,1759.0,46668.0,0.03769178023485043,2.380952380952381,139.6031746031746,16.142857142857142,1621.0,41058.71428571428,0.0394800477365167,1.2811791383219955,128.65079365079364,16.142857142857142,1512.142857142857,39112.57142857143,0.03866129998392917,1.2811791383219955,120.01133786848072,12600000.0
2020-08-06,19.0,1953.0,41686.0,0.046850261478673896,1.507936507936508,155.0,16.857142857142858,1646.857142857143,41137.57142857143,0.04003292089608735,1.3378684807256236,130.702947845805,16.142857142857142,1535.642857142857,39254.0,0.039120671960637315,1.2811791383219955,121.87641723356009,12600000.0
2020-08-07,21.0,2084.0,46869.0,0.04446435810450404,1.6666666666666667,165.3968253968254,16.857142857142858,1667.2857142857142,40721.42857142857,0.04094369408875636,1.3378684807256236,132.32426303854874,16.285714285714285,1575.0714285714287,39435.357142857145,0.039940589934703265,1.292517006802721,125.00566893424038,12600000.0
2020-08-08,15.0,2190.0,48016.0,0.04560979673442186,1.1904761904761905,173.8095238095238,17.857142857142858,1746.0,41893.857142857145,0.04167675451907371,1.4172335600907031,138.57142857142858,16.5,1629.642857142857,40136.5,0.04060251534495676,1.3095238095238095,129.33673469387756,12600000.0
2020-08-09,8.0,1382.0,41354.0,0.03341877448372588,0.6349206349206349,109.68253968253968,17.142857142857142,1733.857142857143,42238.0,0.041049697970006696,1.3605442176870748,137.6077097505669,17.0,1618.2857142857142,40172.92857142857,0.040282990855604606,1.3492063492063493,128.43537414965985,12600000.0
2020-08-10,1.0,1319.0,32353.0,0.040769016783605845,0.07936507936507936,104.68253968253968,15.857142857142858,1736.857142857143,42792.0,0.0405883609753492,1.2585034013605443,137.84580498866214,15.785714285714286,1624.5714285714287,40300.5,0.040311445976388104,1.2528344671201814,128.9342403628118,12600000.0
2020-08-11,19.0,1549.0,41362.0,0.03744983318021372,1.507936507936508,122.93650793650794,16.142857142857142,1748.0,42615.42857142857,0.04101800823310136,1.2811791383219955,138.73015873015873,15.0,1658.357142857143,41231.28571428572,0.04022084478152859,1.1904761904761905,131.6156462585034,12600000.0
2020-08-12,16.0,1645.0,42098.0,0.039075490522115064,1.2698412698412698,130.55555555555554,14.142857142857142,1731.7142857142858,41962.57142857143,0.04126806882323704,1.1224489795918366,137.43764172335602,15.142857142857142,1676.357142857143,41510.642857142855,0.040383791420100526,1.201814058956916,133.04421768707485,12600000.0
2020-08-13,24.0,1834.0,46006.0,0.03986436551754119,1.9047619047619047,145.55555555555554,14.857142857142858,1714.7142857142858,42579.71428571428,0.04027068557126466,1.179138321995465,136.08843537414967,15.857142857142858,1680.7857142857142,41858.642857142855,0.040153851141853276,1.2585034013605443,133.39569160997732,12600000.0
2020-08-14,25.0,2264.0,49541.0,0.04569952160836479,1.9841269841269842,179.68253968253967,15.428571428571429,1740.4285714285713,42961.42857142857,0.04051142220596548,1.2244897959183674,138.12925170068024,16.142857142857142,1703.857142857143,41841.42857142857,0.040721772679162827,1.2811791383219955,135.22675736961452,12600000.0
2020-08-15,5.0,1828.0,44414.0,0.04115819336245328,0.3968253968253968,145.0793650793651,14.0,1688.7142857142858,42446.857142857145,0.03978420074849896,1.1111111111111112,134.02494331065762,15.928571428571429,1717.357142857143,42170.357142857145,0.040724273143795994,1.2641723356009071,136.2981859410431,12600000.0
2020-08-16,18.0,1562.0,37089.0,0.042114912777373344,1.4285714285714286,123.96825396825396,15.428571428571429,1714.4285714285713,41837.57142857143,0.04097820482614738,1.2244897959183674,136.0657596371882,16.285714285714285,1724.142857142857,42037.78571428572,0.04101412164906062,1.292517006802721,136.83673469387756,12600000.0
2020-08-17,12.0,1773.0,38246.0,0.04635778904983528,0.9523809523809523,140.71428571428572,17.0,1779.2857142857142,42679.42857142857,0.041689539289587484,1.3492063492063493,141.21315192743762,16.428571428571427,1758.0714285714287,42735.71428571428,0.04113822497075047,1.3038548752834467,139.5294784580499,12600000.0
2020-08-18,25.0,1740.0,34175.0,0.05091441111923921,1.9841269841269842,138.0952380952381,17.857142857142858,1806.5714285714287,41652.71428571428,0.04337223778933975,1.4172335600907031,143.37868480725626,17.0,1777.2857142857142,42134.07142857143,0.042181675162788174,1.3492063492063493,141.05442176870747,12600000.0
2020-08-19,25.0,2295.0,50299.0,0.04562714964512217,1.9841269841269842,182.14285714285714,19.142857142857142,1899.4285714285713,42824.28571428572,0.044354004736965,1.5192743764172334,150.74829931972786,16.642857142857142,1815.5714285714287,42393.42857142857,0.04282671842671034,1.320861678004535,144.09297052154196,12600000.0
2020-08-20,27.0,1832.0,51612.0,0.03549562117337053,2.142857142857143,145.3968253968254,19.571428571428573,1899.142857142857,43625.142857142855,0.043533218065597824,1.5532879818594107,150.72562358276645,17.214285714285715,1806.9285714285713,43102.42857142857,0.04192173460560724,1.3662131519274379,143.40702947845804,12600000.0
2020-08-21,24.0,2208.0,51736.0,0.04267821246327509,1.9047619047619047,175.23809523809524,19.428571428571427,1891.142857142857,43938.71428571428,0.043040468704786866,1.5419501133786846,150.0907029478458,17.428571428571427,1815.7857142857142,43450.07142857143,0.041790166381446024,1.3832199546485258,144.109977324263,12600000.0
2020-08-22,17.0,2356.0,56766.0,0.041503717013705387,1.3492063492063493,186.984126984127,21.142857142857142,1966.5714285714287,45703.28571428572,0.04302910387812067,1.6780045351473922,156.07709750566895,17.571428571428573,1827.642857142857,44075.07142857143,0.04146658866122897,1.394557823129252,145.05102040816325,12600000.0
2020-08-23,6.0,1893.0,54351.0,0.03482916597670696,0.47619047619047616,150.23809523809524,19.428571428571427,2013.857142857143,48169.28571428572,0.04180790960451977,1.5419501133786846,159.82993197278913,17.428571428571427,1864.142857142857,45003.42857142857,0.041422240845141955,1.3832199546485258,147.94784580498865,12600000.0
2020-08-24,8.0,1612.0,36155.0,0.04458581109113539,0.6349206349206349,127.93650793650794,18.857142857142858,1990.857142857143,47870.57142857143,0.04158833043862319,1.4965986394557824,158.0045351473923,17.928571428571427,1885.0714285714287,45275.0,0.041636033761931056,1.4229024943310655,149.60884353741497,12600000.0
2020-08-25,29.0,1680.0,40859.0,0.041117012163782767,2.3015873015873014,133.33333333333334,19.428571428571427,1982.2857142857142,48825.42857142857,0.040599453446389176,1.5419501133786846,157.32426303854874,18.642857142857142,1894.4285714285713,45239.07142857143,0.04187593846659098,1.4795918367346939,150.35147392290247,12600000.0
2020-08-26,36.0,2157.0,50362.0,0.042829911441165956,2.857142857142857,171.1904761904762,21.0,1962.5714285714287,48834.42857142857,0.04018827466570716,1.6666666666666667,155.75963718820864,20.071428571428573,1931.0,45829.357142857145,0.04213456440117142,1.5929705215419503,153.25396825396825,12600000.0
2020-08-27,24.0,1707.0,44510.0,0.038350932374747244,1.9047619047619047,135.47619047619048,20.571428571428573,1944.7142857142858,47819.857142857145,0.040667505130863146,1.63265306122449,154.34240362811792,20.071428571428573,1921.9285714285713,45722.5,0.04203463440163095,1.5929705215419503,152.53401360544217,12600000.0
2020-08-28,20.0,2149.0,48383.0,0.0444164272575078,1.5873015873015872,170.55555555555554,20.0,1936.2857142857142,47340.857142857145,0.040900943310821815,1.5873015873015872,153.6734693877551,19.714285714285715,1913.7142857142858,45639.78571428572,0.04193083415628908,1.5646258503401362,151.88208616780045,12600000.0
2020-08-29,11.0,1880.0,48784.0,0.03853722531977698,0.873015873015873,149.20634920634922,19.142857142857142,1868.2857142857142,46200.57142857143,0.040438584556777284,1.5192743764172334,148.2766439909297,20.142857142857142,1917.4285714285713,45951.92857142857,0.04172683565278622,1.598639455782313,152.1768707482993,12600000.0
2020-08-30,11.0,1992.0,43693.0,0.0455908269059117,0.873015873015873,158.0952380952381,19.857142857142858,1882.4285714285713,44678.0,0.04213323271920344,1.5759637188208617,149.39909297052154,19.642857142857142,1948.142857142857,46423.642857142855,0.04196445468826691,1.5589569160997732,154.61451247165533,12600000.0
2020-08-31,6.0,1668.0,47379.0,0.03520547077819287,0.47619047619047616,132.38095238095238,19.571428571428573,1890.4285714285713,46281.42857142857,0.04084637466432077,1.5532879818594107,150.03401360544217,19.214285714285715,1940.642857142857,47076.0,0.041223614095140984,1.5249433106575965,154.01927437641723,12600000.0
2020-09-01,39.0,1492.0,22961.0,0.06497974826880362,3.0952380952380953,118.41269841269842,21.0,1863.5714285714287,43724.57142857143,0.04262069055647038,1.6666666666666667,147.90249433106578,20.214285714285715,1922.9285714285713,46275.0,0.041554372154048,1.604308390022676,152.61337868480723,12600000.0
2020-09-02,26.0,2128.0,32751.0,0.06497511526365607,2.0634920634920637,168.88888888888889,19.571428571428573,1859.4285714285713,41208.71428571428,0.045122217561472784,1.5532879818594107,147.5736961451247,20.285714285714285,1911.0,45021.57142857143,0.042446319383406685,1.6099773242630384,151.66666666666666,12600000.0
2020-09-03,24.0,1360.0,40795.0,0.03333741880132369,1.9047619047619047,107.93650793650794,19.571428571428573,1809.857142857143,40678.0,0.044492284351667806,1.5532879818594107,143.63945578231292,20.071428571428573,1877.2857142857142,44248.92857142857,0.04242556316940684,1.5929705215419503,148.99092970521542,12600000.0
2020-09-04,29.0,5368.0,149273.0,0.035960957440394445,2.3015873015873014,426.031746031746,20.857142857142858,2269.714285714286,55090.857142857145,0.04119947307823958,1.655328798185941,180.1360544217687,20.428571428571427,2103.0,51215.857142857145,0.04106150159967197,1.621315192743764,166.9047619047619,12600000.0
2020-09-05,23.0,2806.0,61935.0,0.04530556228303867,1.8253968253968254,222.6984126984127,22.571428571428573,2402.0,56969.57142857143,0.04216285886952183,1.7913832199546489,190.63492063492063,20.857142857142858,2135.1428571428573,51585.07142857143,0.04139071242926041,1.655328798185941,169.45578231292518,12600000.0
2020-09-06,5.0,1403.0,46496.0,0.03017463867859601,0.3968253968253968,111.34920634920636,21.714285714285715,2317.8571428571427,57370.0,0.0404019024378097,1.7233560090702948,183.95691609977322,20.785714285714285,2100.1428571428573,51024.0,0.04115990234287507,1.649659863945578,166.6780045351474,12600000.0
2020-09-07,8.0,1381.0,28975.0,0.04766177739430544,0.6349206349206349,109.60317460317461,22.0,2276.8571428571427,54740.857142857145,0.041593377628619,1.746031746031746,180.70294784580494,20.785714285714285,2083.6428571428573,50511.142857142855,0.04125115250383226,1.649659863945578,165.36848072562358,12600000.0
2020-09-08,5.0,1392.0,31363.0,0.04438350923062207,0.3968253968253968,110.47619047619048,17.142857142857142,2262.5714285714284,55941.142857142855,0.0404455703443415,1.3605442176870748,179.5691609977324,19.071428571428573,2063.0714285714284,49832.857142857145,0.04139982226299343,1.513605442176871,163.7358276643991,12600000.0
2020-09-09,30.0,1337.0,48029.0,0.027837348268754294,2.380952380952381,106.11111111111111,17.714285714285715,2149.5714285714284,58123.71428571428,0.036982692090270504,1.4058956916099774,170.60090702947844,18.642857142857142,2004.5,49666.21428571428,0.04035942801013049,1.4795918367346939,159.0873015873016,12600000.0
2020-09-10,27.0,1953.0,48982.0,0.03987178963700951,2.142857142857143,155.0,18.142857142857142,2234.285714285714,59293.28571428572,0.03768193459630457,1.439909297052154,177.32426303854874,18.857142857142858,2022.0714285714287,49985.642857142855,0.0404530443741703,1.4965986394557824,160.48185941043084,12600000.0
2020-09-11,32.0,2145.0,56661.0,0.0378567268491555,2.5396825396825395,170.23809523809524,18.571428571428573,1773.857142857143,46063.0,0.03850937070657888,1.4739229024943312,140.78231292517006,19.714285714285715,2021.7857142857142,50576.92857142857,0.039974466053833126,1.5646258503401362,160.45918367346937,12600000.0
2020-09-12,22.0,2121.0,56594.0,0.037477471110011665,1.746031746031746,168.33333333333334,18.428571428571427,1676.0,45300.0,0.036997792494481235,1.4625850340136053,133.015873015873,20.5,2039.0,51134.78571428572,0.03987500820660243,1.626984126984127,161.82539682539684,12600000.0
2020-09-13,14.0,1462.0,46890.0,0.031179355939432715,1.1111111111111112,116.03174603174604,19.714285714285715,1684.4285714285713,45356.28571428572,0.03713770968900199,1.5646258503401362,133.6848072562358,20.714285714285715,2001.142857142857,51363.142857142855,0.03896067775113895,1.6439909297052155,158.82086167800452,12600000.0
2020-09-14,5.0,1373.0,35930.0,0.038213192318396885,0.3968253968253968,108.96825396825396,19.285714285714285,1683.2857142857142,46349.857142857145,0.036316955823565485,1.530612244897959,133.59410430839,20.642857142857142,1980.0714285714287,50545.357142857145,0.03917415051544935,1.6383219954648525,157.14852607709753,12600000.0
2020-09-15,18.0,1466.0,39031.0,0.037559888293920214,1.4285714285714286,116.34920634920636,21.142857142857142,1693.857142857143,47445.28571428572,0.03570127394863858,1.6780045351473922,134.43310657596373,19.142857142857142,1978.2142857142858,51693.21428571428,0.03826835519997789,1.5192743764172334,157.00113378684807,12600000.0
2020-09-16,35.0,1941.0,52311.0,0.037105006595171186,2.7777777777777777,154.04761904761904,21.857142857142858,1780.142857142857,48057.0,0.03704232176671155,1.7346938775510206,141.281179138322,19.785714285714285,1964.857142857143,53090.357142857145,0.03700968026208687,1.5702947845804986,155.94104308390024,12600000.0
2020-09-17,24.0,2056.0,57800.0,0.03557093425605536,1.9047619047619047,163.17460317460316,21.428571428571427,1794.857142857143,49316.71428571428,0.0363944996914984,1.7006802721088432,142.44897959183675,19.785714285714285,2014.5714285714287,54305.0,0.03709734699514646,1.5702947845804986,159.88662131519277,12600000.0
2020-09-18,20.0,2120.0,61918.0,0.034238832003617686,1.5873015873015872,168.25396825396825,19.714285714285715,1791.2857142857142,50067.71428571428,0.035777261651363586,1.5646258503401362,142.16553287981858,19.142857142857142,1782.5714285714287,48065.357142857145,0.0370864076443533,1.5192743764172334,141.47392290249434,12600000.0
2020-09-19,25.0,2529.0,74286.0,0.03404409983038527,1.9841269841269842,200.71428571428572,20.142857142857142,1849.5714285714287,52595.142857142855,0.03516620220226746,1.598639455782313,146.79138321995467,19.285714285714285,1762.7857142857142,48947.57142857143,0.03601375232391509,1.530612244897959,139.90362811791383,12600000.0
2020-09-20,14.0,1402.0,48011.0,0.029201641290537584,1.1111111111111112,111.26984126984127,20.142857142857142,1841.0,52755.28571428572,0.03489697714785519,1.598639455782313,146.11111111111111,19.928571428571427,1762.7142857142858,49055.78571428572,0.03593285195717412,1.5816326530612241,139.8979591836735,12600000.0
2020-09-21,6.0,1477.0,38234.0,0.03863053826437202,0.47619047619047616,117.22222222222223,20.285714285714285,1855.857142857143,53084.42857142857,0.03496048074361327,1.6099773242630384,147.2902494331066,19.785714285714285,1769.5714285714287,49717.142857142855,0.035592782024021614,1.5702947845804986,140.4421768707483,12600000.0
2020-09-22,30.0,1531.0,41829.0,0.03660140094193024,2.380952380952381,121.5079365079365,22.0,1865.142857142857,53484.142857142855,0.034872819447152564,1.746031746031746,148.02721088435374,21.571428571428573,1779.5,50464.71428571428,0.035262262457785215,1.7120181405895694,141.23015873015873,12600000.0
2020-09-23,22.0,1848.0,46391.0,0.03983531288396456,1.746031746031746,146.66666666666666,20.142857142857142,1851.857142857143,52638.42857142857,0.03518070719653485,1.598639455782313,146.97278911564626,21.0,1816.0,50347.71428571428,0.036069164723040344,1.6666666666666667,144.12698412698413,12600000.0
2020-09-24,30.0,2257.0,62071.0,0.03636158592579465,2.380952380952381,179.12698412698413,21.0,1880.5714285714287,53248.57142857143,0.0353168428395128,1.6666666666666667,149.25170068027214,21.214285714285715,1837.7142857142858,51282.642857142855,0.03583501518893193,1.6836734693877553,145.85034013605443,12600000.0
2020-09-25,25.0,2514.0,69793.0,0.03602080437866262,1.9841269841269842,199.52380952380952,21.714285714285715,1936.857142857143,54373.57142857143,0.035621297111254155,1.7233560090702948,153.718820861678,20.714285714285715,1864.0714285714287,52220.642857142855,0.03569606436425661,1.6439909297052155,147.9421768707483,12600000.0
2020-09-26,24.0,2441.0,65217.0,0.037428891240014105,1.9047619047619047,193.73015873015873,21.571428571428573,1924.2857142857142,53078.0,0.03625392279825378,1.7120181405895694,152.72108843537413,20.857142857142858,1886.9285714285713,52836.57142857143,0.03571254758608756,1.655328798185941,149.75623582766437,12600000.0
2020-09-27,14.0,1604.0,50822.0,0.031561134941560744,1.1111111111111112,127.3015873015873,21.571428571428573,1953.142857142857,53479.57142857143,0.03652128850268594,1.7120181405895694,155.01133786848072,20.857142857142858,1897.0714285714287,53117.42857142857,0.03571466992270495,1.655328798185941,150.56122448979593,12600000.0
2020-09-28,13.0,1709.0,41142.0,0.04153905984152448,1.0317460317460319,135.63492063492063,22.571428571428573,1986.2857142857142,53895.0,0.03685473075954568,1.7913832199546489,157.64172335600907,21.428571428571427,1921.0714285714287,53489.71428571428,0.03591478201416561,1.7006802721088432,152.46598639455783,12600000.0
2020-09-29,23.0,1362.0,45624.0,0.029852709100473437,1.8253968253968254,108.0952380952381,21.571428571428573,1962.142857142857,54437.142857142855,0.03604419251561434,1.7120181405895694,155.72562358276645,21.785714285714285,1913.642857142857,53960.642857142855,0.03546367789222039,1.7290249433106575,151.8764172335601,12600000.0
2020-09-30,34.0,2273.0,58546.0,0.03882417244559833,2.6984126984126986,180.3968253968254,23.285714285714285,2022.857142857143,56173.57142857143,0.03601083376778607,1.8480725623582765,160.54421768707485,21.714285714285715,1937.357142857143,54406.0,0.03560925528171788,1.7233560090702948,153.75850340136054,12600000.0
2020-10-01,25.0,2166.0,65615.0,0.03301074449439915,1.9841269841269842,171.9047619047619,22.571428571428573,2009.857142857143,56679.857142857145,0.0354598131359339,1.7913832199546489,159.5124716553288,21.785714285714285,1945.2142857142858,54964.21428571428,0.03539055931196792,1.7290249433106575,154.38208616780045,12600000.0
2020-10-02,47.0,2206.0,72691.0,0.030347635883396843,3.7301587301587302,175.0793650793651,25.714285714285715,1965.857142857143,57093.857142857145,0.03443202546183352,2.0408163265306123,156.0204081632653,23.714285714285715,1951.357142857143,55733.71428571428,0.035012149609366994,1.8820861678004537,154.86961451247166,12600000.0
2020-10-03,31.0,2442.0,71634.0,0.03408995728285451,2.4603174603174605,193.8095238095238,26.714285714285715,1966.0,58010.57142857143,0.033890374660776115,2.120181405895692,156.03174603174602,24.142857142857142,1945.142857142857,55544.28571428572,0.03501967541987089,1.9160997732426304,154.3764172335601,12600000.0
2020-10-04,17.0,1453.0,51656.0,0.02812838779619018,1.3492063492063493,115.31746031746032,27.142857142857142,1944.4285714285713,58129.71428571428,0.0334498215812911,2.1541950113378685,154.31972789115645,24.357142857142858,1948.7857142857142,55804.642857142855,0.03492156950586549,1.933106575963719,154.66553287981858,12600000.0
2020-10-05,13.0,1853.0,38538.0,0.04808241216461674,1.0317460317460319,147.06349206349208,27.142857142857142,1965.0,57757.71428571428,0.034021429419446754,2.1541950113378685,155.95238095238096,24.857142857142858,1975.642857142857,55826.357142857145,0.03538906993496416,1.9727891156462587,156.797052154195,12600000.0
2020-10-06,32.0,1617.0,49513.0,0.0326580897945994,2.5396825396825395,128.33333333333334,28.428571428571427,2001.4285714285713,58313.28571428572,0.03432199964232605,2.256235827664399,158.84353741496597,25.0,1981.7857142857142,56375.21428571428,0.035153493239810304,1.9841269841269842,157.2845804988662,12600000.0
2020-10-07,42.0,2630.0,58820.0,0.044712682760965655,3.3333333333333335,208.73015873015873,29.571428571428573,2052.4285714285716,58352.42857142857,0.03517297602988736,2.3469387755102042,162.89115646258503,26.428571428571427,2037.642857142857,57263.0,0.03558393477713108,2.09750566893424,161.71768707482994,12600000.0
2020-10-08,32.0,3059.0,72491.0,0.04219834186312783,2.5396825396825395,242.77777777777777,30.571428571428573,2180.0,59334.71428571428,0.03674071791266496,2.4263038548752838,173.015873015873,26.571428571428573,2094.9285714285716,58007.28571428572,0.036114921524636065,2.108843537414966,166.2641723356009,12600000.0
2020-10-09,34.0,2818.0,71599.0,0.03935809159345801,2.6984126984126986,223.65079365079364,28.714285714285715,2267.4285714285716,59178.71428571428,0.03831493466521505,2.2789115646258504,179.9546485260771,27.214285714285715,2116.6428571428573,58136.28571428572,0.036408291846252896,2.1598639455782314,167.9875283446712,12600000.0
2020-10-10,31.0,2905.0,66256.0,0.043845085728085,2.4603174603174605,230.55555555555554,28.714285714285715,2333.5714285714284,58410.42857142857,0.0399512807155278,2.2789115646258504,185.20408163265304,27.714285714285715,2149.785714285714,58210.5,0.03693123601902946,2.1995464852607713,170.61791383219955,12600000.0
2020-10-11,9.0,2727.0,64047.0,0.04257810670289006,0.7142857142857143,216.42857142857142,27.571428571428573,2515.5714285714284,60180.57142857143,0.04180039120361578,2.1882086167800456,199.64852607709747,27.357142857142858,2230.0,59155.142857142855,0.03769748313152341,2.171201814058957,176.984126984127,12600000.0
2020-10-12,13.0,2742.0,47579.0,0.05763046722293449,1.0317460317460319,217.61904761904762,27.571428571428573,2642.5714285714284,61472.142857142855,0.04298811308258096,2.1882086167800456,209.72789115646256,27.357142857142858,2303.785714285714,59614.92857142857,0.03864444308652315,2.171201814058957,182.84013605442175,12600000.0
2020-10-13,28.0,2851.0,55993.0,0.05091707892057936,2.2222222222222223,226.26984126984127,27.0,2818.8571428571427,62397.857142857145,0.0451755440319608,2.142857142857143,223.71882086167798,27.714285714285715,2410.1428571428573,60355.57142857143,0.03993240060687971,2.1995464852607713,191.28117913832202,12600000.0
2020-10-14,49.0,2862.0,52669.0,0.054339364711689986,3.888888888888889,227.14285714285714,28.0,2852.0,61519.142857142855,0.04635955358843009,2.2222222222222223,226.34920634920636,28.785714285714285,2452.214285714286,59935.78571428572,0.04091402584432625,2.284580498866213,194.6201814058957,12600000.0
2020-10-15,53.0,4015.0,67086.0,0.05984855260412009,4.2063492063492065,318.6507936507937,31.0,2988.5714285714284,60747.0,0.04919702089932718,2.4603174603174605,237.18820861678003,30.785714285714285,2584.285714285714,60040.857142857145,0.04304211893805646,2.443310657596372,205.1020408163265,12600000.0
2020-10-16,38.0,4554.0,87759.0,0.05189211362937134,3.015873015873016,361.42857142857144,31.571428571428573,3236.5714285714284,63055.57142857143,0.05132887317083117,2.505668934240363,256.8707482993197,30.142857142857142,2752.0,61117.142857142855,0.04502828292272451,2.3922902494331066,218.4126984126984,12600000.0
2020-10-17,27.0,3629.0,77489.0,0.04683245363858096,2.142857142857143,288.015873015873,31.0,3340.0,64660.28571428572,0.051654581527190456,2.4603174603174605,265.07936507936506,29.857142857142858,2836.785714285714,61535.357142857145,0.04610009344221382,2.369614512471655,225.14172335600907,12600000.0
2020-10-18,22.0,4245.0,79296.0,0.05353359564164649,1.746031746031746,336.9047619047619,32.857142857142854,3556.8571428571427,66838.71428571429,0.0532155230822171,2.6077097505668934,282.29024943310657,30.214285714285715,3036.214285714286,63509.642857142855,0.0478071383985559,2.3979591836734695,240.96938775510205,12600000.0
2020-10-19,22.0,3113.0,48684.0,0.06394297921288308,1.746031746031746,247.06349206349208,34.142857142857146,3609.8571428571427,66996.57142857143,0.05388122206680085,2.7097505668934248,286.4965986394557,30.857142857142858,3126.214285714286,64234.357142857145,0.048668881028288154,2.4489795918367347,248.1122448979592,12600000.0
2020-10-20,40.0,3714.0,59077.0,0.06286710564178953,3.1746031746031744,294.76190476190476,35.857142857142854,3733.1428571428573,67437.14285714286,0.0553573698258696,2.845804988662131,296.28117913832205,31.428571428571427,3276.0,64917.5,0.050464050525667194,2.494331065759637,260.0,12600000.0
2020-10-21,67.0,4342.0,66791.0,0.06500875866508961,5.317460317460317,344.6031746031746,38.42857142857143,3944.5714285714284,69454.57142857143,0.056793546449683444,3.049886621315193,313.0612244897959,33.214285714285715,3398.285714285714,65486.857142857145,0.05189263712675171,2.6360544217687076,269.70521541950114,12600000.0
2020-10-22,44.0,4942.0,80977.0,0.06102967509292762,3.492063492063492,392.22222222222223,37.142857142857146,4077.0,71439.0,0.05706966782849704,2.9478458049886624,323.57142857142856,34.07142857142857,3532.785714285714,66093.0,0.05345173791907939,2.704081632653061,280.3798185941043,12600000.0
2020-10-23,31.0,3874.0,82256.0,0.04709686831355767,2.4603174603174605,307.46031746031747,36.142857142857146,3979.8571428571427,70652.85714285714,0.05632974098712012,2.8684807256235834,315.8616780045351,33.857142857142854,3608.214285714286,66854.21428571429,0.05397138122503229,2.6870748299319724,286.36621315192747,12600000.0
2020-10-24,63.0,6161.0,83517.0,0.07376941221547709,5.0,488.968253968254,41.285714285714285,4341.571428571428,71514.0,0.060709391567685046,3.276643990929705,344.5691609977324,36.142857142857146,3840.785714285714,68087.14285714286,0.056409852919577855,2.8684807256235834,304.82426303854874,12600000.0
2020-10-25,24.0,4062.0,72097.0,0.05634076313854945,1.9047619047619047,322.3809523809524,41.57142857142857,4315.428571428572,70485.57142857143,0.06122428298395416,3.299319727891156,342.49433106575964,37.214285714285715,3936.1428571428573,68662.14285714286,0.05732624548774018,2.9535147392290253,312.39229024943313,12600000.0
2020-10-26,17.0,4729.0,57264.0,0.08258242525845208,1.3492063492063493,375.3174603174603,40.857142857142854,4546.285714285715,71711.28571428571,0.06339707437960553,3.242630385487528,360.8163265306123,37.5,4078.0714285714284,69353.92857142857,0.058800871307115164,2.9761904761904763,323.656462585034,12600000.0
2020-10-27,46.0,4000.0,62074.0,0.06443921770789703,3.6507936507936507,317.46031746031747,41.714285714285715,4587.142857142857,72139.42857142857,0.06358718038084979,3.310657596371882,364.0589569160997,38.785714285714285,4160.142857142857,69788.28571428571,0.059610904818246206,3.078231292517007,330.1700680272109,12600000.0
2020-10-28,51.0,6110.0,70752.0,0.0863579828132067,4.0476190476190474,484.92063492063494,39.42857142857143,4839.714285714285,72705.28571428571,0.06656619581598508,3.1292517006802725,384.1043083900226,38.92857142857143,4392.142857142857,71079.92857142857,0.061791604823141756,3.089569160997733,348.5827664399093,12600000.0
2020-10-29,56.0,6363.0,83056.0,0.07661096127913697,4.444444444444445,505.0,41.142857142857146,5042.714285714285,73002.28571428571,0.06907611503358016,3.26530612244898,400.21541950113374,39.142857142857146,4559.857142857143,72220.64285714286,0.06313786422362423,3.1065759637188215,361.8934240362812,12600000.0
2020-10-30,36.0,6943.0,95111.0,0.07299891705480964,2.857142857142857,551.031746031746,41.857142857142854,5481.142857142857,74838.71428571429,0.07323940435717953,3.3219954648526073,435.01133786848067,39.0,4730.5,72745.78571428571,0.06502782193568406,3.0952380952380953,375.43650793650795,12600000.0
2020-10-31,46.0,7899.0,92636.0,0.08526922578695108,3.6507936507936507,626.9047619047619,39.42857142857143,5729.428571428572,76141.42857142857,0.07524719037880637,3.1292517006802725,454.71655328798187,40.357142857142854,5035.5,73827.71428571429,0.06820609372399834,3.2029478458049883,399.64285714285717,12600000.0
2020-11-01,33.0,6980.0,78458.0,0.08896479645160468,2.619047619047619,553.968253968254,40.714285714285715,6146.285714285715,77050.14285714286,0.0797699457310731,3.231292517006803,487.8004535147393,41.142857142857146,5230.857142857143,73767.85714285714,0.07090970709271363,3.26530612244898,415.14739229024946,12600000.0
2020-11-02,20.0,6222.0,68118.0,0.09134149563991896,1.5873015873015872,493.8095238095238,41.142857142857146,6359.571428571428,78600.71428571429,0.0809098426949955,3.26530612244898,504.7278911564626,41.0,5452.928571428572,75156.0,0.07255480030108802,3.253968253968254,432.7721088435374,12600000.0
2020-11-03,68.0,6516.0,82435.0,0.07904409534784983,5.396825396825397,517.1428571428571,44.285714285714285,6719.0,81509.42857142857,0.08243218137778978,3.514739229024943,533.2539682539683,43.0,5653.071428571428,76824.42857142857,0.07358429517396811,3.4126984126984126,448.656462585034,12600000.0
2020-11-04,55.0,7538.0,71857.0,0.10490279304730228,4.365079365079365,598.2539682539683,44.857142857142854,6923.0,81667.28571428571,0.08477078599404203,3.5600907029478455,549.4444444444445,42.142857142857146,5881.357142857143,77186.28571428571,0.07619691877165448,3.3446712018140596,466.7743764172336,12600000.0
2020-11-05,97.0,9935.0,86015.0,0.1155031099226879,7.698412698412699,788.4920634920635,50.714285714285715,7433.285714285715,82090.0,0.09055044115343787,4.024943310657597,589.9433106575964,45.92857142857143,6238.0,77546.14285714286,0.08044242782638171,3.6451247165532883,495.07936507936506,12600000.0
2020-11-06,49.0,18049.0,98401.0,0.18342293269377344,3.888888888888889,1432.4603174603174,52.57142857142857,9019.857142857143,82560.0,0.10925214562569215,4.172335600907029,715.8616780045352,47.214285714285715,7250.5,78699.35714285714,0.09212908800307862,3.747165532879819,575.436507936508,12600000.0
2020-11-07,75.0,12438.0,98418.0,0.12637932085594097,5.9523809523809526,987.1428571428571,56.714285714285715,9668.285714285714,83386.0,0.11594615060424668,4.501133786848072,767.3242630385487,48.07142857142857,7698.857142857143,79763.71428571429,0.09652079534912043,3.815192743764172,611.0204081632653,12600000.0
2020-11-08,42.0,10009.0,90757.0,0.11028350430269841,3.3333333333333335,794.3650793650794,58.0,10101.0,85143.0,0.11863570698706881,4.603174603174603,801.6666666666666,49.357142857142854,8123.642857142857,81096.57142857143,0.10017245752859025,3.9172335600907022,644.7335600907029,12600000.0
2020-11-09,14.0,10573.0,64760.0,0.16326436071649167,1.1111111111111112,839.1269841269841,57.142857142857146,10722.57142857143,84663.28571428571,0.1266496018682411,4.53514739229025,850.997732426304,49.142857142857146,8541.07142857143,81632.0,0.10462896203169626,3.900226757369615,677.8628117913833,12600000.0
2020-11-10,79.0,12623.0,101955.0,0.12380952380952381,6.26984126984127,1001.8253968253969,58.714285714285715,11595.0,87451.85714285714,0.13258723575256917,4.659863945578231,920.2380952380952,51.5,9157.0,84480.64285714286,0.1083916941243514,4.087301587301587,726.7460317460317,12600000.0
2020-11-11,145.0,12657.0,93464.0,0.13542112471111872,11.507936507936508,1004.5238095238095,71.57142857142857,12326.285714285714,90538.57142857143,0.13614402701295422,5.680272108843537,978.2766439909296,58.214285714285715,9624.642857142857,86102.92857142857,0.11178066782198383,4.620181405895692,763.860544217687,12600000.0
2020-11-12,43.0,12702.0,100617.0,0.12624109245952472,3.4126984126984126,1008.0952380952381,63.857142857142854,12721.57142857143,92624.57142857143,0.13734553620452455,5.068027210884353,1009.6485260770976,57.285714285714285,10077.42857142857,87357.28571428571,0.11535876474445667,4.546485260770975,799.7959183673468,12600000.0
2020-11-13,27.0,15415.0,106540.0,0.1446874413365872,2.142857142857143,1223.4126984126983,60.714285714285715,12345.285714285714,93787.28571428571,0.1316306962107261,4.81859410430839,979.7845804988661,56.642857142857146,10682.57142857143,88173.64285714286,0.1211537947442992,4.49546485260771,847.8231292517008,12600000.0
2020-11-14,166.0,11028.0,114370.0,0.09642388738305499,13.174603174603174,875.2380952380952,73.71428571428571,12143.857142857143,96066.14285714286,0.12641141594407426,5.850340136054421,963.7981859410431,65.21428571428571,10906.07142857143,89726.07142857143,0.12154852268611209,5.175736961451247,865.561224489796,12600000.0
2020-11-15,72.0,10631.0,84831.0,0.1253197533920383,5.714285714285714,843.7301587301587,78.0,12232.714285714286,95219.57142857143,0.128468487120745,6.190476190476191,970.8503401360545,68.0,11166.857142857143,90181.28571428571,0.12382676798638934,5.396825396825397,886.2585034013606,12600000.0
2020-11-16,37.0,11632.0,90612.0,0.12837151812122014,2.9365079365079363,923.1746031746031,81.28571428571429,12384.0,98912.71428571429,0.12520129580337064,6.451247165532881,982.8571428571429,69.21428571428571,11553.285714285714,91788.0,0.12586923905396907,5.4931972789115635,916.9274376417233,12600000.0
2020-11-17,95.0,12601.0,94205.0,0.133761477628576,7.5396825396825395,1000.0793650793651,83.57142857142857,12380.857142857143,97805.57142857143,0.1265864199965237,6.63265306122449,982.607709750567,71.14285714285714,11987.92857142857,92628.71428571429,0.12941914031594645,5.64625850340136,951.422902494331,12600000.0
2020-11-18,140.0,8922.0,103569.0,0.0861454682385656,11.11111111111111,708.0952380952381,82.85714285714286,11847.285714285714,99249.14285714286,0.11936914892392017,6.575963718820862,940.2607709750566,77.21428571428571,12086.785714285714,94893.85714285714,0.1273716347738902,6.128117913832199,959.2687074829931,12600000.0
2020-11-19,164.0,14612.0,113447.0,0.12880023270778426,13.015873015873016,1159.6825396825398,100.14285714285714,12120.142857142857,101082.0,0.11990406657112895,7.9478458049886616,961.9160997732425,82.0,12420.857142857143,96853.28571428571,0.12824404511684095,6.507936507936508,985.7823129251701,12600000.0
2020-11-20,125.0,13012.0,116024.0,0.11214921050817073,9.920634920634921,1032.6984126984128,114.14285714285714,11776.857142857143,102436.85714285714,0.1149669901179542,9.058956916099772,934.671201814059,87.42857142857143,12061.07142857143,98112.07142857143,0.12293157460600815,6.938775510204082,957.2278911564628,12600000.0
2020-11-21,127.0,11891.0,120284.0,0.09885770343520335,10.079365079365079,943.7301587301587,108.57142857142857,11900.142857142857,103281.71428571429,0.11522022982909434,8.616780045351474,944.4557823129252,91.14285714285714,12022.0,99673.92857142857,0.12061328546295601,7.233560090702947,954.1269841269841,12600000.0
2020-11-22,75.0,10012.0,92437.0,0.10831160682410723,5.9523809523809526,794.6031746031746,109.0,11811.714285714286,104368.28571428571,0.11317340516686789,8.65079365079365,937.4376417233561,93.5,12022.214285714286,99793.92857142857,0.12047039792715705,7.420634920634921,954.1439909297053,12600000.0
2020-11-23,47.0,8322.0,91562.0,0.09088923352482471,3.7301587301587302,660.4761904761905,110.42857142857143,11338.857142857143,104504.0,0.10850165680602793,8.764172335600907,899.9092970521542,95.85714285714286,11861.42857142857,101708.35714285714,0.11662196602751423,7.607709750566894,941.3832199546484,12600000.0
2020-11-24,125.0,9469.0,97323.0,0.09729457579400552,9.920634920634921,751.5079365079365,114.71428571428571,10891.42857142857,104949.42857142857,0.10377787396923144,9.104308390022675,864.3990929705215,99.14285714285714,11636.142857142857,101377.5,0.11478032953212357,7.8684807256235825,923.5034013605442,12600000.0
2020-11-25,155.0,11378.0,114233.0,0.09960344208766293,12.301587301587302,903.015873015873,116.85714285714286,11242.285714285714,106472.85714285714,0.10558827870282164,9.274376417233562,892.2448979591836,99.85714285714286,11544.785714285714,102861.0,0.11223676334359683,7.925170068027212,916.2528344671201,12600000.0
2020-11-26,131.0,12022.0,107556.0,0.11177433151102681,10.396825396825397,954.1269841269841,112.14285714285714,10872.285714285714,105631.28571428571,0.10292675735949441,8.900226757369614,862.8798185941042,106.14285714285714,11496.214285714286,103356.64285714286,0.11122859613004349,8.424036281179138,912.3979591836736,12600000.0
2020-11-27,66.0,7574.0,77130.0,0.09819784778944639,5.238095238095238,601.1111111111111,103.71428571428571,10095.42857142857,100075.0,0.10087862674422754,8.231292517006802,801.2244897959182,108.92857142857143,10936.142857142857,101255.92857142857,0.10800496337780575,8.645124716553289,867.9478458049887,12600000.0
2020-11-28,108.0,7873.0,79055.0,0.09958889380810827,8.571428571428571,624.8412698412699,101.0,9521.42857142857,94185.14285714286,0.10109268067757123,8.015873015873016,755.6689342403627,104.78571428571429,10710.785714285714,98733.42857142857,0.10848185735327737,8.316326530612246,850.0623582766439,12600000.0
2020-11-29,56.0,7178.0,62740.0,0.11440867070449474,4.444444444444445,569.6825396825396,98.28571428571429,9116.57142857143,89942.71428571429,0.10135975438334559,7.80045351473923,723.5374149659865,103.64285714285714,10464.142857142857,97155.5,0.10770510014505465,8.225623582766438,830.4875283446712,12600000.0
2020-11-30,85.0,6190.0,66980.0,0.09241564646163034,6.746031746031746,491.26984126984127,103.71428571428571,8812.0,86431.0,0.10195415996575302,8.231292517006802,699.3650793650794,107.07142857142857,10075.42857142857,95467.5,0.10553778585831378,8.497732426303855,799.6371882086166,12600000.0
2020-12-01,125.0,12542.0,116081.0,0.10804524426908796,9.920634920634921,995.3968253968254,103.71428571428571,9251.0,89110.71428571429,0.10381467676646226,8.231292517006802,734.2063492063492,109.21428571428571,10071.214285714286,97030.07142857143,0.10379477349069251,8.667800453514738,799.3027210884354,12600000.0
2020-12-02,235.0,9757.0,85507.0,0.11410761692025215,18.650793650793652,774.3650793650794,115.14285714285714,9019.42857142857,85007.0,0.10610218654262085,9.138321995464851,715.8276643990929,116.0,10130.857142857143,95739.92857142857,0.10581642679312037,9.206349206349206,804.0362811791383,12600000.0
2020-12-03,188.0,10959.0,106778.0,0.10263350128303583,14.920634920634921,869.7619047619048,123.28571428571429,8867.57142857143,84895.85714285714,0.10445234581529303,9.784580498866214,703.7755102040818,117.71428571428571,9869.92857142857,95263.57142857143,0.10360653525182012,9.342403628117912,783.3276643990929,12600000.0
2020-12-04,145.0,10526.0,112634.0,0.09345313138128807,11.507936507936508,835.3968253968254,134.57142857142858,9289.285714285714,89967.85714285714,0.10325116112897463,10.680272108843539,737.2448979591836,119.14285714285714,9692.357142857143,95021.42857142857,0.10200180410433737,9.45578231292517,769.2346938775511,12600000.0
2020-12-05,208.0,9887.0,102678.0,0.09629131849081594,16.50793650793651,784.6825396825396,148.85714285714286,9577.0,93342.57142857143,0.10260055892426974,11.814058956916101,760.0793650793651,124.92857142857143,9549.214285714286,93763.85714285714,0.10184323231461408,9.914965986394558,757.8741496598641,12600000.0
2020-12-06,76.0,7598.0,79538.0,0.09552666649903191,6.031746031746032,603.015873015873,151.71428571428572,9637.0,95742.28571428571,0.100655629099547,12.040816326530614,764.8412698412699,125.0,9376.785714285714,92842.5,0.10099669563277286,9.920634920634921,744.1893424036281,12600000.0
2020-12-07,87.0,8691.0,77569.0,0.11204218179943018,6.904761904761905,689.7619047619048,152.0,9994.285714285714,97255.0,0.10276372129233165,12.063492063492063,793.1972789115646,127.85714285714286,9403.142857142857,91843.0,0.10238279299612227,10.147392290249433,746.2811791383219,12600000.0
2020-12-08,145.0,7910.0,95825.0,0.08254630837464128,11.507936507936508,627.7777777777778,154.85714285714286,9332.57142857143,94361.28571428571,0.09890254629244137,12.290249433106577,740.6802721088437,129.28571428571428,9291.785714285714,91736.0,0.10128832425967683,10.260770975056689,737.4433106575963,12600000.0
2020-12-09,178.0,8256.0,92737.0,0.08902595512039424,14.126984126984127,655.2380952380952,146.71428571428572,9118.142857142857,95394.14285714286,0.0955838858031116,11.643990929705216,723.6621315192743,130.92857142857142,9068.785714285714,90200.57142857143,0.10054022464222588,10.391156462585034,719.7448979591836,12600000.0
2020-12-10,196.0,11101.0,114503.0,0.09694942490589767,15.555555555555555,881.031746031746,147.85714285714286,9138.42857142857,96497.71428571429,0.09470098477536107,11.73469387755102,725.2721088435372,135.57142857142858,9003.0,90696.78571428571,0.09926481880362747,10.759637188208618,714.5238095238095,12600000.0
2020-12-11,188.0,9420.0,104448.0,0.09018841911764706,14.920634920634921,747.6190476190476,154.0,8980.42857142857,95328.28571428571,0.09420528759264976,12.222222222222221,712.7324263038547,144.28571428571428,9134.857142857143,92648.07142857143,0.09859738040958373,11.451247165532878,724.9886621315193,12600000.0
2020-12-12,127.0,8737.0,126888.0,0.06885599899123637,10.079365079365079,693.4126984126984,142.42857142857142,8816.142857142857,98786.85714285714,0.08924408683630558,11.303854875283445,699.6938775510204,145.64285714285714,9196.57142857143,96064.71428571429,0.09573308469142082,11.558956916099772,729.8866213151929,12600000.0
2020-12-13,115.0,7216.0,63648.0,0.11337355455002514,9.126984126984127,572.6984126984127,148.0,8761.57142857143,96516.85714285714,0.09077762877839253,11.746031746031745,695.3628117913834,149.85714285714286,9199.285714285714,96129.57142857143,0.09569673075179778,11.89342403628118,730.1020408163264,12600000.0
2020-12-14,103.0,7214.0,92256.0,0.07819545612209504,8.174603174603174,572.5396825396825,150.28571428571428,8550.57142857143,98615.0,0.08670660070548526,11.927437641723355,678.6167800453516,151.14285714285714,9272.42857142857,97935.0,0.0946794156474046,11.995464852607709,735.907029478458,12600000.0
2020-12-15,115.0,7359.0,92922.0,0.07919545425195325,9.126984126984127,584.047619047619,146.0,8471.857142857143,98200.28571428571,0.08627120665927653,11.587301587301587,672.3696145124717,150.42857142857142,8902.214285714286,96280.78571428571,0.09246096424816998,11.93877551020408,706.5249433106577,12600000.0
2020-12-16,146.0,7123.0,93278.0,0.07636312956967345,11.587301587301587,565.3174603174604,141.42857142857142,8310.0,98277.57142857143,0.08455642400605863,11.224489795918366,659.5238095238095,144.07142857142858,8714.07142857143,96835.85714285714,0.08998806522377337,11.434240362811794,691.592970521542,12600000.0
2020-12-17,180.0,8828.0,92015.0,0.09594087920447752,14.285714285714286,700.6349206349206,139.14285714285714,7985.285714285715,95065.0,0.08399816666791894,11.043083900226756,633.7528344671202,143.5,8561.857142857143,95781.35714285714,0.08938959937774947,11.38888888888889,679.5124716553288,12600000.0
2020-12-18,180.0,7377.0,112292.0,0.06569479571118156,14.285714285714286,585.4761904761905,138.0,7693.428571428572,96185.57142857143,0.07998526657547389,10.952380952380953,610.5895691609977,146.0,8336.92857142857,95756.92857142857,0.08706345008977344,11.587301587301587,661.6609977324263,12600000.0
2020-12-19,108.0,7562.0,96851.0,0.07807869820652343,8.571428571428571,600.1587301587301,135.28571428571428,7525.571428571428,91894.57142857143,0.08189353638175424,10.736961451247165,597.2675736961451,138.85714285714286,8170.857142857143,95340.71428571429,0.08570165646515879,11.020408163265307,648.4807256235828,12600000.0
2020-12-20,79.0,6003.0,78079.0,0.07688366910436865,6.26984126984127,476.42857142857144,130.14285714285714,7352.285714285715,93956.14285714286,0.07825231528996052,10.328798185941043,583.514739229025,139.07142857142858,8056.928571428572,95236.5,0.08459916703604786,11.037414965986397,639.4387755102041,12600000.0
2020-12-21,97.0,4699.0,86454.0,0.0543526036967636,7.698412698412699,372.93650793650795,129.28571428571428,6993.0,93127.28571428571,0.07509077437792515,10.260770975056689,555.0,139.78571428571428,7771.785714285715,95871.14285714286,0.0810649115330399,11.09410430839002,616.8083900226758,12600000.0
2020-12-22,115.0,6239.0,84764.0,0.07360436034165448,9.126984126984127,495.1587301587302,129.28571428571428,6833.0,91961.85714285714,0.07430254468855876,10.260770975056689,542.3015873015873,137.64285714285714,7652.428571428572,95081.07142857143,0.0804831966705105,10.924036281179138,607.3356009070295,12600000.0
2020-12-23,133.0,6762.0,82328.0,0.0821348751336119,10.555555555555555,536.6666666666666,127.42857142857143,6781.428571428572,90397.57142857143,0.07501781811458272,10.113378684807257,538.2086167800454,134.42857142857142,7545.714285714285,94337.57142857143,0.0799863105594953,10.668934240362809,598.8662131519274,12600000.0
2020-12-24,96.0,7037.0,94909.0,0.07414470703515999,7.619047619047619,558.4920634920635,115.42857142857143,6525.571428571428,90811.0,0.07185882138255749,9.160997732426305,517.9024943310658,127.28571428571429,7255.428571428572,92938.0,0.07806740592038318,10.102040816326532,575.827664399093,12600000.0
2020-12-25,156.0,5742.0,98958.0,0.05802461650397138,12.380952380952381,455.7142857142857,112.0,6292.0,88906.14285714286,0.07077126279238298,8.88888888888889,499.36507936507934,125.0,6992.714285714285,92545.85714285714,0.07555945237959251,9.920634920634921,554.9773242630384,12600000.0
2020-12-26,66.0,3293.0,57448.0,0.05732140370421947,5.238095238095238,261.3492063492063,106.0,5682.142857142857,83277.14285714286,0.06823172196109377,8.412698412698413,450.96371882086163,120.64285714285714,6603.857142857143,87585.85714285714,0.07539867003968351,9.574829931972788,524.1156462585035,12600000.0
2020-12-27,104.0,3767.0,46226.0,0.08149093583697486,8.253968253968255,298.968253968254,109.57142857142857,5362.714285714285,78726.71428571429,0.06811810113466657,8.696145124716553,425.6122448979591,119.85714285714286,6357.5,86341.42857142857,0.07363209186121544,9.512471655328799,504.56349206349205,12600000.0
2020-12-28,105.0,4453.0,51046.0,0.08723504290248012,8.333333333333334,353.41269841269843,110.71428571428571,5327.571428571428,73668.42857142857,0.07231824448930439,8.786848072562357,422.82312925170066,120.0,6160.285714285715,83397.85714285714,0.07386623500089931,9.523809523809524,488.9115646258504,12600000.0
2020-12-29,105.0,5644.0,66786.0,0.08450872937441979,8.333333333333334,447.93650793650795,109.28571428571429,5242.571428571428,71100.14285714286,0.07373503368488309,8.673469387755103,416.0770975056689,119.28571428571429,6037.785714285715,81531.0,0.07405509210344181,9.467120181405896,479.1893424036282,12600000.0
2020-12-30,178.0,7374.0,74573.0,0.09888297373043863,14.126984126984127,585.2380952380952,115.71428571428571,5330.0,69992.28571428571,0.07615124932135378,9.183673469387754,423.015873015873,121.57142857142857,6055.714285714285,80194.92857142857,0.0755124344343114,9.648526077097506,480.6122448979591,12600000.0
2020-12-31,133.0,8009.0,99426.0,0.08055237060728582,10.555555555555555,635.6349206349206,121.0,5468.857142857143,70637.57142857143,0.07742136418700692,9.603174603174603,434.03628117913837,118.21428571428571,5997.214285714285,80724.28571428571,0.07429256552285557,9.382086167800452,475.969387755102,12600000.0
