date,region,cliAdmissions,testPositivity,positiveTests,totalTests,surge,icu
2020-06-11T00:00:00,1,1.0,6.7,60,944,,
2020-06-11T00:00:00,2,1.0,2.7,70,1913,,
2020-06-11T00:00:00,3,0.0,1.6,12,1843,,
2020-06-11T00:00:00,4,3.0,4.4,31,924,,
2020-06-11T00:00:00,5,0.0,1.6,5,472,,
2020-06-11T00:00:00,6,0.0,1.7,21,1224,,
2020-06-11T00:00:00,7,3.0,5.9,76,1492,,
2020-06-11T00:00:00,8,5.0,7.0,136,2381,,
2020-06-11T00:00:00,9,3.0,5.5,101,1986,,
2020-06-11T00:00:00,10,10.0,7.3,271,5204,,
2020-06-11T00:00:00,11,11.0,8.6,349,5454,,
2020-06-11T00:00:00,14,0.0,1.7,21,1224,,
2020-06-12T00:00:00,1,2.0,5.9,51,1096,,
2020-06-12T00:00:00,2,2.0,2.8,69,1990,,
2020-06-12T00:00:00,3,1.0,1.3,4,1198,,
2020-06-12T00:00:00,4,3.0,4.9,51,627,,
2020-06-12T00:00:00,5,1.0,1.5,13,413,,
2020-06-12T00:00:00,6,1.0,1.6,20,1012,,
2020-06-12T00:00:00,7,4.0,5.4,50,1149,,
2020-06-12T00:00:00,8,7.0,6.5,113,2158,,
2020-06-12T00:00:00,9,4.0,5.3,88,1350,,
2020-06-12T00:00:00,10,15.0,6.6,234,4265,,
2020-06-12T00:00:00,11,16.0,7.7,307,4952,,
2020-06-12T00:00:00,14,0.0,1.6,20,1012,,
2020-06-13T00:00:00,1,2.0,5.8,61,912,0.46989721,0.528735632
2020-06-13T00:00:00,2,2.0,2.7,32,1792,0.472685349,0.492341357
2020-06-13T00:00:00,3,1.0,1.4,12,630,0.424799763,0.55
2020-06-13T00:00:00,4,4.0,4.6,50,1150,0.412314887,0.480916031
2020-06-13T00:00:00,5,1.0,1.3,8,607,0.456405261,0.593103448
2020-06-13T00:00:00,6,1.0,1.6,22,1383,0.437389771,0.621722846
2020-06-13T00:00:00,7,5.0,5.3,59,1092,0.356504065,0.352490421
2020-06-13T00:00:00,8,9.0,6.0,102,2090,0.32049948,0.434913469
2020-06-13T00:00:00,9,5.0,4.8,66,1490,0.391466208,0.523809524
2020-06-13T00:00:00,10,18.0,6.3,271,4683,0.274901084,0.3599836
2020-06-13T00:00:00,11,22.0,7.2,329,5486,0.340851758,0.405074901
2020-06-13T00:00:00,14,0.0,1.6,22,1383,,
2020-06-14T00:00:00,1,3.0,5.6,26,536,0.486417034,0.525862069
2020-06-14T00:00:00,2,3.0,2.4,16,1396,0.477643719,0.486427796
2020-06-14T00:00:00,3,1.0,1.5,11,607,0.448102017,0.552083333
2020-06-14T00:00:00,4,4.0,4.8,54,1005,0.426619828,0.506361323
2020-06-14T00:00:00,5,1.0,1.4,5,493,0.45054425,0.605536332
2020-06-14T00:00:00,6,2.0,1.6,8,904,0.466431095,0.623595506
2020-06-14T00:00:00,7,7.0,5.1,29,858,0.362195122,0.360153257
2020-06-14T00:00:00,8,10.0,5.5,81,1802,0.342525147,0.452219714
2020-06-14T00:00:00,9,6.0,4.5,51,1512,0.416953036,0.54954955
2020-06-14T00:00:00,10,20.0,6.1,237,4357,0.305531696,0.384173842
2020-06-14T00:00:00,11,28.0,6.8,305,4664,0.35595362,0.421229734
2020-06-14T00:00:00,14,0.0,1.6,8,904,,
2020-06-15T00:00:00,1,4.0,5.5,21,549,0.51835536,0.567528736
2020-06-15T00:00:00,2,4.0,2.4,22,970,0.48678375,0.523344191
2020-06-15T00:00:00,3,1.0,1.4,7,778,0.456270382,0.55625
2020-06-15T00:00:00,4,6.0,4.6,6,261,0.423934298,0.486005089
2020-06-15T00:00:00,5,1.0,1.4,5,287,0.480970504,0.584229391
2020-06-15T00:00:00,6,2.0,1.5,9,722,0.48344175,0.593632959
2020-06-15T00:00:00,7,8.0,4.8,52,1232,0.364227642,0.367816092
2020-06-15T00:00:00,8,11.0,5.2,87,2057,0.362296219,0.480812641
2020-06-15T00:00:00,9,7.0,4.4,39,1126,0.432703322,0.567567568
2020-06-15T00:00:00,10,24.0,5.7,195,3825,0.325956425,0.407544075
2020-06-15T00:00:00,11,35.0,6.3,236,4487,0.366352084,0.439755352
2020-06-15T00:00:00,14,0.0,1.5,9,722,,
2020-06-16T00:00:00,1,4.0,5.3,65,1287,0.53671072,0.576149425
2020-06-16T00:00:00,2,4.0,2.3,40,2284,0.475075395,0.555917481
2020-06-16T00:00:00,3,1.0,1.5,8,798,0.442086649,0.56875
2020-06-16T00:00:00,4,7.0,4.5,48,1211,0.392537894,0.460559796
2020-06-16T00:00:00,5,1.0,1.4,6,668,0.481109517,0.525925926
2020-06-16T00:00:00,6,3.0,1.6,32,1265,0.469943737,0.558052434
2020-06-16T00:00:00,7,9.0,4.6,74,1996,0.355691057,0.358237548
2020-06-16T00:00:00,8,13.0,5.0,130,3169,0.366631981,0.486832205
2020-06-16T00:00:00,9,8.0,4.3,75,1887,0.430985109,0.574002574
2020-06-16T00:00:00,10,30.0,5.5,307,6165,0.325355979,0.401394014
2020-06-16T00:00:00,11,41.0,6.2,334,5943,0.357095121,0.440293938
2020-06-16T00:00:00,14,0.0,1.6,32,1265,,
2020-06-17T00:00:00,1,4.0,5.4,46,767,0.537444934,0.593390805
2020-06-17T00:00:00,2,4.0,2.3,51,2667,0.455093003,0.549402823
2020-06-17T00:00:00,3,2.0,0.9,17,1831,0.42899061,0.55
2020-06-17T00:00:00,4,6.0,4.7,58,1142,0.379443586,0.445292621
2020-06-17T00:00:00,5,1.0,1.3,7,775,0.483823529,0.503703704
2020-06-17T00:00:00,6,3.0,1.6,22,1739,0.451670115,0.563670412
2020-06-17T00:00:00,7,10.0,4.2,40,1277,0.365853659,0.342911877
2020-06-17T00:00:00,8,12.0,4.6,101,2807,0.347901492,0.475545523
2020-06-17T00:00:00,9,8.0,4.4,57,1555,0.405784651,0.568854569
2020-06-17T00:00:00,10,28.0,5.3,225,4620,0.312489278,0.380893809
2020-06-17T00:00:00,11,41.0,5.8,233,4870,0.341099651,0.423478795
2020-06-17T00:00:00,14,0.0,1.6,22,1739,,
2020-06-18T00:00:00,1,4.0,5.3,55,975,0.505430847,0.567489115
2020-06-18T00:00:00,2,4.0,2.0,30,1962,0.435167168,0.528773073
2020-06-18T00:00:00,3,2.0,1.1,34,2307,0.41834648,0.539583333
2020-06-18T00:00:00,4,5.0,4.7,46,1322,0.366180982,0.440203562
2020-06-18T00:00:00,5,2.0,1.4,11,725,0.466233117,0.510714286
2020-06-18T00:00:00,6,3.0,1.3,14,2592,0.43450103,0.563670412
2020-06-18T00:00:00,7,9.0,3.7,49,1904,0.365853659,0.331417625
2020-06-18T00:00:00,8,11.0,4.2,80,2295,0.32575889,0.455981941
2020-06-18T00:00:00,9,7.0,4.2,75,1717,0.382875143,0.557271557
2020-06-18T00:00:00,10,26.0,5.2,220,4503,0.294990564,0.350877193
2020-06-18T00:00:00,11,42.0,5.8,299,5108,0.319166296,0.413399197
2020-06-18T00:00:00,14,0.0,1.3,14,2592,,
2020-06-19T00:00:00,1,4.0,5.6,47,679,0.4875,0.565982405
2020-06-19T00:00:00,2,4.0,1.7,34,2043,0.432783433,0.515743757
2020-06-19T00:00:00,3,1.0,1.2,8,1431,0.40994152,0.5125
2020-06-19T00:00:00,4,5.0,4.0,57,1863,0.387034906,0.498727735
2020-06-19T00:00:00,5,2.0,1.3,11,652,0.489535477,0.565517241
2020-06-19T00:00:00,6,3.0,1.2,19,2149,0.41842723,0.556179775
2020-06-19T00:00:00,7,9.0,3.7,65,1592,0.36300813,0.333333333
2020-06-19T00:00:00,8,11.0,4.1,107,2640,0.31870229,0.462001505
2020-06-19T00:00:00,9,7.0,3.9,56,1472,0.374570447,0.553410553
2020-06-19T00:00:00,10,25.0,5.3,311,5020,0.28787099,0.350791717
2020-06-19T00:00:00,11,43.0,5.8,316,5107,0.311674826,0.402906617
2020-06-19T00:00:00,14,0.0,1.2,19,2149,,
2020-06-20T00:00:00,1,4.0,5.2,63,1410,0.497533474,0.571851852
2020-06-20T00:00:00,2,4.0,1.8,36,1529,0.430514385,0.533116178
2020-06-20T00:00:00,3,1.0,1.1,8,723,0.41937372,0.55
2020-06-20T00:00:00,4,5.0,4.0,45,1108,0.374376678,0.526717557
2020-06-20T00:00:00,5,2.0,1.3,10,485,0.51417004,0.593103448
2020-06-20T00:00:00,6,3.0,1.1,12,1044,0.429284038,0.531835206
2020-06-20T00:00:00,7,9.0,3.7,76,1515,0.347154472,0.356321839
2020-06-20T00:00:00,8,11.0,4.3,160,2687,0.3358313,0.47103085
2020-06-20T00:00:00,9,7.0,4.0,81,1557,0.380870561,0.554697555
2020-06-20T00:00:00,10,25.0,5.3,277,4873,0.284697204,0.363232323
2020-06-20T00:00:00,11,41.0,5.6,288,5959,0.311618935,0.409638554
2020-06-20T00:00:00,14,0.0,1.1,12,1044,,
2020-06-21T00:00:00,1,4.0,5.0,22,773,0.517618041,0.608888889
2020-06-21T00:00:00,2,4.0,1.9,32,1243,0.443095866,0.552516411
2020-06-21T00:00:00,3,2.0,1.0,7,711,0.4390744,0.591666667
2020-06-21T00:00:00,4,5.0,3.7,15,478,0.367855773,0.531806616
2020-06-21T00:00:00,5,2.0,1.3,0,234,0.543401907,0.60899654
2020-06-21T00:00:00,6,3.0,1.2,23,1220,0.440857059,0.529962547
2020-06-21T00:00:00,7,8.0,3.7,39,1199,0.354471545,0.38697318
2020-06-21T00:00:00,8,11.0,4.3,91,1857,0.369508139,0.490594432
2020-06-21T00:00:00,9,7.0,3.9,40,1660,0.406071019,0.553410553
2020-06-21T00:00:00,10,25.0,5.3,196,3860,0.300566135,0.381414141
2020-06-21T00:00:00,11,38.0,5.2,144,3978,0.336425709,0.40154321
2020-06-21T00:00:00,14,0.0,1.2,23,1220,,
2020-06-22T00:00:00,1,4.0,5.1,37,651,0.522903453,0.625185185
2020-06-22T00:00:00,2,3.0,1.9,29,1480,0.458846635,0.58213892
2020-06-22T00:00:00,3,2.0,1.0,9,1197,0.450205038,0.5875
2020-06-22T00:00:00,4,4.0,3.7,30,922,0.351361718,0.511450382
2020-06-22T00:00:00,5,2.0,1.3,5,370,0.537157107,0.591695502
2020-06-22T00:00:00,6,3.0,1.3,21,1014,0.459507042,0.558052434
2020-06-22T00:00:00,7,8.0,3.7,46,982,0.369918699,0.417624521
2020-06-22T00:00:00,8,11.0,4.3,90,2252,0.396097046,0.500376223
2020-06-22T00:00:00,9,7.0,4.0,73,1639,0.420962199,0.563706564
2020-06-22T00:00:00,10,25.0,5.4,219,3624,0.313775948,0.410505051
2020-06-22T00:00:00,11,36.0,5.1,206,4426,0.348626578,0.415636588
2020-06-22T00:00:00,14,0.0,1.3,21,1014,,
2020-06-23T00:00:00,1,4.0,4.7,25,989,0.494714588,0.631111111
2020-06-23T00:00:00,2,4.0,2.0,48,2323,0.464117434,0.57
2020-06-23T00:00:00,3,2.0,1.2,45,2091,0.430123312,0.541666667
2020-06-23T00:00:00,4,4.0,4.2,124,2082,0.355444785,0.51653944
2020-06-23T00:00:00,5,2.0,1.5,14,709,0.508551308,0.555172414
2020-06-23T00:00:00,6,4.0,1.2,32,2233,0.447861746,0.556179775
2020-06-23T00:00:00,7,9.0,3.7,39,1168,0.354471545,0.438697318
2020-06-23T00:00:00,8,11.0,4.2,107,2818,0.373417722,0.488337096
2020-06-23T00:00:00,9,8.0,3.8,37,1484,0.407502864,0.562419562
2020-06-23T00:00:00,10,22.0,5.4,241,4860,0.313432836,0.400808081
2020-06-23T00:00:00,11,35.0,4.9,212,5331,0.341202673,0.41924505
2020-06-23T00:00:00,14,0.0,1.2,32,2233,,
2020-06-24T00:00:00,1,3.0,4.5,50,1143,0.470401691,0.622222222
2020-06-24T00:00:00,2,5.0,1.9,48,2656,0.453340595,0.558985667
2020-06-24T00:00:00,3,1.0,1.2,13,2233,0.399646851,0.502083333
2020-06-24T00:00:00,4,3.0,3.8,67,2249,0.33691894,0.488549618
2020-06-24T00:00:00,5,2.0,1.7,22,1188,0.483180428,0.536082474
2020-06-24T00:00:00,6,4.0,1.2,29,2189,0.440933255,0.558052434
2020-06-24T00:00:00,7,9.0,3.8,47,1207,0.317886179,0.408045977
2020-06-24T00:00:00,8,12.0,4.3,100,2700,0.337552743,0.455981941
2020-06-24T00:00:00,9,8.0,3.7,76,2303,0.388029782,0.562419562
2020-06-24T00:00:00,10,21.0,5.2,228,5532,0.302317567,0.393535354
2020-06-24T00:00:00,11,35.0,4.8,301,6571,0.318040089,0.423791822
2020-06-24T00:00:00,14,0.0,1.2,29,2189,,
2020-06-25T00:00:00,1,4.0,4.1,36,1161,0.451726568,0.622222222
2020-06-25T00:00:00,2,4.0,2.1,52,1768,0.4399126,0.510940919
2020-06-25T00:00:00,3,1.0,1.0,14,1667,0.371394938,0.491666667
2020-06-25T00:00:00,4,2.0,3.9,36,846,0.338461538,0.503816794
2020-06-25T00:00:00,5,1.0,2.0,20,428,0.468315301,0.52233677
2020-06-25T00:00:00,6,4.0,1.5,35,1745,0.424612634,0.546816479
2020-06-25T00:00:00,7,9.0,4.2,106,2309,0.300813008,0.385057471
2020-06-25T00:00:00,8,12.0,4.3,123,3008,0.314014752,0.427059713
2020-06-25T00:00:00,9,7.0,3.5,68,2173,0.379725086,0.537966538
2020-06-25T00:00:00,10,22.0,5.3,311,6072,0.284094843,0.371717172
2020-06-25T00:00:00,11,33.0,4.7,347,6933,0.310541945,0.423482032
2020-06-25T00:00:00,14,0.0,1.5,35,1745,,
2020-06-26T00:00:00,1,4.0,3.8,46,1220,0.458773784,0.634074074
2020-06-26T00:00:00,2,5.0,2.5,92,2218,0.443227455,0.497285559
2020-06-26T00:00:00,3,1.0,1.3,29,1373,0.374633001,0.510416667
2020-06-26T00:00:00,4,2.0,4.5,82,1230,0.356673114,0.498727735
2020-06-26T00:00:00,5,1.0,2.1,11,519,0.475180972,0.542955326
2020-06-26T00:00:00,6,4.0,1.6,24,1739,0.433473811,0.559925094
2020-06-26T00:00:00,7,9.0,4.6,108,1671,0.295934959,0.367816092
2020-06-26T00:00:00,8,12.0,4.3,117,3117,0.315614035,0.432042521
2020-06-26T00:00:00,9,8.0,3.4,56,1807,0.394902635,0.528957529
2020-06-26T00:00:00,10,21.0,4.9,251,6451,0.278487614,0.372121212
2020-06-26T00:00:00,11,31.0,4.7,396,7307,0.308285164,0.425868486
2020-06-26T00:00:00,14,0.0,1.6,24,1739,,
2020-06-27T00:00:00,1,5.0,3.6,33,954,0.475334743,0.651851852
2020-06-27T00:00:00,2,5.0,2.7,66,1670,0.443410004,0.479913138
2020-06-27T00:00:00,3,1.0,1.2,7,818,0.381956649,0.55
2020-06-27T00:00:00,4,2.0,4.7,50,826,0.404114907,0.549618321
2020-06-27T00:00:00,5,1.0,2.2,12,331,0.486068111,0.553264605
2020-06-27T00:00:00,6,3.0,1.6,38,2516,0.429433052,0.565543071
2020-06-27T00:00:00,7,9.0,4.7,75,1292,0.309349593,0.377394636
2020-06-27T00:00:00,8,12.0,4.0,81,1771,0.332807571,0.456903127
2020-06-27T00:00:00,9,7.0,3.1,49,2002,0.411206897,0.533505155
2020-06-27T00:00:00,10,21.0,4.8,196,4053,0.281182095,0.382626263
2020-06-27T00:00:00,11,31.0,4.7,327,6716,0.323433806,0.436057392
2020-06-27T00:00:00,14,0.0,1.6,38,2516,,
2020-06-28T00:00:00,1,5.0,3.5,23,993,0.490133897,0.678518519
2020-06-28T00:00:00,2,6.0,2.6,35,2251,0.454296661,0.487513572
2020-06-28T00:00:00,3,1.0,1.3,23,1302,0.409197422,0.595833333
2020-06-28T00:00:00,4,2.0,4.6,65,1622,0.438986355,0.564885496
2020-06-28T00:00:00,5,1.0,2.1,8,819,0.506912442,0.587628866
2020-06-28T00:00:00,6,3.0,1.5,19,1602,0.44592145,0.565543071
2020-06-28T00:00:00,7,9.0,4.6,32,1240,0.327642276,0.385057471
2020-06-28T00:00:00,8,12.0,3.9,79,2249,0.348405188,0.489702517
2020-06-28T00:00:00,9,7.0,3.2,81,2342,0.426758939,0.540645161
2020-06-28T00:00:00,10,21.0,4.6,181,4960,0.301173403,0.408888889
2020-06-28T00:00:00,11,32.0,4.6,241,6672,0.33907792,0.440401506
2020-06-28T00:00:00,14,0.0,1.5,19,1602,,
2020-06-29T00:00:00,1,5.0,3.2,35,1171,0.500704722,0.684444444
2020-06-29T00:00:00,2,5.0,2.6,59,2255,0.453931764,0.471226927
2020-06-29T00:00:00,3,1.0,1.4,14,1038,0.416666667,0.620833333
2020-06-29T00:00:00,4,2.0,4.8,58,1212,0.430528376,0.541984733
2020-06-29T00:00:00,5,1.0,1.9,7,832,0.518575064,0.580756014
2020-06-29T00:00:00,6,3.0,1.4,22,2077,0.44656373,0.531835206
2020-06-29T00:00:00,7,10.0,4.4,53,1532,0.351626016,0.377394636
2020-06-29T00:00:00,8,13.0,3.9,126,3001,0.374518051,0.50877193
2020-06-29T00:00:00,9,7.0,3.1,70,1952,0.428819444,0.524547804
2020-06-29T00:00:00,10,21.0,4.6,283,5097,0.317427206,0.432727273
2020-06-29T00:00:00,11,31.0,4.7,312,6183,0.357458076,0.451480781
2020-06-29T00:00:00,14,0.0,1.4,22,2077,,
2020-06-30T00:00:00,1,5.0,3.4,62,1697,0.490133897,0.69808542
2020-06-30T00:00:00,2,5.0,2.8,83,2696,0.451012589,0.472312704
2020-06-30T00:00:00,3,1.0,1.3,20,796,0.416228838,0.635416667
2020-06-30T00:00:00,4,2.0,4.7,70,1154,0.402745098,0.478371501
2020-06-30T00:00:00,5,1.0,2.1,28,963,0.521428571,0.570446735
2020-06-30T00:00:00,6,2.0,1.5,35,1425,0.440508629,0.496254682
2020-06-30T00:00:00,7,10.0,4.5,95,2287,0.349593496,0.38697318
2020-06-30T00:00:00,8,13.0,3.8,107,3226,0.368734665,0.501144165
2020-06-30T00:00:00,9,7.0,3.2,62,1954,0.419849537,0.494832041
2020-06-30T00:00:00,10,22.0,4.5,288,6624,0.316818774,0.43030303
2020-06-30T00:00:00,11,31.0,4.7,304,7151,0.347749338,0.453056081
2020-06-30T00:00:00,14,0.0,1.5,35,1425,,
2020-07-01T00:00:00,1,5.0,3.1,25,1072,0.498238196,0.691068814
2020-07-01T00:00:00,2,5.0,3.1,80,2431,0.426564496,0.466883822
2020-07-01T00:00:00,3,1.0,1.6,24,1298,0.408508159,0.641666667
2020-07-01T00:00:00,4,3.0,5.1,44,1042,0.358823529,0.417302799
2020-07-01T00:00:00,5,1.0,2.2,9,484,0.514403292,0.553264605
2020-07-01T00:00:00,6,3.0,1.6,39,1826,0.413260672,0.47752809
2020-07-01T00:00:00,7,10.0,4.5,76,1864,0.335365854,0.390804598
2020-07-01T00:00:00,8,12.0,3.9,147,3392,0.353838065,0.485125858
2020-07-01T00:00:00,9,7.0,3.2,57,1742,0.403935185,0.481912145
2020-07-01T00:00:00,10,23.0,4.5,255,6078,0.302824859,0.411407767
2020-07-01T00:00:00,11,29.0,4.6,266,6601,0.329288026,0.435265105
2020-07-01T00:00:00,14,0.0,1.6,39,1826,,
2020-07-02T00:00:00,1,4.0,3.2,37,1098,0.489076815,0.708879185
2020-07-02T00:00:00,2,5.0,3.2,107,2965,0.422733078,0.495114007
2020-07-02T00:00:00,3,2.0,1.8,26,1540,0.407634033,0.5875
2020-07-02T00:00:00,4,3.0,5.2,57,1146,0.355686275,0.419847328
2020-07-02T00:00:00,5,1.0,1.9,8,407,0.516095535,0.549828179
2020-07-02T00:00:00,6,3.0,1.6,45,2368,0.385312783,0.481273408
2020-07-02T00:00:00,7,11.0,4.4,66,1545,0.317886179,0.388888889
2020-07-02T00:00:00,8,12.0,3.8,118,3634,0.333158079,0.468296409
2020-07-02T00:00:00,9,7.0,3.4,95,2090,0.399826037,0.496124031
2020-07-02T00:00:00,10,23.0,4.4,289,6532,0.290656236,0.392871608
2020-07-02T00:00:00,11,30.0,4.5,350,7870,0.314724919,0.414229726
2020-07-02T00:00:00,14,0.0,1.6,45,2368,,
2020-07-03T00:00:00,1,4.0,3.1,36,1051,0.510923185,0.694323144
2020-07-03T00:00:00,2,4.0,3.1,96,2580,0.420361248,0.495114007
2020-07-03T00:00:00,3,3.0,1.7,24,1424,0.417832168,0.535416667
2020-07-03T00:00:00,4,3.0,4.8,45,1127,0.363064833,0.432569975
2020-07-03T00:00:00,5,1.0,2.0,11,301,0.529718457,0.573883162
2020-07-03T00:00:00,6,3.0,1.8,42,1852,0.393432836,0.475655431
2020-07-03T00:00:00,7,10.0,4.3,86,1538,0.319105691,0.390804598
2020-07-03T00:00:00,8,13.0,3.8,107,3017,0.346126884,0.478959449
2020-07-03T00:00:00,9,7.0,3.4,73,2203,0.407902382,0.520671835
2020-07-03T00:00:00,10,22.0,4.4,235,6259,0.291177749,0.393349554
2020-07-03T00:00:00,11,32.0,4.4,431,9385,0.31899088,0.406489676
2020-07-03T00:00:00,14,0.0,1.8,42,1852,,
2020-07-04T00:00:00,1,4.0,3.1,39,1126,0.523255814,0.695778748
2020-07-04T00:00:00,2,5.0,3.0,67,2202,0.443167305,0.512486428
2020-07-04T00:00:00,3,3.0,1.9,23,877,0.437354312,0.491666667
2020-07-04T00:00:00,4,4.0,4.8,74,1286,0.372332016,0.430025445
2020-07-04T00:00:00,5,1.0,2.1,22,567,0.557053942,0.567010309
2020-07-04T00:00:00,6,3.0,1.8,36,1716,0.4237688,0.466292135
2020-07-04T00:00:00,7,10.0,4.3,67,1167,0.320325203,0.381226054
2020-07-04T00:00:00,8,13.0,3.7,104,2550,0.376796355,0.510344828
2020-07-04T00:00:00,9,7.0,3.6,62,1558,0.42852984,0.552971576
2020-07-04T00:00:00,10,22.0,4.3,258,5684,0.304910908,0.409570154
2020-07-04T00:00:00,11,30.0,4.4,334,7220,0.336201824,0.418508694
2020-07-04T00:00:00,14,0.0,1.8,36,1716,,
2020-07-05T00:00:00,1,4.0,3.3,36,970,0.538407329,0.657933042
2020-07-05T00:00:00,2,5.0,3.3,80,2177,0.462408759,0.490770901
2020-07-05T00:00:00,3,3.0,1.8,12,929,0.450379451,0.516666667
2020-07-05T00:00:00,4,4.0,4.8,32,869,0.375841584,0.404580153
2020-07-05T00:00:00,5,1.0,2.4,11,410,0.558762887,0.539792388
2020-07-05T00:00:00,6,3.0,1.9,25,1550,0.457384705,0.468164794
2020-07-05T00:00:00,7,10.0,4.5,46,881,0.329268293,0.377394636
2020-07-05T00:00:00,8,14.0,3.8,86,1902,0.41745531,0.550191571
2020-07-05T00:00:00,9,6.0,3.6,47,1601,0.458224163,0.558139535
2020-07-05T00:00:00,10,23.0,4.4,136,3655,0.324206867,0.435523114
2020-07-05T00:00:00,11,30.0,4.5,236,5332,0.363195057,0.428529325
2020-07-05T00:00:00,14,0.0,1.9,25,1550,,
2020-07-06T00:00:00,1,4.0,3.4,45,1335,0.517618041,0.631732169
2020-07-06T00:00:00,2,6.0,3.3,62,2438,0.492153285,0.467969598
2020-07-06T00:00:00,3,4.0,1.9,35,1560,0.449415205,0.535416667
2020-07-06T00:00:00,4,4.0,4.5,26,1103,0.356831683,0.41475827
2020-07-06T00:00:00,5,1.0,2.6,9,576,0.548337596,0.484320557
2020-07-06T00:00:00,6,3.0,2.1,28,1313,0.468476357,0.47752809
2020-07-06T00:00:00,7,10.0,4.6,52,1307,0.333333333,0.352490421
2020-07-06T00:00:00,8,15.0,3.7,86,2549,0.436207501,0.572413793
2020-07-06T00:00:00,9,7.0,3.7,84,1797,0.461426492,0.554263566
2020-07-06T00:00:00,10,23.0,4.2,191,4853,0.334289439,0.454176805
2020-07-06T00:00:00,11,28.0,4.3,171,5227,0.374374816,0.432066018
2020-07-06T00:00:00,14,0.0,2.1,28,1313,,
2020-07-07T00:00:00,1,3.0,3.2,22,791,0.482381959,0.593886463
2020-07-07T00:00:00,2,5.0,3.3,78,2420,0.470964207,0.447339848
2020-07-07T00:00:00,3,4.0,1.9,21,1215,0.417398946,0.514583333
2020-07-07T00:00:00,4,4.0,4.5,64,1079,0.362563901,0.452926209
2020-07-07T00:00:00,5,2.0,2.2,8,753,0.51203277,0.480836237
2020-07-07T00:00:00,6,3.0,2.1,55,2090,0.445231769,0.503745318
2020-07-07T00:00:00,7,10.0,4.6,62,1664,0.310162602,0.33908046
2020-07-07T00:00:00,8,14.0,3.8,110,3034,0.406239047,0.546360153
2020-07-07T00:00:00,9,5.0,3.8,82,2068,0.433187773,0.543927649
2020-07-07T00:00:00,10,25.0,3.9,211,6856,0.315995137,0.447250509
2020-07-07T00:00:00,11,27.0,4.1,206,6641,0.35701677,0.41290893
2020-07-07T00:00:00,14,0.0,2.1,55,2090,,
2020-07-08T00:00:00,1,4.0,3.4,40,1090,0.453840733,0.589519651
2020-07-08T00:00:00,2,6.0,3.4,103,2890,0.433034899,0.419109663
2020-07-08T00:00:00,3,4.0,1.9,54,2634,0.385294118,0.485416667
2020-07-08T00:00:00,4,4.0,4.5,63,1459,0.364701289,0.503816794
2020-07-08T00:00:00,5,2.0,2.2,26,1287,0.49692623,0.505190311
2020-07-08T00:00:00,6,2.0,2.0,32,2077,0.418757467,0.507490637
2020-07-08T00:00:00,7,9.0,4.4,71,2050,0.290243902,0.312260536
2020-07-08T00:00:00,8,15.0,3.6,126,3506,0.362600771,0.507279693
2020-07-08T00:00:00,9,5.0,3.9,92,2359,0.402037846,0.551679587
2020-07-08T00:00:00,10,25.0,4.1,344,6766,0.290448512,0.420621931
2020-07-08T00:00:00,11,27.0,4.1,305,7705,0.330759047,0.39227822
2020-07-08T00:00:00,14,0.0,2.1,32,1693,,
2020-07-09T00:00:00,1,4.0,3.7,57,1018,0.434460888,0.590975255
2020-07-09T00:00:00,2,5.0,3.3,87,2448,0.394770525,0.431053203
2020-07-09T00:00:00,3,4.0,1.9,20,1547,0.372058824,0.464583333
2020-07-09T00:00:00,4,4.0,4.9,86,1092,0.371406371,0.51653944
2020-07-09T00:00:00,5,2.0,2.8,41,722,0.480286738,0.5395189
2020-07-09T00:00:00,6,3.0,2.1,47,2141,0.391054699,0.488764045
2020-07-09T00:00:00,7,9.0,4.7,123,2130,0.268699187,0.312260536
2020-07-09T00:00:00,8,15.0,3.8,150,3433,0.333683842,0.472030651
2020-07-09T00:00:00,9,6.0,3.9,106,2372,0.380786026,0.547803618
2020-07-09T00:00:00,10,25.0,4.1,328,7423,0.275351014,0.39539663
2020-07-09T00:00:00,11,26.0,4.1,333,7820,0.306192998,0.374889478
2020-07-09T00:00:00,14,0.0,2.2,46,1966,,
2020-07-10T00:00:00,1,4.0,3.6,32,1095,0.433756166,0.590975255
2020-07-10T00:00:00,2,6.0,3.4,121,2835,0.399524593,0.449511401
2020-07-10T00:00:00,3,3.0,2.0,46,1617,0.377352941,0.45
2020-07-10T00:00:00,4,4.0,5.3,97,1527,0.358039216,0.480916031
2020-07-10T00:00:00,5,1.0,3.0,27,441,0.493080472,0.525951557
2020-07-10T00:00:00,6,3.0,2.0,56,3200,0.389241463,0.460674157
2020-07-10T00:00:00,7,9.0,4.7,83,1582,0.265853659,0.295019157
2020-07-10T00:00:00,8,15.0,3.8,99,2862,0.327374693,0.459831676
2020-07-10T00:00:00,9,6.0,3.9,70,2157,0.386899563,0.549095607
2020-07-10T00:00:00,10,26.0,4.4,321,5682,0.267810712,0.375256885
2020-07-10T00:00:00,11,25.0,4.1,388,8672,0.299586777,0.378386337
2020-07-10T00:00:00,14,0.0,2.2,55,2212,,
2020-07-11T00:00:00,1,4.0,3.9,82,1797,0.458421424,0.592430859
2020-07-11T00:00:00,2,6.0,3.7,143,3141,0.421649296,0.493435449
2020-07-11T00:00:00,3,4.0,2.3,68,1658,0.386290085,0.454166667
2020-07-11T00:00:00,4,4.0,5.7,157,2097,0.349411765,0.44783715
2020-07-11T00:00:00,5,1.0,3.1,30,675,0.504864311,0.53125
2020-07-11T00:00:00,6,4.0,1.9,28,2014,0.406769417,0.456928839
2020-07-11T00:00:00,7,9.0,4.4,82,2122,0.262601626,0.298850575
2020-07-11T00:00:00,8,14.0,3.9,174,4046,0.34384858,0.470588235
2020-07-11T00:00:00,9,6.0,3.8,89,2758,0.401164483,0.546511628
2020-07-11T00:00:00,10,27.0,4.3,327,8351,0.282977986,0.371968763
2020-07-11T00:00:00,11,25.0,4.0,374,9036,0.301525022,0.392174169
2020-07-11T00:00:00,14,0.0,2.2,28,1657,,
2020-07-12T00:00:00,1,4.0,3.9,58,1424,0.49119098,0.590975255
2020-07-12T00:00:00,2,6.0,3.7,107,2876,0.438993252,0.518191841
2020-07-12T00:00:00,3,5.0,2.4,49,1953,0.398640662,0.414583333
2020-07-12T00:00:00,4,4.0,6.0,74,1158,0.354117647,0.391857506
2020-07-12T00:00:00,5,1.0,3.1,7,363,0.524808184,0.536585366
2020-07-12T00:00:00,6,4.0,1.9,4,386,0.445149592,0.496254682
2020-07-12T00:00:00,7,9.0,4.4,79,1630,0.274796748,0.300766284
2020-07-12T00:00:00,8,14.0,3.8,101,2795,0.361373992,0.491990847
2020-07-12T00:00:00,9,7.0,3.9,96,2423,0.434061135,0.573643411
2020-07-12T00:00:00,10,26.0,4.3,230,5931,0.300658693,0.384805945
2020-07-12T00:00:00,11,25.0,3.9,301,8147,0.314393939,0.395943563
2020-07-12T00:00:00,14,0.0,2.2,4,385,,
2020-07-13T00:00:00,1,4.0,3.8,29,1116,0.502466526,0.598253275
2020-07-13T00:00:00,2,6.0,3.8,116,3494,0.450245589,0.511111111
2020-07-13T00:00:00,3,5.0,2.7,66,1508,0.395734597,0.4125
2020-07-13T00:00:00,4,4.0,6.6,104,1354,0.355477855,0.435114504
2020-07-13T00:00:00,5,1.0,3.1,14,692,0.538382805,0.567474048
2020-07-13T00:00:00,6,4.0,1.8,15,1511,0.473716012,0.494382022
2020-07-13T00:00:00,7,9.0,4.4,42,1215,0.286585366,0.342911877
2020-07-13T00:00:00,8,13.0,3.7,83,3138,0.385909569,0.510297483
2020-07-13T00:00:00,9,7.0,3.8,70,1960,0.444250364,0.583979328
2020-07-13T00:00:00,10,25.0,4.3,204,4429,0.324232969,0.397605285
2020-07-13T00:00:00,11,27.0,4.0,199,5127,0.332664884,0.402704292
2020-07-13T00:00:00,14,0.0,2.2,9,566,,
2020-07-14T00:00:00,1,4.0,3.9,46,1234,0.477448908,0.598253275
2020-07-14T00:00:00,2,7.0,4.0,172,3683,0.440936309,0.492222222
2020-07-14T00:00:00,3,5.0,2.8,80,2852,0.384251036,0.40625
2020-07-14T00:00:00,4,4.0,6.6,95,1584,0.338509317,0.468193384
2020-07-14T00:00:00,5,1.0,3.6,40,1006,0.527692308,0.586206897
2020-07-14T00:00:00,6,4.0,1.7,58,3012,0.456469166,0.486891386
2020-07-14T00:00:00,7,8.0,4.4,72,1800,0.293902439,0.333333333
2020-07-14T00:00:00,8,14.0,3.7,148,3943,0.37276551,0.499618612
2020-07-14T00:00:00,9,8.0,3.7,82,2384,0.418340611,0.583979328
2020-07-14T00:00:00,10,25.0,4.5,302,6813,0.308892356,0.40957886
2020-07-14T00:00:00,11,27.0,4.1,324,8307,0.323900772,0.407701352
2020-07-14T00:00:00,14,0.0,2.1,56,2400,,
2020-07-15T00:00:00,1,4.0,3.8,46,1535,0.442565187,0.593886463
2020-07-15T00:00:00,2,7.0,4.0,191,5188,0.415169661,0.455555556
2020-07-15T00:00:00,3,6.0,2.8,59,2635,0.358028335,0.429166667
2020-07-15T00:00:00,4,4.0,6.9,132,1978,0.329968944,0.544529262
2020-07-15T00:00:00,5,1.0,4.2,65,1399,0.504110997,0.597269625
2020-07-15T00:00:00,6,4.0,1.7,66,3497,0.412885662,0.475655431
2020-07-15T00:00:00,7,8.0,4.6,91,1886,0.281707317,0.325670498
2020-07-15T00:00:00,8,13.0,3.8,132,3201,0.342436975,0.486590038
2020-07-15T00:00:00,9,9.0,3.7,121,3089,0.397379913,0.581395349
2020-07-15T00:00:00,10,24.0,4.4,352,8021,0.286618131,0.388409371
2020-07-15T00:00:00,11,26.0,4.0,306,7979,0.307560903,0.411228689
2020-07-15T00:00:00,14,0.0,2.1,66,3369,,
2020-07-16T00:00:00,1,4.0,3.6,60,1508,0.417195208,0.572052402
2020-07-16T00:00:00,2,8.0,4.0,187,4778,0.389947378,0.43107221
2020-07-16T00:00:00,3,5.0,3.1,90,2468,0.348864642,0.4125
2020-07-16T00:00:00,4,5.0,6.9,102,1268,0.314677104,0.475826972
2020-07-16T00:00:00,5,1.0,3.8,30,1080,0.483453981,0.610169492
2020-07-16T00:00:00,6,4.0,1.8,102,4690,0.362783661,0.486891386
2020-07-16T00:00:00,7,8.0,4.7,114,1774,0.267073171,0.281609195
2020-07-16T00:00:00,8,14.0,3.7,93,2571,0.315145156,0.474210931
2020-07-16T00:00:00,9,9.0,3.6,101,2790,0.384861718,0.569767442
2020-07-16T00:00:00,10,25.0,4.4,286,6595,0.264950598,0.380189067
2020-07-16T00:00:00,11,27.0,3.9,402,10953,0.27926322,0.402410347
2020-07-16T00:00:00,14,0.0,2.1,96,4072,,
2020-07-17T00:00:00,1,4.0,3.6,36,1208,0.419309373,0.547307132
2020-07-17T00:00:00,2,8.0,4.1,215,4729,0.36566092,0.456896552
2020-07-17T00:00:00,3,6.0,3.2,72,2268,0.353339217,0.3875
2020-07-17T00:00:00,4,5.0,7.1,156,2171,0.308053167,0.430379747
2020-07-17T00:00:00,5,1.0,3.7,54,1300,0.483787957,0.602693603
2020-07-17T00:00:00,6,4.0,2.0,131,4602,0.359649123,0.494382022
2020-07-17T00:00:00,7,8.0,4.7,95,1917,0.254471545,0.287356322
2020-07-17T00:00:00,8,14.0,3.8,173,4185,0.317085954,0.475638051
2020-07-17T00:00:00,9,9.0,3.6,96,2568,0.403784571,0.555555556
2020-07-17T00:00:00,10,24.0,4.4,402,7185,0.266597331,0.370324702
2020-07-17T00:00:00,11,29.0,3.9,445,10215,0.272875817,0.396531452
2020-07-17T00:00:00,14,0.0,2.4,122,3597,,
2020-07-18T00:00:00,1,5.0,3.5,46,1129,0.433403805,0.521106259
2020-07-18T00:00:00,2,8.0,3.9,124,3576,0.380622222,0.493630573
2020-07-18T00:00:00,3,5.0,3.2,73,1702,0.368854872,0.366666667
2020-07-18T00:00:00,4,5.0,6.6,86,1829,0.334260731,0.413157895
2020-07-18T00:00:00,5,2.0,3.8,38,747,0.509994874,0.599326599
2020-07-18T00:00:00,6,4.0,2.2,32,1095,0.379612825,0.498127341
2020-07-18T00:00:00,7,9.0,4.9,73,1427,0.272357724,0.296934866
2020-07-18T00:00:00,8,15.0,3.8,122,2678,0.325122292,0.48878577
2020-07-18T00:00:00,9,9.0,3.8,94,2306,0.412518195,0.533591731
2020-07-18T00:00:00,10,22.0,4.6,323,6176,0.283324666,0.393341554
2020-07-18T00:00:00,11,30.0,3.9,284,7845,0.28446227,0.399764844
2020-07-18T00:00:00,14,0.0,2.5,32,1095,,
2020-07-19T00:00:00,1,5.0,3.5,53,1178,0.450669486,0.529839884
2020-07-19T00:00:00,2,8.0,3.9,109,2818,0.396691306,0.523354565
2020-07-19T00:00:00,3,5.0,3.3,66,2108,0.389411765,0.3625
2020-07-19T00:00:00,4,6.0,6.9,148,1701,0.372996795,0.472375691
2020-07-19T00:00:00,5,2.0,4.6,99,1170,0.526128869,0.585858586
2020-07-19T00:00:00,6,4.0,2.4,115,3397,0.421004843,0.494382022
2020-07-19T00:00:00,7,8.0,4.9,99,1971,0.296747967,0.346743295
2020-07-19T00:00:00,8,14.0,4.0,166,3489,0.349580713,0.498839907
2020-07-19T00:00:00,9,8.0,3.8,95,2090,0.437554585,0.549095607
2020-07-19T00:00:00,10,24.0,4.8,305,6024,0.302912116,0.401561858
2020-07-19T00:00:00,11,31.0,3.9,297,7817,0.313874034,0.423868313
2020-07-19T00:00:00,14,0.0,2.7,115,3397,,
2020-07-20T00:00:00,1,5.0,3.7,29,670,0.450317125,0.528384279
2020-07-20T00:00:00,2,7.0,4.0,52,1696,0.423618444,0.503184713
2020-07-20T00:00:00,3,5.0,3.3,65,1078,0.401116662,0.366666667
2020-07-20T00:00:00,4,7.0,6.9,40,534,0.418707346,0.522222222
2020-07-20T00:00:00,5,2.0,4.8,18,409,0.540733198,0.585858586
2020-07-20T00:00:00,6,4.0,2.5,56,2171,0.444040036,0.479400749
2020-07-20T00:00:00,7,9.0,5.2,83,1386,0.326422764,0.381226054
2020-07-20T00:00:00,8,14.0,4.2,141,3206,0.361586858,0.514307811
2020-07-20T00:00:00,9,8.0,4.0,113,2390,0.445997089,0.568475452
2020-07-20T00:00:00,10,26.0,4.9,328,6107,0.311577851,0.41676942
2020-07-20T00:00:00,11,30.0,3.8,231,6403,0.333853238,0.431216931
2020-07-20T00:00:00,14,0.0,2.7,56,2070,,
2020-07-21T00:00:00,1,5.0,3.9,65,1315,0.441860465,0.540029112
2020-07-21T00:00:00,2,7.0,3.8,147,3951,0.415170715,0.488322718
2020-07-21T00:00:00,3,5.0,3.5,78,2149,0.389964789,0.372340426
2020-07-21T00:00:00,4,7.0,7.0,118,1701,0.40071062,0.517333333
2020-07-21T00:00:00,5,2.0,5.1,29,489,0.524808184,0.545454545
2020-07-21T00:00:00,6,4.0,2.6,82,3111,0.430568216,0.471910112
2020-07-21T00:00:00,7,9.0,5.4,111,1958,0.330894309,0.394636015
2020-07-21T00:00:00,8,13.0,4.2,149,3771,0.358391608,0.497293117
2020-07-21T00:00:00,9,7.0,4.1,126,2769,0.423244975,0.566233766
2020-07-21T00:00:00,10,25.0,5.0,355,6796,0.300407951,0.400082576
2020-07-21T00:00:00,11,31.0,3.9,306,6997,0.322489602,0.427101705
2020-07-21T00:00:00,14,0.0,2.9,79,2107,,
2020-07-22T00:00:00,1,5.0,4.3,71,1389,0.42670895,0.540029112
2020-07-22T00:00:00,2,8.0,3.9,132,3271,0.39000352,0.479277365
2020-07-22T00:00:00,3,4.0,3.7,82,2443,0.394659624,0.404347826
2020-07-22T00:00:00,4,7.0,7.1,148,2039,0.366731141,0.465648855
2020-07-22T00:00:00,5,2.0,5.2,52,910,0.508213552,0.525252525
2020-07-22T00:00:00,6,5.0,2.7,88,3396,0.397564688,0.462546816
2020-07-22T00:00:00,7,9.0,5.7,138,2105,0.324390244,0.379310345
2020-07-22T00:00:00,8,14.0,4.3,145,3085,0.338055264,0.481051817
2020-07-22T00:00:00,9,7.0,4.3,136,2756,0.397260274,0.548302872
2020-07-22T00:00:00,10,25.0,5.2,368,7035,0.284114583,0.392368312
2020-07-22T00:00:00,11,32.0,4.0,401,8234,0.299168152,0.406525573
2020-07-22T00:00:00,14,0.0,3.1,86,2850,,
2020-07-23T00:00:00,1,5.0,4.7,102,1711,0.415785765,0.532751092
2020-07-23T00:00:00,2,8.0,4.0,172,3819,0.37185133,0.478723404
2020-07-23T00:00:00,3,4.0,3.8,96,2260,0.387276459,0.44
2020-07-23T00:00:00,4,6.0,6.9,120,1887,0.329853055,0.458015267
2020-07-23T00:00:00,5,2.0,5.9,89,1423,0.495135689,0.505050505
2020-07-23T00:00:00,6,6.0,2.8,83,3204,0.368645358,0.456928839
2020-07-23T00:00:00,7,10.0,5.6,93,1623,0.301626016,0.350574713
2020-07-23T00:00:00,8,14.0,4.3,158,4013,0.319342427,0.467130704
2020-07-23T00:00:00,9,7.0,4.5,128,2793,0.37007874,0.534120735
2020-07-23T00:00:00,10,24.0,5.3,429,7962,0.271132239,0.379899917
2020-07-23T00:00:00,11,32.0,4.2,451,10554,0.282192188,0.385588235
2020-07-23T00:00:00,14,0.0,3.2,75,2577,,
2020-07-24T00:00:00,1,5.0,4.9,46,1053,0.421775899,0.516739447
2020-07-24T00:00:00,2,9.0,4.1,195,3713,0.372531735,0.469148936
2020-07-24T00:00:00,3,4.0,4.1,82,1580,0.394844757,0.462222222
2020-07-24T00:00:00,4,7.0,7.3,180,1865,0.319830247,0.435114504
2020-07-24T00:00:00,5,2.0,6.0,61,1279,0.498470948,0.535353535
2020-07-24T00:00:00,6,6.0,2.8,95,3197,0.365905632,0.415730337
2020-07-24T00:00:00,7,11.0,5.7,87,1439,0.285772358,0.327586207
2020-07-24T00:00:00,8,14.0,4.5,208,4054,0.321441063,0.459396752
2020-07-24T00:00:00,9,7.0,4.7,141,2463,0.36949548,0.539370079
2020-07-24T00:00:00,10,25.0,5.4,409,6809,0.265230504,0.368530885
2020-07-24T00:00:00,11,29.0,4.3,392,7723,0.279031779,0.387019231
2020-07-24T00:00:00,14,0.0,3.2,86,2605,,
2020-07-25T00:00:00,1,4.0,5.2,85,1322,0.459830867,0.519650655
2020-07-25T00:00:00,2,9.0,4.2,151,3433,0.40638786,0.47183847
2020-07-25T00:00:00,3,4.0,3.9,64,2009,0.383421207,0.475555556
2020-07-25T00:00:00,4,7.0,7.8,150,1901,0.329812207,0.462566845
2020-07-25T00:00:00,5,3.0,6.5,115,1443,0.510152284,0.545454545
2020-07-25T00:00:00,6,6.0,2.9,104,2694,0.385388128,0.4082397
2020-07-25T00:00:00,7,9.0,5.8,128,2157,0.295528455,0.323754789
2020-07-25T00:00:00,8,14.0,4.5,187,3847,0.336656173,0.459396752
2020-07-25T00:00:00,9,7.0,5.1,175,2737,0.379410907,0.543307087
2020-07-25T00:00:00,10,27.0,5.4,390,6931,0.272079038,0.350041771
2020-07-25T00:00:00,11,30.0,4.5,560,10787,0.293143154,0.399570025
2020-07-25T00:00:00,14,0.0,3.3,97,2177,,
2020-07-26T00:00:00,1,4.0,5.1,37,1055,0.483086681,0.537117904
2020-07-26T00:00:00,2,9.0,4.3,123,2917,0.432022571,0.48089172
2020-07-26T00:00:00,3,4.0,4.1,71,1525,0.404866608,0.464444444
2020-07-26T00:00:00,4,6.0,7.6,177,2365,0.334393638,0.433802817
2020-07-26T00:00:00,5,3.0,6.1,37,613,0.519064565,0.552188552
2020-07-26T00:00:00,6,7.0,3.0,100,2346,0.408523592,0.43071161
2020-07-26T00:00:00,7,10.0,6.1,92,1237,0.31097561,0.35440613
2020-07-26T00:00:00,8,14.0,4.5,149,3053,0.364637985,0.466357309
2020-07-26T00:00:00,9,6.0,5.2,101,1947,0.41061534,0.545931759
2020-07-26T00:00:00,10,25.0,5.5,299,4921,0.282302405,0.342105263
2020-07-26T00:00:00,11,30.0,4.7,339,6757,0.311849539,0.416823603
2020-07-26T00:00:00,14,0.0,3.5,100,2346,,
2020-07-27T00:00:00,1,4.0,5.0,35,1019,0.490133897,0.576419214
2020-07-27T00:00:00,2,9.0,4.4,99,2301,0.453039648,0.494692144
2020-07-27T00:00:00,3,4.0,4.1,73,1496,0.416007036,0.506666667
2020-07-27T00:00:00,4,6.0,7.7,116,1337,0.326457755,0.414084507
2020-07-27T00:00:00,5,2.0,6.3,24,316,0.526208651,0.555555556
2020-07-27T00:00:00,6,7.0,3.1,100,2849,0.410350076,0.426966292
2020-07-27T00:00:00,7,10.0,6.2,76,1250,0.320731707,0.379310345
2020-07-27T00:00:00,8,15.0,4.5,109,2926,0.391920252,0.49187935
2020-07-27T00:00:00,9,6.0,5.2,91,1645,0.428113153,0.540682415
2020-07-27T00:00:00,10,24.0,5.6,257,4562,0.291494845,0.350041771
2020-07-27T00:00:00,11,30.0,4.8,290,6396,0.320166629,0.428123038
2020-07-27T00:00:00,14,0.0,3.7,100,2367,,
2020-07-28T00:00:00,1,4.0,5.0,107,2082,0.462297393,0.544395924
2020-07-28T00:00:00,2,9.0,4.4,147,3851,0.43546399,0.491043203
2020-07-28T00:00:00,3,5.0,4.3,94,1894,0.420328061,0.52
2020-07-28T00:00:00,4,6.0,7.7,105,1545,0.323137255,0.390374332
2020-07-28T00:00:00,5,3.0,6.5,48,609,0.521672616,0.552188552
2020-07-28T00:00:00,6,6.0,3.1,77,3049,0.395738204,0.415730337
2020-07-28T00:00:00,7,9.0,6.3,115,1826,0.28495935,0.373563218
2020-07-28T00:00:00,8,15.0,4.7,196,3496,0.376880028,0.500386698
2020-07-28T00:00:00,9,7.0,5.3,81,1749,0.417322835,0.522309711
2020-07-28T00:00:00,10,23.0,5.7,312,5318,0.287113402,0.357560568
2020-07-28T00:00:00,11,29.0,4.8,295,6603,0.311537603,0.430503145
2020-07-28T00:00:00,14,0.0,3.6,73,2329,,
2020-07-29T00:00:00,1,4.0,4.7,41,1371,0.448555321,0.524017467
2020-07-29T00:00:00,2,9.0,4.6,210,4030,0.418559606,0.485355649
2020-07-29T00:00:00,3,5.0,4.5,128,2764,0.40070196,0.546666667
2020-07-29T00:00:00,4,6.0,7.7,155,2209,0.338137904,0.410852713
2020-07-29T00:00:00,5,3.0,6.5,53,851,0.500760264,0.569023569
2020-07-29T00:00:00,6,6.0,3.2,111,3617,0.36651446,0.395131086
2020-07-29T00:00:00,7,9.0,6.0,92,1818,0.266666667,0.340996169
2020-07-29T00:00:00,8,15.0,4.7,165,3704,0.349073102,0.49187935
2020-07-29T00:00:00,9,6.0,5.3,110,2181,0.38291047,0.518372703
2020-07-29T00:00:00,10,26.0,5.6,367,7153,0.27895189,0.357142857
2020-07-29T00:00:00,11,28.0,4.7,372,8906,0.294428327,0.426591052
2020-07-29T00:00:00,14,0.0,3.7,105,2741,,
2020-07-30T00:00:00,1,5.0,4.4,68,1719,0.43447545,0.481804949
2020-07-30T00:00:00,2,9.0,4.8,291,4932,0.393203029,0.491173416
2020-07-30T00:00:00,3,5.0,4.6,111,2401,0.394329144,0.506666667
2020-07-30T00:00:00,4,7.0,7.7,172,2553,0.341549296,0.428940568
2020-07-30T00:00:00,5,3.0,6.8,73,905,0.480080686,0.575757576
2020-07-30T00:00:00,6,5.0,3.2,82,3269,0.367427702,0.438202247
2020-07-30T00:00:00,7,10.0,6.2,159,2415,0.247154472,0.310344828
2020-07-30T00:00:00,8,13.0,4.8,224,4867,0.323889472,0.475638051
2020-07-30T00:00:00,9,6.0,5.5,159,2884,0.358413532,0.510498688
2020-07-30T00:00:00,10,26.0,5.7,495,8518,0.266323024,0.338345865
2020-07-30T00:00:00,11,28.0,4.8,523,10574,0.286543182,0.404671717
2020-07-30T00:00:00,14,0.0,3.7,81,2725,,
2020-07-31T00:00:00,1,6.0,4.4,46,908,0.442634561,0.480349345
2020-07-31T00:00:00,2,10.0,4.8,181,3357,0.401126959,0.485005171
2020-07-31T00:00:00,3,5.0,4.7,137,2432,0.391469471,0.488888889
2020-07-31T00:00:00,4,8.0,7.3,109,1541,0.344800625,0.485788114
2020-07-31T00:00:00,5,3.0,7.4,81,1104,0.470175439,0.575757576
2020-07-31T00:00:00,6,5.0,3.1,120,4395,0.36042618,0.479400749
2020-07-31T00:00:00,7,10.0,6.2,101,1606,0.260162602,0.300766284
2020-07-31T00:00:00,8,13.0,4.7,157,3240,0.326512767,0.461716937
2020-07-31T00:00:00,9,6.0,5.3,116,2722,0.350247886,0.514435696
2020-07-31T00:00:00,10,26.0,5.8,429,6293,0.265815189,0.332080201
2020-07-31T00:00:00,11,30.0,4.8,490,9384,0.2757569,0.39520202
2020-07-31T00:00:00,14,0.0,3.8,115,3105,,
2020-08-01T00:00:00,1,5.0,4.3,72,1318,0.460773873,0.477438137
2020-08-01T00:00:00,2,11.0,5.0,183,3295,0.421200916,0.481977343
2020-08-01T00:00:00,3,5.0,5.2,124,1817,0.416252558,0.471111111
2020-08-01T00:00:00,4,8.0,7.2,157,2147,0.338345865,0.479892761
2020-08-01T00:00:00,5,3.0,7.3,90,1176,0.492175669,0.552188552
2020-08-01T00:00:00,6,5.0,3.1,101,2528,0.391780822,0.486891386
2020-08-01T00:00:00,7,10.0,6.4,126,1830,0.288617886,0.298850575
2020-08-01T00:00:00,8,13.0,4.7,227,4673,0.339104582,0.460943542
2020-08-01T00:00:00,9,7.0,5.0,134,2756,0.367745698,0.509186352
2020-08-01T00:00:00,10,27.0,5.8,359,6442,0.284118254,0.332632464
2020-08-01T00:00:00,11,29.0,4.9,529,9141,0.276723946,0.39614899
2020-08-01T00:00:00,14,0.0,3.7,100,2483,,
2020-08-02T00:00:00,1,5.0,4.4,34,781,0.497692581,0.5356623
2020-08-02T00:00:00,2,12.0,5.2,201,3246,0.454833597,0.482051282
2020-08-02T00:00:00,3,5.0,5.2,73,1365,0.436969874,0.475555556
2020-08-02T00:00:00,4,9.0,7.1,97,1528,0.339192968,0.509859155
2020-08-02T00:00:00,5,3.0,7.2,36,653,0.521672616,0.550675676
2020-08-02T00:00:00,6,5.0,3.0,80,2478,0.409436834,0.498127341
2020-08-02T00:00:00,7,10.0,6.3,69,1063,0.327642276,0.314176245
2020-08-02T00:00:00,8,14.0,4.6,111,2938,0.36586219,0.473317865
2020-08-02T00:00:00,9,8.0,5.0,123,2293,0.398075241,0.534120735
2020-08-02T00:00:00,10,28.0,5.7,226,4416,0.313113907,0.357324301
2020-08-02T00:00:00,11,28.0,4.9,359,6867,0.290857695,0.416982323
2020-08-02T00:00:00,14,0.0,3.6,80,2478,,
2020-08-03T00:00:00,1,5.0,4.5,58,1290,0.514731984,0.593886463
2020-08-03T00:00:00,2,12.0,5.1,134,3577,0.456066209,0.489230769
2020-08-03T00:00:00,3,5.0,5.1,83,2068,0.437847324,0.477777778
2020-08-03T00:00:00,4,9.0,6.9,102,1413,0.324432045,0.509859155
2020-08-03T00:00:00,5,4.0,6.8,31,795,0.544329897,0.589830508
2020-08-03T00:00:00,6,5.0,2.8,76,3532,0.43348554,0.52247191
2020-08-03T00:00:00,7,10.0,6.2,112,1858,0.356097561,0.318007663
2020-08-03T00:00:00,8,15.0,4.6,209,5229,0.384749913,0.495746326
2020-08-03T00:00:00,9,8.0,4.9,144,3138,0.425780111,0.539370079
2020-08-03T00:00:00,10,29.0,5.7,389,7245,0.334372294,0.37084399
2020-08-03T00:00:00,11,28.0,4.9,418,9924,0.312727814,0.425960933
2020-08-03T00:00:00,14,0.0,3.4,76,2781,,
2020-08-04T00:00:00,1,5.0,4.4,80,1580,0.496803977,0.62154294
2020-08-04T00:00:00,2,12.0,5.3,229,4313,0.443564008,0.483076923
2020-08-04T00:00:00,3,5.0,5.1,101,1927,0.411575563,0.466666667
2020-08-04T00:00:00,4,8.0,6.8,99,1669,0.30984819,0.504
2020-08-04T00:00:00,5,3.0,6.5,44,837,0.536749482,0.619047619
2020-08-04T00:00:00,6,6.0,2.9,64,2191,0.411388551,0.539325843
2020-08-04T00:00:00,7,11.0,5.9,113,2408,0.345121951,0.335249042
2020-08-04T00:00:00,8,14.0,4.5,195,4178,0.38440014,0.498066512
2020-08-04T00:00:00,9,9.0,5.1,186,3058,0.418197725,0.556430446
2020-08-04T00:00:00,10,30.0,5.7,439,7334,0.325974026,0.36402387
2020-08-04T00:00:00,11,28.0,4.9,366,8091,0.311240051,0.426100629
2020-08-04T00:00:00,14,0.0,3.4,62,1763,,
2020-08-05T00:00:00,1,5.0,4.7,64,1474,0.442628774,0.573508006
2020-08-05T00:00:00,2,12.0,5.4,264,4998,0.424546575,0.447179487
2020-08-05T00:00:00,3,4.0,5.3,153,2817,0.393806602,0.464444444
2020-08-05T00:00:00,4,8.0,7.1,199,2403,0.309258548,0.44783715
2020-08-05T00:00:00,5,3.0,6.8,100,1256,0.514507772,0.649659864
2020-08-05T00:00:00,6,6.0,3.0,119,3359,0.383795309,0.537453184
2020-08-05T00:00:00,7,10.0,6.2,122,1747,0.341056911,0.33908046
2020-08-05T00:00:00,8,14.0,4.4,166,4102,0.354669465,0.481051817
2020-08-05T00:00:00,9,8.0,5.2,146,2665,0.406532517,0.541994751
2020-08-05T00:00:00,10,29.0,5.8,380,6838,0.303290043,0.3456948
2020-08-05T00:00:00,11,30.0,5.0,378,6758,0.293833222,0.423101067
2020-08-05T00:00:00,14,0.0,3.5,115,2662,,
2020-08-06T00:00:00,1,4.0,4.8,63,1369,0.401208244,0.525473071
2020-08-06T00:00:00,2,13.0,5.2,224,4624,0.41958781,0.426078029
2020-08-06T00:00:00,3,4.0,5.4,185,3483,0.390529085,0.468888889
2020-08-06T00:00:00,4,7.0,7.3,146,1821,0.314814815,0.445292621
2020-08-06T00:00:00,5,3.0,6.9,80,904,0.495075168,0.642857143
2020-08-06T00:00:00,6,8.0,3.2,115,2764,0.367266077,0.479400749
2020-08-06T00:00:00,7,11.0,6.3,179,2501,0.340650407,0.360153257
2020-08-06T00:00:00,8,16.0,4.4,241,5357,0.33823015,0.469450889
2020-08-06T00:00:00,9,8.0,5.3,187,3059,0.391076115,0.541994751
2020-08-06T00:00:00,10,29.0,5.9,556,8520,0.287272727,0.338448423
2020-08-06T00:00:00,11,29.0,5.1,509,9922,0.272335044,0.409290647
2020-08-06T00:00:00,14,0.0,3.8,114,2011,,
2020-08-07T00:00:00,1,3.0,4.7,51,1258,0.405117271,0.50363901
2020-08-07T00:00:00,2,12.0,5.3,309,4845,0.419235512,0.437371663
2020-08-07T00:00:00,3,4.0,5.4,131,2405,0.395729746,0.488888889
2020-08-07T00:00:00,4,7.0,7.3,148,1940,0.319288751,0.463104326
2020-08-07T00:00:00,5,3.0,7.1,74,785,0.505961638,0.623728814
2020-08-07T00:00:00,6,8.0,3.0,147,6305,0.373589509,0.468164794
2020-08-07T00:00:00,7,13.0,6.6,154,1950,0.349186992,0.350574713
2020-08-07T00:00:00,8,16.0,4.6,271,4385,0.330884925,0.47099768
2020-08-07T00:00:00,9,8.0,5.5,174,2998,0.401283173,0.543307087
2020-08-07T00:00:00,10,30.0,5.8,509,8387,0.278259362,0.340298507
2020-08-07T00:00:00,11,27.0,5.1,532,10049,0.272706985,0.402699309
2020-08-07T00:00:00,14,0.0,3.8,141,3765,,
2020-08-08T00:00:00,1,3.0,4.3,45,1393,0.439232409,0.5356623
2020-08-08T00:00:00,2,12.0,5.3,240,4786,0.418883213,0.465092402
2020-08-08T00:00:00,3,4.0,5.4,137,1895,0.388090349,0.514476615
2020-08-08T00:00:00,4,6.0,7.4,165,2185,0.312722949,0.485333333
2020-08-08T00:00:00,5,3.0,7.3,105,1170,0.527705852,0.584459459
2020-08-08T00:00:00,6,9.0,2.8,70,2958,0.385413488,0.43258427
2020-08-08T00:00:00,7,14.0,6.7,158,2110,0.353252033,0.33908046
2020-08-08T00:00:00,8,16.0,4.6,207,4250,0.338929696,0.471771075
2020-08-08T00:00:00,9,8.0,5.6,149,2615,0.414698163,0.552493438
2020-08-08T00:00:00,10,29.0,5.8,413,7601,0.297035799,0.350431034
2020-08-08T00:00:00,11,26.0,4.9,424,9043,0.280368965,0.398305085
2020-08-08T00:00:00,14,0.0,3.7,64,1983,,
2020-08-09T00:00:00,1,4.0,4.1,18,770,0.467306326,0.593886463
2020-08-09T00:00:00,2,12.0,5.4,241,3382,0.421024828,0.489230769
2020-08-09T00:00:00,3,4.0,5.5,106,1603,0.387893036,0.537946429
2020-08-09T00:00:00,4,6.0,7.5,46,566,0.313709677,0.451253482
2020-08-09T00:00:00,5,3.0,7.2,42,820,0.546866908,0.569023569
2020-08-09T00:00:00,6,8.0,2.8,57,2023,0.40018315,0.441947566
2020-08-09T00:00:00,7,15.0,6.7,94,1441,0.357317073,0.333333333
2020-08-09T00:00:00,8,15.0,4.8,190,3509,0.35012242,0.485692189
2020-08-09T00:00:00,9,8.0,5.6,132,2516,0.440361621,0.562992126
2020-08-09T00:00:00,10,31.0,5.9,369,6258,0.316907695,0.358605664
2020-08-09T00:00:00,11,27.0,5.0,486,8805,0.296883136,0.403327056
2020-08-09T00:00:00,14,0.0,3.7,57,2023,,
2020-08-10T00:00:00,1,3.0,3.9,38,1317,0.47050462,0.650655022
2020-08-10T00:00:00,2,12.0,5.5,162,3236,0.417150907,0.500512821
2020-08-10T00:00:00,3,6.0,5.7,113,2028,0.385340006,0.532438479
2020-08-10T00:00:00,4,6.0,7.9,169,1719,0.318419992,0.437325905
2020-08-10T00:00:00,5,3.0,7.4,63,1051,0.554805195,0.595959596
2020-08-10T00:00:00,6,9.0,2.6,76,5586,0.405067155,0.426966292
2020-08-10T00:00:00,7,16.0,6.6,113,1948,0.357317073,0.352490421
2020-08-10T00:00:00,8,15.0,4.9,189,4253,0.357467646,0.492652746
2020-08-10T00:00:00,9,8.0,5.8,162,2744,0.447360747,0.549868766
2020-08-10T00:00:00,10,30.0,5.9,407,7079,0.340483302,0.378687803
2020-08-10T00:00:00,11,26.0,5.1,377,7992,0.300007439,0.414312618
2020-08-10T00:00:00,14,0.0,3.6,76,3095,,
2020-08-11T00:00:00,1,3.0,3.7,50,1310,0.456289979,0.65356623
2020-08-11T00:00:00,2,13.0,5.6,219,3975,0.411681666,0.487179487
2020-08-11T00:00:00,3,6.0,6.1,173,2062,0.379006175,0.489932886
2020-08-11T00:00:00,4,6.0,8.2,105,1357,0.313709996,0.435013263
2020-08-11T00:00:00,5,3.0,7.5,54,891,0.546687533,0.62962963
2020-08-11T00:00:00,6,9.0,2.5,145,6273,0.401709402,0.417602996
2020-08-11T00:00:00,7,17.0,6.6,97,2117,0.330894309,0.360153257
2020-08-11T00:00:00,8,15.0,4.8,145,3208,0.340853445,0.488012374
2020-08-11T00:00:00,9,8.0,5.6,127,2480,0.409932413,0.539370079
2020-08-11T00:00:00,10,28.0,5.9,345,5587,0.331854802,0.371642448
2020-08-11T00:00:00,11,26.0,5.1,272,6027,0.287298162,0.415673981
2020-08-11T00:00:00,14,0.0,3.8,144,2998,,
2020-08-12T00:00:00,1,3.0,3.4,26,1083,0.43374778,0.596797671
2020-08-12T00:00:00,2,13.0,5.5,277,5433,0.404353212,0.461538462
2020-08-12T00:00:00,3,7.0,6.0,168,3311,0.363502792,0.427293065
2020-08-12T00:00:00,4,6.0,8.4,193,1945,0.294483294,0.424936387
2020-08-12T00:00:00,5,2.0,7.5,74,915,0.519896641,0.609427609
2020-08-12T00:00:00,6,9.0,2.4,146,5621,0.38003663,0.406367041
2020-08-12T00:00:00,7,17.0,6.7,155,2201,0.300813008,0.352490421
2020-08-12T00:00:00,8,16.0,4.9,210,4523,0.313396292,0.456303171
2020-08-12T00:00:00,9,7.0,5.7,154,2504,0.380811371,0.528871391
2020-08-12T00:00:00,10,28.0,6.0,428,6962,0.306382979,0.360634082
2020-08-12T00:00:00,11,25.0,5.0,301,6295,0.272794939,0.41859737
2020-08-12T00:00:00,14,0.0,4.0,143,2701,,
2020-08-13T00:00:00,1,2.0,3.4,69,1509,0.422940341,0.541484716
2020-08-13T00:00:00,2,12.0,5.7,286,4960,0.401774623,0.435897436
2020-08-13T00:00:00,3,7.0,6.1,155,2780,0.354772394,0.402684564
2020-08-13T00:00:00,4,6.0,8.5,156,1881,0.291698991,0.422391858
2020-08-13T00:00:00,5,3.0,7.1,65,1133,0.490045942,0.582491582
2020-08-13T00:00:00,6,8.0,2.1,104,7180,0.355311355,0.395131086
2020-08-13T00:00:00,7,17.0,6.8,185,2349,0.286178862,0.323754789
2020-08-13T00:00:00,8,15.0,4.9,176,4058,0.302728227,0.43232792
2020-08-13T00:00:00,9,8.0,5.8,151,2264,0.357803641,0.526246719
2020-08-13T00:00:00,10,29.0,6.0,513,8008,0.282079145,0.33773668
2020-08-13T00:00:00,11,26.0,5.0,522,10431,0.262471106,0.404315197
2020-08-13T00:00:00,14,0.0,3.7,88,2732,,
2020-08-14T00:00:00,1,3.0,3.4,45,1070,0.419595314,0.483260553
2020-08-14T00:00:00,2,12.0,5.6,258,4229,0.406144557,0.44
2020-08-14T00:00:00,3,7.0,6.2,147,2443,0.355653451,0.409395973
2020-08-14T00:00:00,4,5.0,8.9,180,1781,0.293706294,0.422391858
2020-08-14T00:00:00,5,2.0,7.3,98,919,0.479596977,0.521885522
2020-08-14T00:00:00,6,8.0,2.2,163,4422,0.351648352,0.387640449
2020-08-14T00:00:00,7,15.0,6.8,162,2092,0.291056911,0.325670498
2020-08-14T00:00:00,8,14.0,4.8,220,4275,0.310947884,0.443928848
2020-08-14T00:00:00,9,8.0,5.8,165,2703,0.37272456,0.543307087
2020-08-14T00:00:00,10,28.0,6.0,512,8603,0.279000272,0.341259357
2020-08-14T00:00:00,11,27.0,5.0,562,10033,0.260921514,0.394621639
2020-08-14T00:00:00,14,0.0,3.9,159,2981,,
2020-08-15T00:00:00,1,3.0,3.5,37,942,0.430244941,0.480349345
2020-08-15T00:00:00,2,11.0,5.7,218,4088,0.412715326,0.447179487
2020-08-15T00:00:00,3,7.0,6.2,124,1583,0.368220463,0.433035714
2020-08-15T00:00:00,4,6.0,9.4,213,2080,0.324313569,0.429708223
2020-08-15T00:00:00,5,3.0,7.2,106,1247,0.497218007,0.528619529
2020-08-15T00:00:00,6,8.0,2.2,90,4391,0.365995116,0.374531835
2020-08-15T00:00:00,7,14.0,6.7,134,1829,0.308943089,0.329501916
2020-08-15T00:00:00,8,15.0,4.8,178,3342,0.326687653,0.457849961
2020-08-15T00:00:00,9,8.0,5.7,116,2448,0.389137571,0.557742782
2020-08-15T00:00:00,10,29.0,6.1,407,6487,0.286154125,0.356392294
2020-08-15T00:00:00,11,28.0,5.0,339,7876,0.264826864,0.39931207
2020-08-15T00:00:00,14,0.0,3.9,86,2819,,
2020-08-16T00:00:00,1,3.0,3.8,65,1545,0.443734469,0.491994178
2020-08-16T00:00:00,2,12.0,5.5,157,2578,0.439353578,0.460512821
2020-08-16T00:00:00,3,7.0,6.1,76,1520,0.388579795,0.456570156
2020-08-16T00:00:00,4,6.0,9.5,124,1295,0.332252836,0.408839779
2020-08-16T00:00:00,5,3.0,7.1,58,1101,0.520060945,0.538720539
2020-08-16T00:00:00,6,7.0,2.2,103,3498,0.393337408,0.397003745
2020-08-16T00:00:00,7,14.0,7.2,190,1950,0.320731707,0.365900383
2020-08-16T00:00:00,8,15.0,5.1,305,4514,0.340328786,0.473317865
2020-08-16T00:00:00,9,8.0,5.6,99,2391,0.419277828,0.581364829
2020-08-16T00:00:00,10,28.0,6.4,582,7524,0.30843068,0.372224641
2020-08-16T00:00:00,11,27.0,5.1,603,9689,0.280158552,0.419011882
2020-08-16T00:00:00,14,0.0,4.1,100,2077,,
2020-08-17T00:00:00,1,4.0,4.1,63,1260,0.445864395,0.534206696
2020-08-17T00:00:00,2,12.0,5.7,226,3331,0.442905345,0.463589744
2020-08-17T00:00:00,3,6.0,6.0,96,1937,0.396083017,0.462222222
2020-08-17T00:00:00,4,6.0,9.4,162,1685,0.349737797,0.447513812
2020-08-17T00:00:00,5,3.0,7.4,72,940,0.520163349,0.548821549
2020-08-17T00:00:00,6,7.0,2.2,78,5955,0.409981629,0.436329588
2020-08-17T00:00:00,7,15.0,7.5,151,1819,0.327642276,0.37164751
2020-08-17T00:00:00,8,15.0,5.2,204,3765,0.356768101,0.471771075
2020-08-17T00:00:00,9,8.0,5.7,168,2506,0.43360191,0.577427822
2020-08-17T00:00:00,10,28.0,6.4,421,6825,0.32174228,0.383549784
2020-08-17T00:00:00,11,28.0,5.1,349,7483,0.300918665,0.442151345
2020-08-17T00:00:00,14,0.0,4.3,71,1894,,
2020-08-18T00:00:00,1,3.0,4.5,133,2368,0.439119631,0.538573508
2020-08-18T00:00:00,2,12.0,5.8,229,4011,0.426744806,0.45687885
2020-08-18T00:00:00,3,7.0,5.5,93,2016,0.379713534,0.453333333
2020-08-18T00:00:00,4,6.0,9.4,108,1431,0.334644121,0.428571429
2020-08-18T00:00:00,5,3.0,7.5,129,1794,0.496171516,0.538720539
2020-08-18T00:00:00,6,6.0,1.9,123,10453,0.398159509,0.456928839
2020-08-18T00:00:00,7,14.0,7.9,176,2364,0.320731707,0.350574713
2020-08-18T00:00:00,8,16.0,5.2,223,4593,0.344001399,0.450116009
2020-08-18T00:00:00,9,8.0,5.7,120,2140,0.415995225,0.569553806
2020-08-18T00:00:00,10,29.0,6.5,450,6485,0.314316762,0.368306487
2020-08-18T00:00:00,11,30.0,5.1,362,7229,0.291638696,0.434333959
2020-08-18T00:00:00,14,0.0,4.3,97,1993,,
2020-08-19T00:00:00,1,3.0,4.8,64,1169,0.423855165,0.538573508
2020-08-19T00:00:00,2,12.0,5.9,381,6382,0.38536672,0.425488181
2020-08-19T00:00:00,3,6.0,5.7,188,3232,0.354367514,0.448888889
2020-08-19T00:00:00,4,7.0,9.5,235,2278,0.314814815,0.409669211
2020-08-19T00:00:00,5,3.0,7.6,82,926,0.475242471,0.498316498
2020-08-19T00:00:00,6,6.0,1.8,134,7568,0.371629902,0.462546816
2020-08-19T00:00:00,7,15.0,8.0,149,1931,0.306910569,0.32183908
2020-08-19T00:00:00,8,15.0,5.4,250,4431,0.311297657,0.430007734
2020-08-19T00:00:00,9,8.0,5.7,158,2741,0.386153387,0.540682415
2020-08-19T00:00:00,10,29.0,6.5,512,8233,0.294304084,0.351576182
2020-08-19T00:00:00,11,30.0,5.2,469,9348,0.275232775,0.429956223
2020-08-19T00:00:00,14,0.0,4.2,114,2519,,
2020-08-20T00:00:00,1,3.0,4.8,59,1255,0.418175364,0.528384279
2020-08-20T00:00:00,2,12.0,5.9,250,4760,0.361747469,0.410493827
2020-08-20T00:00:00,3,6.0,5.6,83,1629,0.342389717,0.431111111
2020-08-20T00:00:00,4,7.0,9.6,114,1332,0.30941358,0.363867684
2020-08-20T00:00:00,5,3.0,7.7,48,820,0.474463739,0.518518519
2020-08-20T00:00:00,6,6.0,1.9,178,9444,0.344036697,0.434456929
2020-08-20T00:00:00,7,14.0,8.2,234,2520,0.287804878,0.304597701
2020-08-20T00:00:00,8,15.0,5.5,216,4327,0.280517664,0.411446249
2020-08-20T00:00:00,9,9.0,5.5,122,2314,0.37451507,0.528871391
2020-08-20T00:00:00,10,30.0,6.7,654,9009,0.274019741,0.330691325
2020-08-20T00:00:00,11,29.0,5.3,541,9677,0.255642458,0.405878674
2020-08-20T00:00:00,14,0.0,4.5,149,3099,,
2020-08-21T00:00:00,1,3.0,4.9,54,1233,0.419240327,0.537117904
2020-08-21T00:00:00,2,12.0,5.9,256,3734,0.357130172,0.408436214
2020-08-21T00:00:00,3,7.0,5.6,127,2152,0.356704645,0.426666667
2020-08-21T00:00:00,4,7.0,9.4,181,2029,0.314263626,0.404580153
2020-08-21T00:00:00,5,3.0,6.9,59,1149,0.490844354,0.555555556
2020-08-21T00:00:00,6,7.0,1.6,192,13552,0.334961832,0.447565543
2020-08-21T00:00:00,7,15.0,8.2,185,2371,0.269918699,0.300766284
2020-08-21T00:00:00,8,15.0,5.8,331,4586,0.279118573,0.430007734
2020-08-21T00:00:00,9,8.0,5.5,155,2652,0.372127723,0.515748031
2020-08-21T00:00:00,10,31.0,6.7,561,9237,0.277682209,0.339903636
2020-08-21T00:00:00,11,28.0,5.2,491,9908,0.256610801,0.409005629
2020-08-21T00:00:00,14,0.0,4.4,171,3537,,
2020-08-22T00:00:00,1,3.0,5.0,91,1679,0.424920128,0.529839884
2020-08-22T00:00:00,2,12.0,6.4,369,4547,0.352711111,0.428571429
2020-08-22T00:00:00,3,6.0,5.5,122,1802,0.350820633,0.418708241
2020-08-22T00:00:00,4,8.0,9.7,256,2056,0.316745656,0.416445623
2020-08-22T00:00:00,5,3.0,6.7,121,1725,0.500505051,0.612794613
2020-08-22T00:00:00,6,7.0,1.6,218,12724,0.361136572,0.451310861
2020-08-22T00:00:00,7,15.0,8.4,207,2399,0.284146341,0.285440613
2020-08-22T00:00:00,8,15.0,5.7,253,4917,0.301853795,0.464810518
2020-08-22T00:00:00,9,9.0,5.7,147,2119,0.381080275,0.524934383
2020-08-22T00:00:00,10,29.0,6.8,596,8015,0.295182905,0.355091384
2020-08-22T00:00:00,11,30.0,5.4,547,8960,0.259590317,0.405878674
2020-08-22T00:00:00,14,0.0,4.6,122,2880,,
2020-08-23T00:00:00,1,4.0,5.0,37,1008,0.450479233,0.521106259
2020-08-23T00:00:00,2,11.0,6.5,227,3276,0.353955556,0.436344969
2020-08-23T00:00:00,3,6.0,5.5,58,1120,0.372058824,0.413870246
2020-08-23T00:00:00,4,8.0,9.7,125,1319,0.29560744,0.411140584
2020-08-23T00:00:00,5,3.0,7.1,70,878,0.50075188,0.632996633
2020-08-23T00:00:00,6,7.0,1.6,155,6547,0.391503667,0.494382022
2020-08-23T00:00:00,7,15.0,8.3,157,1849,0.302845528,0.300766284
2020-08-23T00:00:00,8,15.0,5.6,189,3319,0.334557538,0.495746326
2020-08-23T00:00:00,9,8.0,5.8,94,2162,0.387048642,0.530183727
2020-08-23T00:00:00,10,30.0,6.8,467,6342,0.321017839,0.378728923
2020-08-23T00:00:00,11,31.0,5.3,444,7967,0.265549348,0.427767355
2020-08-23T00:00:00,14,0.0,4.6,107,2232,,
2020-08-24T00:00:00,1,4.0,4.9,57,1360,0.477813277,0.516739447
2020-08-24T00:00:00,2,11.0,6.4,193,2924,0.3504,0.445128205
2020-08-24T00:00:00,3,7.0,5.7,111,1844,0.369026549,0.415730337
2020-08-24T00:00:00,4,8.0,10.0,181,1545,0.27700831,0.408488064
2020-08-24T00:00:00,5,3.0,7.1,62,704,0.504247876,0.602693603
2020-08-24T00:00:00,6,8.0,1.7,150,8082,0.432457213,0.479400749
2020-08-24T00:00:00,7,14.0,8.3,137,1631,0.317479675,0.310344828
2020-08-24T00:00:00,8,15.0,5.5,211,4087,0.362539349,0.51121423
2020-08-24T00:00:00,9,8.0,5.8,160,2458,0.396299612,0.530183727
2020-08-24T00:00:00,10,31.0,6.7,319,5702,0.341032609,0.384715026
2020-08-24T00:00:00,11,29.0,5.5,477,7758,0.273668529,0.427767355
2020-08-24T00:00:00,14,0.0,4.7,91,2012,,
2020-08-25T00:00:00,1,3.0,5.1,108,1570,0.474618388,0.521106259
2020-08-25T00:00:00,2,11.0,6.4,226,4197,0.363700941,0.444102564
2020-08-25T00:00:00,3,6.0,5.7,117,2388,0.375147232,0.378378378
2020-08-25T00:00:00,4,9.0,10.4,149,1332,0.271350932,0.399491094
2020-08-25T00:00:00,5,4.0,7.6,122,1184,0.486756622,0.562289562
2020-08-25T00:00:00,6,8.0,1.7,134,9445,0.424686832,0.479400749
2020-08-25T00:00:00,7,16.0,8.4,186,2232,0.298373984,0.325670498
2020-08-25T00:00:00,8,15.0,5.7,257,4147,0.346100035,0.486465584
2020-08-25T00:00:00,9,8.0,5.9,150,2236,0.370038794,0.50656168
2020-08-25T00:00:00,10,31.0,6.7,543,7736,0.329347826,0.368739206
2020-08-25T00:00:00,11,28.0,5.5,373,7045,0.264208566,0.428705441
2020-08-25T00:00:00,14,0.0,4.7,134,2607,,
2020-08-26T00:00:00,1,4.0,5.1,53,897,0.450479233,0.522561863
2020-08-26T00:00:00,2,11.0,6.4,193,3455,0.364233706,0.438974359
2020-08-26T00:00:00,3,7.0,5.6,79,1432,0.353511607,0.364864865
2020-08-26T00:00:00,4,8.0,10.4,59,658,0.282061217,0.402035623
2020-08-26T00:00:00,5,4.0,6.9,37,1097,0.473290065,0.525252525
2020-08-26T00:00:00,6,9.0,1.6,216,15760,0.407271616,0.445692884
2020-08-26T00:00:00,7,15.0,8.3,98,1454,0.280081301,0.289272031
2020-08-26T00:00:00,8,15.0,5.9,185,2592,0.317943337,0.460170147
2020-08-26T00:00:00,9,9.0,6.1,140,1865,0.3506416,0.48687664
2020-08-26T00:00:00,10,32.0,6.9,428,5387,0.305797101,0.342400691
2020-08-26T00:00:00,11,30.0,5.6,323,5935,0.251173184,0.405878674
2020-08-26T00:00:00,14,0.0,4.7,125,2700,,
2020-08-27T00:00:00,1,3.0,5.0,34,892,0.425275115,0.522561863
2020-08-27T00:00:00,2,11.0,6.6,282,4322,0.380749423,0.432820513
2020-08-27T00:00:00,3,8.0,5.5,82,1814,0.350452291,0.355855856
2020-08-27T00:00:00,4,10.0,10.5,179,1846,0.286101432,0.37084399
2020-08-27T00:00:00,5,4.0,7.2,80,909,0.459850374,0.545454545
2020-08-27T00:00:00,6,9.0,1.7,246,12533,0.378403181,0.449438202
2020-08-27T00:00:00,7,14.0,8.5,231,2199,0.268699187,0.27394636
2020-08-27T00:00:00,8,16.0,5.9,175,3582,0.296782092,0.440061872
2020-08-27T00:00:00,9,9.0,6.4,147,2102,0.33213966,0.489501312
2020-08-27T00:00:00,10,32.0,6.8,462,6949,0.28423913,0.327720207
2020-08-27T00:00:00,11,30.0,5.6,479,8410,0.232402235,0.392120075
2020-08-27T00:00:00,14,0.0,4.9,150,2319,,
2020-08-28T00:00:00,1,4.0,5.4,87,1320,0.429889954,0.506550218
2020-08-28T00:00:00,2,10.0,6.7,361,4712,0.38330373,0.427104723
2020-08-28T00:00:00,3,7.0,5.3,113,2480,0.362739408,0.367117117
2020-08-28T00:00:00,4,9.0,10.4,160,1869,0.299496319,0.406649616
2020-08-28T00:00:00,5,5.0,7.4,79,1208,0.465371201,0.555555556
2020-08-28T00:00:00,6,7.0,1.7,142,8808,0.376722818,0.426966292
2020-08-28T00:00:00,7,15.0,8.8,210,2184,0.262195122,0.256704981
2020-08-28T00:00:00,8,15.0,5.6,222,3981,0.308149703,0.447022428
2020-08-28T00:00:00,9,9.0,6.2,122,2487,0.344673232,0.503937008
2020-08-28T00:00:00,10,32.0,6.9,456,7224,0.271105072,0.329879102
2020-08-28T00:00:00,11,31.0,5.6,394,8267,0.231359404,0.37742339
2020-08-28T00:00:00,14,0.0,5.1,94,1486,,
2020-08-29T00:00:00,1,3.0,5.5,71,1053,0.446929357,0.500727802
2020-08-29T00:00:00,2,11.0,6.8,426,5171,0.405400604,0.432682425
2020-08-29T00:00:00,3,7.0,5.1,63,1131,0.376122863,0.367117117
2020-08-29T00:00:00,4,9.0,9.6,141,1812,0.298913043,0.40874036
2020-08-29T00:00:00,5,5.0,6.9,110,2084,0.475074776,0.579124579
2020-08-29T00:00:00,6,8.0,1.9,259,5737,0.385771236,0.441947566
2020-08-29T00:00:00,7,16.0,8.8,148,1682,0.27398374,0.266283525
2020-08-29T00:00:00,8,15.0,5.9,218,3155,0.331059811,0.461716937
2020-08-29T00:00:00,9,9.0,6.1,163,2575,0.363772008,0.502624672
2020-08-29T00:00:00,10,33.0,6.7,612,9727,0.270380435,0.343696028
2020-08-29T00:00:00,11,29.0,5.6,526,8880,0.242011173,0.384615385
2020-08-29T00:00:00,14,0.0,5.5,259,4053,,
2020-08-30T00:00:00,1,3.0,5.8,62,1000,0.461483848,0.471615721
2020-08-30T00:00:00,2,11.0,7.1,406,4548,0.431414357,0.439300412
2020-08-30T00:00:00,3,7.0,5.0,68,1660,0.384346814,0.360986547
2020-08-30T00:00:00,4,10.0,9.6,109,1159,0.3003108,0.401534527
2020-08-30T00:00:00,5,5.0,6.9,77,1024,0.490274314,0.572390572
2020-08-30T00:00:00,6,8.0,1.7,199,17695,0.40907697,0.475655431
2020-08-30T00:00:00,7,16.0,8.8,184,2208,0.285772358,0.279693487
2020-08-30T00:00:00,8,14.0,5.9,172,3028,0.360440714,0.484145398
2020-08-30T00:00:00,9,10.0,6.5,103,1535,0.394509102,0.488188976
2020-08-30T00:00:00,10,30.0,6.6,358,5327,0.286956522,0.358376511
2020-08-30T00:00:00,11,30.0,5.7,492,7882,0.262495345,0.386804253
2020-08-30T00:00:00,14,0.0,5.4,120,2719,,
2020-08-31T00:00:00,1,4.0,6.3,60,796,0.464323749,0.465793304
2020-08-31T00:00:00,2,12.0,7.0,115,2134,0.460199005,0.446502058
2020-08-31T00:00:00,3,7.0,4.8,34,622,0.380952381,0.370535714
2020-08-31T00:00:00,4,9.0,9.3,154,1505,0.294254658,0.381074169
2020-08-31T00:00:00,5,5.0,6.6,16,420,0.503493014,0.589225589
2020-08-31T00:00:00,6,9.0,1.8,103,2309,0.422569764,0.535580524
2020-08-31T00:00:00,7,16.0,8.8,83,1000,0.297560976,0.293103448
2020-08-31T00:00:00,8,15.0,6.2,145,1832,0.379503323,0.486465584
2020-08-31T00:00:00,9,10.0,6.4,72,1297,0.42256043,0.479002625
2020-08-31T00:00:00,10,30.0,6.9,330,3899,0.308967391,0.382556131
2020-08-31T00:00:00,11,32.0,5.7,328,4877,0.286480447,0.410569106
2020-08-31T00:00:00,14,0.0,5.6,103,1750,,
2020-09-01T00:00:00,1,5.0,6.3,58,766,0.44515442,0.465793304
2020-09-01T00:00:00,2,12.0,7.4,294,3883,0.455401564,0.424897119
2020-09-01T00:00:00,3,7.0,4.7,40,1078,0.367513877,0.368888889
2020-09-01T00:00:00,4,8.0,9.3,105,928,0.299108873,0.437340153
2020-09-01T00:00:00,5,3.0,6.4,58,416,0.506487026,0.569023569
2020-09-01T00:00:00,6,9.0,1.9,100,5227,0.412450169,0.554307116
2020-09-01T00:00:00,7,14.0,8.7,98,1312,0.30203252,0.296934866
2020-09-01T00:00:00,8,14.0,6.1,187,3060,0.363064008,0.474091261
2020-09-01T00:00:00,9,10.0,6.1,97,2022,0.418979409,0.475065617
2020-09-01T00:00:00,10,29.0,6.9,388,5285,0.30317029,0.380829016
2020-09-01T00:00:00,11,30.0,5.6,241,5603,0.290055866,0.41025641
2020-09-01T00:00:00,14,0.0,5.8,47,435,,
2020-09-02T00:00:00,1,5.0,6.6,65,824,0.422080227,0.478893741
2020-09-02T00:00:00,2,13.0,7.7,413,5170,0.431414357,0.411946447
2020-09-02T00:00:00,3,7.0,5.1,149,1876,0.361086766,0.371111111
2020-09-02T00:00:00,4,9.0,9.4,139,1359,0.298530549,0.474358974
2020-09-02T00:00:00,5,3.0,7.0,106,1467,0.499001996,0.531986532
2020-09-02T00:00:00,6,9.0,2.2,242,7571,0.377491567,0.541198502
2020-09-02T00:00:00,7,14.0,8.7,89,1422,0.3,0.296934866
2020-09-02T00:00:00,8,14.0,5.9,119,2451,0.330010493,0.459396752
2020-09-02T00:00:00,9,10.0,6.0,115,1667,0.390928081,0.480314961
2020-09-02T00:00:00,10,28.0,6.7,352,5893,0.28125,0.357944732
2020-09-02T00:00:00,11,29.0,5.4,281,6687,0.279851024,0.401439299
2020-09-02T00:00:00,14,0.0,6.0,220,3661,,
2020-09-03T00:00:00,1,5.0,5.7,350,7556,0.407880724,0.487627365
2020-09-03T00:00:00,2,13.0,7.5,755,11466,0.396766169,0.398969072
2020-09-03T00:00:00,3,6.0,5.2,381,7346,0.350861817,0.353333333
2020-09-03T00:00:00,4,8.0,9.6,505,5078,0.312040263,0.494871795
2020-09-03T00:00:00,5,3.0,6.6,208,3216,0.490293678,0.494949495
2020-09-03T00:00:00,6,11.0,2.2,963,45326,0.342532965,0.471910112
2020-09-03T00:00:00,7,15.0,7.6,513,7572,0.294715447,0.295019157
2020-09-03T00:00:00,8,13.0,5.3,499,11840,0.310073452,0.447795824
2020-09-03T00:00:00,9,10.0,5.4,343,7357,0.375111907,0.502624672
2020-09-03T00:00:00,10,26.0,5.9,951,20764,0.267934783,0.335924007
2020-09-03T00:00:00,11,28.0,5.0,882,20212,0.26443203,0.3816531
2020-09-03T00:00:00,14,0.0,5.8,340,6355,,
2020-09-04T00:00:00,1,5.0,5.7,133,1908,0.409300674,0.494905386
2020-09-04T00:00:00,2,14.0,7.3,351,5491,0.393923241,0.409700722
2020-09-04T00:00:00,3,5.0,5.4,121,2259,0.348816827,0.357777778
2020-09-04T00:00:00,4,9.0,9.7,186,1925,0.301004637,0.43877551
2020-09-04T00:00:00,5,3.0,6.7,90,1320,0.498510427,0.501683502
2020-09-04T00:00:00,6,11.0,2.3,391,13043,0.329653481,0.438202247
2020-09-04T00:00:00,7,14.0,7.5,210,2378,0.291463415,0.291187739
2020-09-04T00:00:00,8,13.0,5.5,352,5491,0.306400839,0.457849961
2020-09-04T00:00:00,9,9.0,5.7,206,2875,0.374813489,0.526246719
2020-09-04T00:00:00,10,26.0,6.1,742,10617,0.277264493,0.331606218
2020-09-04T00:00:00,11,29.0,5.2,577,10214,0.261824953,0.381578947
2020-09-04T00:00:00,14,0.0,5.9,200,2932,,
2020-09-05T00:00:00,1,6.0,5.7,108,1810,0.419240327,0.500727802
2020-09-05T00:00:00,2,14.0,7.2,393,5394,0.409026297,0.409700722
2020-09-05T00:00:00,3,5.0,5.3,91,1717,0.355536079,0.382222222
2020-09-05T00:00:00,4,9.0,9.8,136,1652,0.302631579,0.402035623
2020-09-05T00:00:00,5,3.0,6.7,46,1157,0.510153541,0.491582492
2020-09-05T00:00:00,6,11.0,2.2,294,12041,0.327813554,0.426966292
2020-09-05T00:00:00,7,14.0,7.4,129,1774,0.306097561,0.298850575
2020-09-05T00:00:00,8,13.0,5.4,201,3406,0.320391745,0.468677494
2020-09-05T00:00:00,9,8.0,6.0,209,2218,0.406445837,0.56824147
2020-09-05T00:00:00,10,26.0,6.1,449,6809,0.298097826,0.35492228
2020-09-05T00:00:00,11,28.0,5.2,467,7853,0.268007449,0.397869674
2020-09-05T00:00:00,14,0.0,6.1,206,2552,,
2020-09-06T00:00:00,1,6.0,5.7,89,1470,0.438054668,0.513828239
2020-09-06T00:00:00,2,13.0,7.0,224,3051,0.444029851,0.432989691
2020-09-06T00:00:00,3,5.0,5.4,34,868,0.378907391,0.442222222
2020-09-06T00:00:00,4,8.0,9.9,137,1317,0.286818709,0.386768448
2020-09-06T00:00:00,5,3.0,6.4,25,556,0.523526498,0.518518519
2020-09-06T00:00:00,6,11.0,2.4,128,7633,0.357559031,0.462546816
2020-09-06T00:00:00,7,15.0,7.4,117,1206,0.330894309,0.323754789
2020-09-06T00:00:00,8,13.0,5.5,152,2228,0.343126967,0.494972931
2020-09-06T00:00:00,9,8.0,6.1,70,906,0.439570278,0.602362205
2020-09-06T00:00:00,10,24.0,6.2,330,4064,0.323278986,0.378238342
2020-09-06T00:00:00,11,25.0,5.1,302,5092,0.288789572,0.418546366
2020-09-06T00:00:00,14,0.0,6.2,78,1453,,
2020-09-07T00:00:00,1,5.0,5.6,55,896,0.450124246,0.518195051
2020-09-07T00:00:00,2,13.0,7.2,186,2119,0.471748401,0.45623069
2020-09-07T00:00:00,3,4.0,5.3,58,1239,0.402620087,0.46
2020-09-07T00:00:00,4,8.0,10.1,139,1066,0.301901436,0.41221374
2020-09-07T00:00:00,5,4.0,6.8,68,765,0.519564141,0.531986532
2020-09-07T00:00:00,6,10.0,2.3,84,4213,0.379638148,0.486891386
2020-09-07T00:00:00,7,14.0,7.5,152,1729,0.336585366,0.37164751
2020-09-07T00:00:00,8,12.0,5.5,194,2452,0.370409234,0.50966744
2020-09-07T00:00:00,9,8.0,6.3,143,1729,0.47597732,0.627296588
2020-09-07T00:00:00,10,25.0,6.2,436,5842,0.341666667,0.406303972
2020-09-07T00:00:00,11,24.0,5.1,529,8830,0.310837989,0.43264411
2020-09-07T00:00:00,14,0.0,6.2,22,508,,
2020-09-08T00:00:00,1,4.0,5.6,81,1247,0.45970891,0.518195051
2020-09-08T00:00:00,2,13.0,7.0,151,2614,0.47938877,0.462962963
2020-09-08T00:00:00,3,4.0,5.3,76,1761,0.404409632,0.455555556
2020-09-08T00:00:00,4,8.0,10.0,127,1298,0.309358082,0.409669211
2020-09-08T00:00:00,5,4.0,6.3,34,749,0.50371471,0.579124579
2020-09-08T00:00:00,6,9.0,2.4,387,15826,0.399570684,0.513108614
2020-09-08T00:00:00,7,15.0,7.5,138,1903,0.328861789,0.390804598
2020-09-08T00:00:00,8,13.0,5.4,169,3340,0.377929346,0.511987626
2020-09-08T00:00:00,9,8.0,6.5,162,2376,0.479259922,0.614173228
2020-09-08T00:00:00,10,26.0,6.0,288,5278,0.346328608,0.432608696
2020-09-08T00:00:00,11,24.0,5.1,300,6214,0.32849162,0.438283208
2020-09-08T00:00:00,14,0.0,6.1,147,2492,,
2020-09-09T00:00:00,1,4.0,5.6,80,1179,0.44657437,0.483260553
2020-09-09T00:00:00,2,12.0,6.7,271,4601,0.456823028,0.455761317
2020-09-09T00:00:00,3,3.0,4.9,98,2484,0.3871061,0.408888889
2020-09-09T00:00:00,4,8.0,9.8,115,1372,0.307037896,0.394402036
2020-09-09T00:00:00,5,5.0,6.4,102,1182,0.473006439,0.569023569
2020-09-09T00:00:00,6,9.0,2.4,399,14452,0.366758663,0.52247191
2020-09-09T00:00:00,7,14.0,7.3,93,1911,0.31300813,0.373563218
2020-09-09T00:00:00,8,12.0,5.6,221,3454,0.35869185,0.496519722
2020-09-09T00:00:00,9,7.0,6.4,76,1532,0.445538645,0.566929134
2020-09-09T00:00:00,10,25.0,5.8,310,6903,0.330051058,0.426444834
2020-09-09T00:00:00,11,24.0,5.1,198,5059,0.315828678,0.430764411
2020-09-09T00:00:00,14,0.0,6.0,158,3045,,
2020-09-10T00:00:00,1,4.0,6.4,129,2020,0.427405041,0.442503639
2020-09-10T00:00:00,2,11.0,6.5,283,5206,0.429637527,0.438271605
2020-09-10T00:00:00,3,4.0,5.0,177,2899,0.363399827,0.402222222
2020-09-10T00:00:00,4,8.0,9.6,195,2114,0.304627767,0.383378016
2020-09-10T00:00:00,5,5.0,6.0,85,1783,0.449232293,0.572390572
2020-09-10T00:00:00,6,7.0,2.4,280,13822,0.346826127,0.509363296
2020-09-10T00:00:00,7,13.0,7.5,153,2253,0.312601626,0.342911877
2020-09-10T00:00:00,8,12.0,6.1,238,4778,0.336131515,0.483372003
2020-09-10T00:00:00,9,6.0,7.0,131,2674,0.406744255,0.539370079
2020-09-10T00:00:00,10,24.0,6.3,432,8268,0.309915843,0.398846495
2020-09-10T00:00:00,11,23.0,5.3,321,7959,0.288789572,0.420426065
2020-09-10T00:00:00,14,0.0,6.2,193,3231,,
2020-09-11T00:00:00,1,4.0,6.3,75,1230,0.413560525,0.42503639
2020-09-11T00:00:00,2,10.0,6.5,333,5304,0.408848614,0.440329218
2020-09-11T00:00:00,3,5.0,4.9,119,2382,0.363847045,0.384444444
2020-09-11T00:00:00,4,8.0,9.4,183,2145,0.302061422,0.399433428
2020-09-11T00:00:00,5,4.0,6.0,89,1276,0.446260525,0.592592593
2020-09-11T00:00:00,6,7.0,2.4,413,15206,0.340693039,0.485018727
2020-09-11T00:00:00,7,13.0,7.2,148,2165,0.312601626,0.329501916
2020-09-11T00:00:00,8,13.0,5.8,242,4954,0.313221406,0.480278422
2020-09-11T00:00:00,9,5.0,6.7,168,2918,0.389435989,0.535433071
2020-09-11T00:00:00,10,25.0,6.0,466,8077,0.293724844,0.35
2020-09-11T00:00:00,11,21.0,5.3,504,8658,0.270391061,0.405388471
2020-09-11T00:00:00,14,0.0,6.2,268,3952,,
2020-09-12T00:00:00,1,4.0,6.2,82,1538,0.428470004,0.459970888
2020-09-12T00:00:00,2,11.0,6.3,308,4893,0.422530206,0.442386831
2020-09-12T00:00:00,3,5.0,4.9,74,1420,0.380355581,0.390625
2020-09-12T00:00:00,4,7.0,9.2,106,1584,0.314398943,0.426426426
2020-09-12T00:00:00,5,4.0,7.0,115,1120,0.465542885,0.609427609
2020-09-12T00:00:00,6,8.0,2.4,323,11713,0.368421053,0.43258427
2020-09-12T00:00:00,7,13.0,6.9,93,1797,0.32804878,0.33908046
2020-09-12T00:00:00,8,13.0,5.8,203,3375,0.314795383,0.479505027
2020-09-12T00:00:00,9,5.0,6.2,151,2296,0.405252164,0.559055118
2020-09-12T00:00:00,10,25.0,5.8,405,7889,0.295554336,0.336927224
2020-09-12T00:00:00,11,22.0,5.2,462,8308,0.269388363,0.390350877
2020-09-12T00:00:00,14,0.0,5.9,138,2414,,
2020-09-13T00:00:00,1,3.0,6.1,104,1906,0.45686901,0.486171761
2020-09-13T00:00:00,2,11.0,6.1,163,3088,0.438343994,0.456790123
2020-09-13T00:00:00,3,5.0,4.9,63,1416,0.404985337,0.399103139
2020-09-13T00:00:00,4,7.0,8.9,108,1399,0.315905097,0.440366972
2020-09-13T00:00:00,5,5.0,7.1,75,1154,0.487344913,0.606060606
2020-09-13T00:00:00,6,6.0,2.6,267,6115,0.39389313,0.389513109
2020-09-13T00:00:00,7,12.0,6.4,100,1863,0.341056911,0.363984674
2020-09-13T00:00:00,8,13.0,5.7,159,2657,0.336481287,0.479505027
2020-09-13T00:00:00,9,5.0,6.2,140,2127,0.435690839,0.582677165
2020-09-13T00:00:00,10,25.0,5.5,311,5978,0.313391877,0.35309973
2020-09-13T00:00:00,11,22.0,5.1,392,7931,0.270695179,0.354010025
2020-09-13T00:00:00,14,0.0,5.9,151,2761,,
2020-09-14T00:00:00,1,4.0,5.9,85,1570,0.457711443,0.455604076
2020-09-14T00:00:00,2,11.0,6.0,191,2726,0.449182658,0.431069959
2020-09-14T00:00:00,3,5.0,4.7,55,1687,0.411625848,0.436936937
2020-09-14T00:00:00,4,6.0,8.4,83,986,0.313897413,0.418461538
2020-09-14T00:00:00,5,5.0,6.8,28,514,0.487829111,0.609427609
2020-09-14T00:00:00,6,8.0,2.7,225,9022,0.397560976,0.382022472
2020-09-14T00:00:00,7,12.0,6.1,103,1651,0.345934959,0.375478927
2020-09-14T00:00:00,8,12.0,5.4,158,2986,0.365687303,0.47099768
2020-09-14T00:00:00,9,4.0,5.7,79,1888,0.447925992,0.601049869
2020-09-14T00:00:00,10,26.0,5.3,297,5103,0.325375046,0.376010782
2020-09-14T00:00:00,11,21.0,5.0,299,5647,0.271182651,0.359022556
2020-09-14T00:00:00,14,0.0,5.9,97,1765,,
2020-09-15T00:00:00,1,4.0,6.4,176,1919,0.427605834,0.430858806
2020-09-15T00:00:00,2,11.0,5.9,273,4983,0.417910448,0.414609053
2020-09-15T00:00:00,3,5.0,4.6,116,2824,0.396030806,0.45045045
2020-09-15T00:00:00,4,6.0,8.0,83,1257,0.313073896,0.4
2020-09-15T00:00:00,5,4.0,6.9,57,976,0.47242921,0.62962963
2020-09-15T00:00:00,6,8.0,2.7,312,11833,0.3828554,0.411985019
2020-09-15T00:00:00,7,11.0,5.6,93,2246,0.329674797,0.363984674
2020-09-15T00:00:00,8,13.0,5.5,255,4442,0.359041623,0.436968291
2020-09-15T00:00:00,9,4.0,5.7,137,2051,0.441360788,0.604986877
2020-09-15T00:00:00,10,26.0,5.2,386,7888,0.315722354,0.391168599
2020-09-15T00:00:00,11,19.0,4.9,297,7134,0.256725538,0.336779449
2020-09-15T00:00:00,14,0.0,5.7,129,2852,,
2020-09-16T00:00:00,1,4.0,6.7,176,2105,0.394586895,0.41775837
2020-09-16T00:00:00,2,12.0,5.7,258,5474,0.387704335,0.384773663
2020-09-16T00:00:00,3,5.0,4.9,132,2486,0.373737374,0.424719101
2020-09-16T00:00:00,4,6.0,8.0,126,1598,0.313073896,0.416413374
2020-09-16T00:00:00,5,3.0,6.6,104,1542,0.453551913,0.63973064
2020-09-16T00:00:00,6,8.0,2.6,354,14509,0.364963504,0.447565543
2020-09-16T00:00:00,7,12.0,5.9,153,2287,0.303252033,0.337164751
2020-09-16T00:00:00,8,12.0,5.5,219,3621,0.325988108,0.408352668
2020-09-16T00:00:00,9,5.0,5.7,127,2369,0.411220531,0.603674541
2020-09-16T00:00:00,10,26.0,5.3,437,8002,0.290366473,0.383968113
2020-09-16T00:00:00,11,19.0,4.9,349,7495,0.245323795,0.338345865
2020-09-16T00:00:00,14,0.0,5.7,218,4041,,
2020-09-17T00:00:00,1,4.0,6.7,107,1792,0.381054131,0.459970888
2020-09-17T00:00:00,2,13.0,5.7,320,5949,0.366027008,0.396090535
2020-09-17T00:00:00,3,4.0,4.7,187,3552,0.345524829,0.412556054
2020-09-17T00:00:00,4,6.0,7.5,135,1991,0.314360771,0.440729483
2020-09-17T00:00:00,5,4.0,6.9,115,1863,0.450571287,0.643097643
2020-09-17T00:00:00,6,8.0,2.7,320,14903,0.358919903,0.417602996
2020-09-17T00:00:00,7,13.0,5.6,111,2178,0.286585366,0.318007663
2020-09-17T00:00:00,8,13.0,5.5,231,4879,0.29066107,0.37896365
2020-09-17T00:00:00,9,5.0,5.6,95,2241,0.390629663,0.578740157
2020-09-17T00:00:00,10,26.0,5.3,393,8188,0.26504065,0.371152155
2020-09-17T00:00:00,11,20.0,5.0,537,11401,0.230419554,0.30858396
2020-09-17T00:00:00,14,0.0,5.5,181,3549,,
2020-09-18T00:00:00,1,4.0,7.1,247,2935,0.389957265,0.470160116
2020-09-18T00:00:00,2,13.0,5.6,324,5487,0.376953125,0.394032922
2020-09-18T00:00:00,3,4.0,4.9,127,2116,0.349376114,0.431767338
2020-09-18T00:00:00,4,5.0,7.3,295,3991,0.309482002,0.446153846
2020-09-18T00:00:00,5,4.0,6.7,145,2369,0.466964729,0.616161616
2020-09-18T00:00:00,6,9.0,2.8,282,7583,0.354652925,0.38836773
2020-09-18T00:00:00,7,11.0,5.7,208,3208,0.279268293,0.310344828
2020-09-18T00:00:00,8,13.0,5.4,302,6073,0.279293459,0.391337974
2020-09-18T00:00:00,9,5.0,5.3,283,6195,0.383169203,0.551181102
2020-09-18T00:00:00,10,25.0,4.6,645,19380,0.253181695,0.345285525
2020-09-18T00:00:00,11,18.0,4.7,475,11599,0.221551531,0.311716792
2020-09-18T00:00:00,14,0.0,5.2,157,3104,,
2020-09-19T00:00:00,1,3.0,7.3,117,1668,0.410612536,0.486171761
2020-09-19T00:00:00,2,13.0,5.5,237,4455,0.393541519,0.406797116
2020-09-19T00:00:00,3,4.0,5.1,108,1393,0.361556744,0.478747204
2020-09-19T00:00:00,4,5.0,7.3,132,1895,0.315442147,0.430340557
2020-09-19T00:00:00,5,3.0,6.0,37,933,0.480874317,0.602693603
2020-09-19T00:00:00,6,8.0,2.6,221,11096,0.360242792,0.39587242
2020-09-19T00:00:00,7,10.0,5.7,115,1990,0.282520325,0.293103448
2020-09-19T00:00:00,8,13.0,5.5,249,3925,0.295557887,0.399845321
2020-09-19T00:00:00,9,5.0,5.1,129,2425,0.398388541,0.530183727
2020-09-19T00:00:00,10,24.0,4.6,415,7587,0.268849206,0.348039216
2020-09-19T00:00:00,11,18.0,4.7,527,9533,0.233773008,0.316102757
2020-09-19T00:00:00,14,0.0,5.3,118,1904,,
2020-09-20T00:00:00,1,3.0,7.5,139,2031,0.43482906,0.502183406
2020-09-20T00:00:00,2,12.0,5.5,190,3650,0.42641844,0.425773196
2020-09-20T00:00:00,3,3.0,5.1,57,1221,0.398219585,0.497767857
2020-09-20T00:00:00,4,5.0,7.3,90,1214,0.331569665,0.467692308
2020-09-20T00:00:00,5,2.0,6.0,94,1445,0.494773519,0.575757576
2020-09-20T00:00:00,6,9.0,2.5,245,10000,0.374810319,0.437148218
2020-09-20T00:00:00,7,10.0,5.7,82,1672,0.297560976,0.287356322
2020-09-20T00:00:00,8,13.0,5.5,182,2831,0.325288562,0.420726991
2020-09-20T00:00:00,9,6.0,5.0,95,1573,0.417785736,0.531496063
2020-09-20T00:00:00,10,23.0,4.7,287,5247,0.295485266,0.371018394
2020-09-20T00:00:00,11,19.0,4.8,360,6596,0.257098144,0.338972431
2020-09-20T00:00:00,14,0.0,5.4,197,3130,,
2020-09-21T00:00:00,1,4.0,7.7,159,2161,0.449074074,0.509461426
2020-09-21T00:00:00,2,11.0,5.4,154,2577,0.44858156,0.440660475
2020-09-21T00:00:00,3,4.0,5.3,87,1660,0.405509479,0.505567929
2020-09-21T00:00:00,4,4.0,7.1,62,1103,0.347922193,0.501519757
2020-09-21T00:00:00,5,3.0,6.2,54,706,0.506222001,0.602693603
2020-09-21T00:00:00,6,8.0,2.5,245,7757,0.390909091,0.443820225
2020-09-21T00:00:00,7,10.0,5.7,89,1431,0.319512195,0.302681992
2020-09-21T00:00:00,8,13.0,5.5,139,2916,0.353270374,0.439288476
2020-09-21T00:00:00,9,6.0,5.2,139,2345,0.425544614,0.545931759
2020-09-21T00:00:00,10,23.0,4.6,274,5850,0.325758937,0.412264996
2020-09-21T00:00:00,11,18.0,4.6,258,6942,0.270213876,0.355576441
2020-09-21T00:00:00,14,0.0,5.4,124,2076,,
2020-09-22T00:00:00,1,4.0,7.6,139,1646,0.436965812,0.518195051
2020-09-22T00:00:00,2,11.0,5.3,207,4193,0.441312057,0.44375645
2020-09-22T00:00:00,3,4.0,5.3,91,2415,0.38861021,0.468888889
2020-09-22T00:00:00,4,5.0,7.1,106,1460,0.356261023,0.577039275
2020-09-22T00:00:00,5,3.0,6.3,83,1158,0.496764559,0.61952862
2020-09-22T00:00:00,6,10.0,2.5,283,13713,0.377575758,0.406367041
2020-09-22T00:00:00,7,11.0,5.7,79,2017,0.329268293,0.323754789
2020-09-22T00:00:00,8,11.0,5.3,178,4057,0.332633788,0.430781129
2020-09-22T00:00:00,9,6.0,5.0,89,1817,0.400477469,0.538057743
2020-09-22T00:00:00,10,22.0,4.5,260,5720,0.315280637,0.419383653
2020-09-22T00:00:00,11,20.0,4.6,231,6418,0.261867501,0.360275689
2020-09-22T00:00:00,14,0.0,5.6,141,2470,,
2020-09-23T00:00:00,1,5.0,7.7,219,2385,0.413461538,0.508005822
2020-09-23T00:00:00,2,11.0,5.4,286,5576,0.412056738,0.42768595
2020-09-23T00:00:00,3,4.0,5.1,102,2629,0.353737493,0.426666667
2020-09-23T00:00:00,4,5.0,6.9,105,1815,0.375329236,0.592145015
2020-09-23T00:00:00,5,3.0,6.2,90,1566,0.482861401,0.62962963
2020-09-23T00:00:00,6,10.0,2.4,290,14396,0.35172832,0.335205993
2020-09-23T00:00:00,7,10.0,5.5,149,2699,0.31097561,0.33908046
2020-09-23T00:00:00,8,12.0,5.3,240,4224,0.300454704,0.407579273
2020-09-23T00:00:00,9,6.0,4.9,142,3067,0.376902417,0.519685039
2020-09-23T00:00:00,10,23.0,4.4,468,9646,0.284350464,0.381907308
2020-09-23T00:00:00,11,20.0,4.6,394,8577,0.237722632,0.350877193
2020-09-23T00:00:00,14,0.0,5.5,196,3846,,
2020-09-24T00:00:00,1,5.0,7.9,233,2943,0.381766382,0.497816594
2020-09-24T00:00:00,2,10.0,5.3,301,6093,0.392021277,0.408479835
2020-09-24T00:00:00,3,5.0,5.5,249,3397,0.322542672,0.388888889
2020-09-24T00:00:00,4,5.0,6.9,196,2902,0.393356643,0.607250755
2020-09-24T00:00:00,5,3.0,5.9,76,1615,0.462990561,0.636363636
2020-09-24T00:00:00,6,9.0,2.4,237,11805,0.324029126,0.333333333
2020-09-24T00:00:00,7,9.0,5.4,128,2656,0.28495935,0.331417625
2020-09-24T00:00:00,8,12.0,5.3,297,5768,0.270898916,0.383604022
2020-09-24T00:00:00,9,6.0,4.8,144,3818,0.36347359,0.492125984
2020-09-24T00:00:00,10,23.0,4.5,535,11163,0.260082084,0.33600713
2020-09-24T00:00:00,11,20.0,4.4,464,11243,0.228820505,0.324874687
2020-09-24T00:00:00,14,0.0,5.5,187,3912,,
2020-09-25T00:00:00,1,6.0,8.0,240,2837,0.366926899,0.483260553
2020-09-25T00:00:00,2,10.0,5.3,286,4964,0.394165777,0.395228216
2020-09-25T00:00:00,3,5.0,5.8,187,2567,0.330680813,0.38
2020-09-25T00:00:00,4,4.0,7.1,246,2760,0.404709987,0.538243626
2020-09-25T00:00:00,5,3.0,6.0,74,1040,0.476309227,0.643097643
2020-09-25T00:00:00,6,9.0,2.2,292,14014,0.31815422,0.353932584
2020-09-25T00:00:00,7,10.0,5.2,139,2421,0.262601626,0.316091954
2020-09-25T00:00:00,8,11.0,5.4,287,5285,0.266526758,0.378190255
2020-09-25T00:00:00,9,6.0,5.0,154,2655,0.367949866,0.472440945
2020-09-25T00:00:00,10,23.0,5.1,578,10344,0.24495039,0.30810093
2020-09-25T00:00:00,11,20.0,4.5,518,11639,0.22372048,0.313909774
2020-09-25T00:00:00,14,0.0,5.6,178,2972,,
2020-09-26T00:00:00,1,7.0,8.3,232,2377,0.372347949,0.470160116
2020-09-26T00:00:00,2,10.0,5.4,297,4682,0.409707352,0.406444906
2020-09-26T00:00:00,3,5.0,5.6,87,1463,0.349304939,0.393333333
2020-09-26T00:00:00,4,4.0,7.2,156,2026,0.376362843,0.461126005
2020-09-26T00:00:00,5,4.0,6.0,60,1332,0.493266833,0.609427609
2020-09-26T00:00:00,6,9.0,2.2,235,11744,0.330400485,0.4082397
2020-09-26T00:00:00,7,12.0,5.2,119,2191,0.267886179,0.291187739
2020-09-26T00:00:00,8,11.0,5.4,255,4061,0.276145505,0.392884764
2020-09-26T00:00:00,9,6.0,4.8,72,1956,0.373022978,0.480314961
2020-09-26T00:00:00,10,24.0,5.1,431,7407,0.250791696,0.319261214
2020-09-26T00:00:00,11,21.0,4.4,447,9626,0.234115456,0.310463659
2020-09-26T00:00:00,14,0.0,5.7,162,2388,,
2020-09-27T00:00:00,1,7.0,8.4,149,2015,0.400281889,0.477438137
2020-09-27T00:00:00,2,10.0,5.4,153,3167,0.42481203,0.434375
2020-09-27T00:00:00,3,6.0,5.6,90,1699,0.375888626,0.402222222
2020-09-27T00:00:00,4,5.0,7.4,168,1959,0.340889276,0.404580153
2020-09-27T00:00:00,5,4.0,6.0,39,529,0.495261845,0.555555556
2020-09-27T00:00:00,6,9.0,2.2,142,5614,0.365372953,0.445692884
2020-09-27T00:00:00,7,11.0,5.4,119,1914,0.27601626,0.296934866
2020-09-27T00:00:00,8,12.0,5.3,213,4056,0.295208115,0.412993039
2020-09-27T00:00:00,9,6.0,5.0,180,2753,0.382870785,0.484251969
2020-09-27T00:00:00,10,26.0,5.1,420,7718,0.257250175,0.339886413
2020-09-27T00:00:00,11,22.0,4.4,479,8390,0.240595903,0.304511278
2020-09-27T00:00:00,14,0.0,5.6,109,1986,,
2020-09-28T00:00:00,1,7.0,8.2,109,1824,0.406624383,0.500727802
2020-09-28T00:00:00,2,11.0,5.2,142,3201,0.436269245,0.447916667
2020-09-28T00:00:00,3,6.0,5.5,83,1923,0.376734573,0.46
2020-09-28T00:00:00,4,5.0,7.5,99,1385,0.327518535,0.382653061
2020-09-28T00:00:00,5,4.0,5.9,52,829,0.495280676,0.528619529
2020-09-28T00:00:00,6,9.0,2.1,159,7259,0.396060606,0.475655431
2020-09-28T00:00:00,7,11.0,5.2,93,1997,0.286178862,0.310344828
2020-09-28T00:00:00,8,12.0,5.4,180,3141,0.324589017,0.439288476
2020-09-28T00:00:00,9,6.0,4.9,119,2183,0.396896449,0.494750656
2020-09-28T00:00:00,10,23.0,5.1,304,6669,0.266684137,0.358671909
2020-09-28T00:00:00,11,25.0,4.6,374,7822,0.260558659,0.320175439
2020-09-28T00:00:00,14,0.0,5.6,118,1787,,
2020-09-29T00:00:00,1,7.0,8.7,283,2550,0.389711064,0.534206696
2020-09-29T00:00:00,2,11.0,5.2,210,4279,0.419700214,0.430944964
2020-09-29T00:00:00,3,6.0,5.7,101,2226,0.354185022,0.46
2020-09-29T00:00:00,4,4.0,7.5,101,1344,0.322875817,0.382653061
2020-09-29T00:00:00,5,3.0,5.6,55,1005,0.486338798,0.531986532
2020-09-29T00:00:00,6,8.0,2.0,205,14184,0.392727273,0.466292135
2020-09-29T00:00:00,7,8.0,5.5,137,2307,0.282926829,0.331417625
2020-09-29T00:00:00,8,12.0,5.5,214,4375,0.32301504,0.441608662
2020-09-29T00:00:00,9,6.0,4.9,98,1944,0.388839152,0.480314961
2020-09-29T00:00:00,10,23.0,5.2,440,7812,0.260569532,0.355176933
2020-09-29T00:00:00,11,24.0,4.6,272,6406,0.25698324,0.325501253
2020-09-29T00:00:00,14,0.0,5.6,134,2324,,
2020-09-30T00:00:00,1,7.0,8.7,260,2834,,
2020-09-30T00:00:00,2,12.0,5.3,242,4641,,
2020-09-30T00:00:00,3,6.0,6.0,177,2860,,
2020-09-30T00:00:00,4,5.0,7.7,162,2361,,
2020-09-30T00:00:00,5,3.0,5.8,100,1460,,
2020-09-30T00:00:00,6,9.0,2.0,245,12143,,
2020-09-30T00:00:00,7,8.0,5.3,108,2296,,
2020-09-30T00:00:00,8,12.0,5.3,233,4981,,
2020-09-30T00:00:00,9,6.0,5.2,205,3332,,
2020-09-30T00:00:00,10,24.0,5.1,370,9334,,
2020-09-30T00:00:00,11,23.0,4.5,385,10120,,
2020-09-30T00:00:00,14,0.0,5.8,169,2809,,
2020-10-01T00:00:00,1,8.0,8.7,283,3520,0.365045807,0.545851528
2020-10-01T00:00:00,2,12.0,5.2,265,5581,0.387765957,0.388028896
2020-10-01T00:00:00,3,6.0,5.5,122,2537,0.32446653,0.415555556
2020-10-01T00:00:00,4,5.0,7.6,147,2425,0.302366345,0.384223919
2020-10-01T00:00:00,5,4.0,5.7,96,2105,0.464303545,0.542087542
2020-10-01T00:00:00,6,8.0,2.0,291,13777,0.351818182,0.4082397
2020-10-01T00:00:00,7,7.0,5.5,153,2735,0.245121951,0.318007663
2020-10-01T00:00:00,8,12.0,5.2,251,5616,0.292759706,0.436968291
2020-10-01T00:00:00,9,6.0,5.7,247,3998,0.339600119,0.472440945
2020-10-01T00:00:00,10,24.0,5.2,570,10996,0.237085515,0.318916557
2020-10-01T00:00:00,11,22.0,4.6,591,12508,0.242011173,0.338345865
2020-10-01T00:00:00,14,0.0,6.0,191,3398,,
2020-10-02T00:00:00,1,8.0,8.5,267,3466,,
2020-10-02T00:00:00,2,11.0,5.1,291,5911,,
2020-10-02T00:00:00,3,6.0,5.2,107,1997,,
2020-10-02T00:00:00,4,4.0,6.9,147,2639,,
2020-10-02T00:00:00,5,4.0,5.8,78,1032,,
2020-10-02T00:00:00,6,8.0,2.0,232,12421,,
2020-10-02T00:00:00,7,6.0,5.4,173,3149,,
2020-10-02T00:00:00,8,12.0,4.9,226,5783,,
2020-10-02T00:00:00,9,6.0,5.6,157,3207,,
2020-10-02T00:00:00,10,23.0,4.9,534,12536,,
2020-10-02T00:00:00,11,21.0,4.4,458,12815,,
2020-10-02T00:00:00,14,0.0,5.9,187,3317,,
2020-10-03T00:00:00,1,9.0,8.5,252,2571,,
2020-10-03T00:00:00,2,11.0,4.9,204,4188,,
2020-10-03T00:00:00,3,6.0,5.2,56,908,,
2020-10-03T00:00:00,4,4.0,6.7,95,1639,,
2020-10-03T00:00:00,5,4.0,6.3,123,1626,,
2020-10-03T00:00:00,6,10.0,1.9,179,10897,,
2020-10-03T00:00:00,7,6.0,5.6,120,1862,,
2020-10-03T00:00:00,8,12.0,4.8,238,4575,,
2020-10-03T00:00:00,9,7.0,5.7,146,2884,,
2020-10-03T00:00:00,10,25.0,4.8,428,9008,,
2020-10-03T00:00:00,11,21.0,4.5,493,10494,,
2020-10-03T00:00:00,14,0.0,5.8,148,2563,,
2020-10-04T00:00:00,1,9.0,8.6,160,2102,,
2020-10-04T00:00:00,2,12.0,4.9,169,3172,,
2020-10-04T00:00:00,3,6.0,5.1,66,1521,,
2020-10-04T00:00:00,4,4.0,6.3,84,1534,,
2020-10-04T00:00:00,5,5.0,6.5,65,724,,
2020-10-04T00:00:00,6,9.0,1.9,100,4011,,
2020-10-04T00:00:00,7,6.0,5.5,119,1931,,
2020-10-04T00:00:00,8,13.0,4.8,193,3383,,
2020-10-04T00:00:00,9,6.0,5.5,143,2582,,
2020-10-04T00:00:00,10,26.0,4.8,379,6731,,
2020-10-04T00:00:00,11,20.0,4.3,397,8385,,
2020-10-04T00:00:00,14,0.0,5.7,90,2025,,
2020-10-05T00:00:00,1,9.0,8.8,202,2317,,
2020-10-05T00:00:00,2,12.0,5.2,215,3140,,
2020-10-05T00:00:00,3,7.0,5.1,102,2146,,
2020-10-05T00:00:00,4,3.0,6.1,66,1134,,
2020-10-05T00:00:00,5,5.0,6.9,93,949,,
2020-10-05T00:00:00,6,9.0,1.9,142,6615,,
2020-10-05T00:00:00,7,8.0,5.6,101,2041,,
2020-10-05T00:00:00,8,14.0,4.9,191,3111,,
2020-10-05T00:00:00,9,7.0,5.6,138,2401,,
2020-10-05T00:00:00,10,28.0,4.9,365,6227,,
2020-10-05T00:00:00,11,22.0,4.3,393,8426,,
2020-10-05T00:00:00,14,0.0,5.6,115,2050,,
2020-10-06T00:00:00,1,9.0,8.8,222,1844,,
2020-10-06T00:00:00,2,13.0,5.0,161,4181,,
2020-10-06T00:00:00,3,6.0,5.2,127,2706,,
2020-10-06T00:00:00,4,4.0,5.8,81,1828,,
2020-10-06T00:00:00,5,6.0,7.0,129,1904,,
2020-10-06T00:00:00,6,10.0,1.9,262,16909,,
2020-10-06T00:00:00,7,9.0,5.5,143,2721,,
2020-10-06T00:00:00,8,14.0,5.1,292,4488,,
2020-10-06T00:00:00,9,8.0,5.8,176,2648,,
2020-10-06T00:00:00,10,31.0,5.0,505,8374,,
2020-10-06T00:00:00,11,23.0,4.3,284,6586,,
2020-10-06T00:00:00,14,0.0,5.5,156,3049,,
2020-10-07T00:00:00,1,9.0,8.9,367,3852,,
2020-10-07T00:00:00,2,12.0,5.0,249,5121,,
2020-10-07T00:00:00,3,6.0,5.0,177,3186,,
2020-10-07T00:00:00,4,3.0,6.2,308,3768,,
2020-10-07T00:00:00,5,6.0,7.1,110,1384,,
2020-10-07T00:00:00,6,10.0,1.9,262,13344,,
2020-10-07T00:00:00,7,11.0,5.6,179,3193,,
2020-10-07T00:00:00,8,15.0,5.3,340,6012,,
2020-10-07T00:00:00,9,9.0,5.7,219,3795,,
2020-10-07T00:00:00,10,31.0,5.3,656,11491,,
2020-10-07T00:00:00,11,24.0,4.3,449,11715,,
2020-10-07T00:00:00,14,0.0,5.6,197,2907,,
2020-10-08T00:00:00,1,9.0,9.1,359,3871,,
2020-10-08T00:00:00,2,12.0,5.0,262,5504,,
2020-10-08T00:00:00,3,6.0,5.1,126,2470,,
2020-10-08T00:00:00,4,4.0,6.3,162,2532,,
2020-10-08T00:00:00,5,7.0,7.3,70,1542,,
2020-10-08T00:00:00,6,11.0,1.9,294,13572,,
2020-10-08T00:00:00,7,12.0,5.6,158,2925,,
2020-10-08T00:00:00,8,15.0,5.6,344,5282,,
2020-10-08T00:00:00,9,10.0,5.7,209,3395,,
2020-10-08T00:00:00,10,31.0,5.2,560,11159,,
2020-10-08T00:00:00,11,26.0,4.3,608,12922,,
2020-10-08T00:00:00,14,0.0,5.7,240,3907,,
2020-10-09T00:00:00,1,10.0,9.7,361,3281,,
2020-10-09T00:00:00,2,12.0,5.2,312,4928,,
2020-10-09T00:00:00,3,6.0,5.4,182,2535,,
2020-10-09T00:00:00,4,4.0,6.5,186,2574,,
2020-10-09T00:00:00,5,7.0,7.5,155,1776,,
2020-10-09T00:00:00,6,12.0,2.0,237,7745,,
2020-10-09T00:00:00,7,12.0,5.9,205,2806,,
2020-10-09T00:00:00,8,17.0,6.3,424,5488,,
2020-10-09T00:00:00,9,10.0,5.9,239,3865,,
2020-10-09T00:00:00,10,33.0,5.5,669,11711,,
2020-10-09T00:00:00,11,28.0,4.6,631,12786,,
2020-10-09T00:00:00,14,0.0,5.8,210,3360,,
2020-10-10T00:00:00,1,9.0,9.6,308,3348,,
2020-10-10T00:00:00,2,12.0,5.5,402,5878,,
2020-10-10T00:00:00,3,7.0,5.6,140,1735,,
2020-10-10T00:00:00,4,4.0,6.6,114,1869,,
2020-10-10T00:00:00,5,8.0,8.0,130,1145,,
2020-10-10T00:00:00,6,12.0,2.1,269,13329,,
2020-10-10T00:00:00,7,12.0,6.1,189,2403,,
2020-10-10T00:00:00,8,17.0,6.4,338,5418,,
2020-10-10T00:00:00,9,10.0,6.2,208,2958,,
2020-10-10T00:00:00,10,32.0,5.6,598,10493,,
2020-10-10T00:00:00,11,28.0,4.7,752,14131,,
2020-10-10T00:00:00,14,0.0,6.2,239,2959,,
2020-10-11T00:00:00,1,9.0,10.1,260,2146,,
2020-10-11T00:00:00,2,12.0,5.6,241,3901,,
2020-10-11T00:00:00,3,8.0,6.1,155,1772,,
2020-10-11T00:00:00,4,5.0,6.8,159,2137,,
2020-10-11T00:00:00,5,9.0,7.7,60,990,,
2020-10-11T00:00:00,6,13.0,2.2,251,6981,,
2020-10-11T00:00:00,7,13.0,6.3,187,2432,,
2020-10-11T00:00:00,8,17.0,6.7,342,4315,,
2020-10-11T00:00:00,9,11.0,6.2,162,2749,,
2020-10-11T00:00:00,10,34.0,5.9,623,8414,,
2020-10-11T00:00:00,11,30.0,4.9,665,10882,,
2020-10-11T00:00:00,14,0.0,6.6,223,2601,,
2020-10-12T00:00:00,1,10.0,10.3,267,2439,,
2020-10-12T00:00:00,2,12.0,5.6,220,3195,,
2020-10-12T00:00:00,3,8.0,6.4,107,1353,,
2020-10-12T00:00:00,4,5.0,6.9,134,1889,,
2020-10-12T00:00:00,5,9.0,7.5,50,691,,
2020-10-12T00:00:00,6,14.0,2.2,194,8272,,
2020-10-12T00:00:00,7,14.0,6.6,163,2165,,
2020-10-12T00:00:00,8,17.0,7.0,353,3937,,
2020-10-12T00:00:00,9,11.0,6.3,251,3662,,
2020-10-12T00:00:00,10,33.0,6.2,759,9151,,
2020-10-12T00:00:00,11,29.0,5.2,766,10556,,
2020-10-12T00:00:00,14,0.0,6.6,159,2653,,
2020-10-13T00:00:00,1,11.0,10.6,371,2674,,
2020-10-13T00:00:00,2,11.0,6.0,324,4817,,
2020-10-13T00:00:00,3,8.0,6.7,139,2209,,
2020-10-13T00:00:00,4,5.0,7.0,83,1586,,
2020-10-13T00:00:00,5,9.0,7.8,94,1104,,
2020-10-13T00:00:00,6,14.0,2.4,312,11789,,
2020-10-13T00:00:00,7,15.0,6.8,147,2088,,
2020-10-13T00:00:00,8,18.0,7.4,406,3842,,
2020-10-13T00:00:00,9,10.0,6.6,241,2834,,
2020-10-13T00:00:00,10,31.0,6.3,588,8015,,
2020-10-13T00:00:00,11,28.0,5.4,557,8382,,
2020-10-13T00:00:00,14,0.0,7.4,266,2247,,
2020-10-14T00:00:00,1,12.0,11.0,398,3458,,
2020-10-14T00:00:00,2,13.0,6.4,395,5700,,
2020-10-14T00:00:00,3,9.0,6.9,216,3278,,
2020-10-14T00:00:00,4,4.0,7.0,195,2203,,
2020-10-14T00:00:00,5,7.0,8.5,244,2211,,
2020-10-14T00:00:00,6,15.0,2.6,346,11411,,
2020-10-14T00:00:00,7,15.0,7.3,209,2377,,
2020-10-14T00:00:00,8,19.0,7.9,339,3842,,
2020-10-14T00:00:00,9,10.0,6.8,259,3531,,
2020-10-14T00:00:00,10,32.0,6.5,627,9626,,
2020-10-14T00:00:00,11,28.0,5.7,492,8709,,
2020-10-14T00:00:00,14,0.0,7.6,313,3851,,
2020-10-15T00:00:00,1,12.0,11.1,360,3516,,
2020-10-15T00:00:00,2,14.0,6.7,435,6115,,
2020-10-15T00:00:00,3,11.0,7.0,213,3568,,
2020-10-15T00:00:00,4,5.0,7.2,247,3205,,
2020-10-15T00:00:00,5,7.0,9.1,180,2066,,
2020-10-15T00:00:00,6,15.0,2.5,339,17513,,
2020-10-15T00:00:00,7,14.0,8.2,401,4022,,
2020-10-15T00:00:00,8,20.0,8.4,653,7060,,
2020-10-15T00:00:00,9,11.0,7.0,315,4390,,
2020-10-15T00:00:00,10,34.0,6.8,1016,14637,,
2020-10-15T00:00:00,11,30.0,6.0,937,14610,,
2020-10-15T00:00:00,14,0.0,7.6,293,4869,,
2020-10-16T00:00:00,1,12.0,11.1,371,3499,,
2020-10-16T00:00:00,2,14.0,6.9,442,6197,,
2020-10-16T00:00:00,3,11.0,7.3,193,2104,,
2020-10-16T00:00:00,4,5.0,7.0,171,2795,,
2020-10-16T00:00:00,5,6.0,9.1,104,1296,,
2020-10-16T00:00:00,6,16.0,2.5,288,11284,,
2020-10-16T00:00:00,7,16.0,8.3,231,2882,,
2020-10-16T00:00:00,8,20.0,8.5,500,6119,,
2020-10-16T00:00:00,9,12.0,7.3,333,3952,,
2020-10-16T00:00:00,10,34.0,6.8,944,15041,,
2020-10-16T00:00:00,11,29.0,6.2,903,14578,,
2020-10-16T00:00:00,14,0.0,7.6,262,3780,,
2020-10-17T00:00:00,1,12.0,11.8,653,4891,,
2020-10-17T00:00:00,2,14.0,6.9,426,5897,,
2020-10-17T00:00:00,3,11.0,7.5,233,2403,,
2020-10-17T00:00:00,4,5.0,7.4,207,2309,,
2020-10-17T00:00:00,5,6.0,8.7,150,1749,,
2020-10-17T00:00:00,6,16.0,2.6,314,10558,,
2020-10-17T00:00:00,7,17.0,8.6,386,3986,,
2020-10-17T00:00:00,8,21.0,9.0,709,7503,,
2020-10-17T00:00:00,9,12.0,7.5,437,5500,,
2020-10-17T00:00:00,10,33.0,7.1,1087,14725,,
2020-10-17T00:00:00,11,30.0,6.7,1370,16706,,
2020-10-17T00:00:00,14,0.0,7.6,293,3828,,
2020-10-18T00:00:00,1,12.0,11.6,260,2602,,
2020-10-18T00:00:00,2,14.0,7.1,240,3151,,
2020-10-18T00:00:00,3,12.0,7.4,163,2091,,
2020-10-18T00:00:00,4,4.0,7.6,187,2105,,
2020-10-18T00:00:00,5,6.0,8.9,50,646,,
2020-10-18T00:00:00,6,17.0,2.5,201,7451,,
2020-10-18T00:00:00,7,17.0,8.7,194,2285,,
2020-10-18T00:00:00,8,21.0,9.2,405,4366,,
2020-10-18T00:00:00,9,13.0,7.7,217,2758,,
2020-10-18T00:00:00,10,36.0,7.2,743,8791,,
2020-10-18T00:00:00,11,33.0,7.0,883,11169,,
2020-10-18T00:00:00,14,0.0,7.5,191,2550,,
2020-10-19T00:00:00,1,12.0,11.9,364,2651,,
2020-10-19T00:00:00,2,14.0,7.1,331,4794,,
2020-10-19T00:00:00,3,12.0,7.2,128,2077,,
2020-10-19T00:00:00,4,4.0,7.8,137,1432,,
2020-10-19T00:00:00,5,6.0,9.1,105,1161,,
2020-10-19T00:00:00,6,18.0,2.6,189,7556,,
2020-10-19T00:00:00,7,16.0,9.1,298,2946,,
2020-10-19T00:00:00,8,22.0,9.4,520,4821,,
2020-10-19T00:00:00,9,12.0,7.8,239,3253,,
2020-10-19T00:00:00,10,38.0,7.2,809,9523,,
2020-10-19T00:00:00,11,32.0,7.0,795,10455,,
2020-10-19T00:00:00,14,0.0,7.5,165,2751,,
2020-10-20T00:00:00,1,13.0,11.7,305,2457,,
2020-10-20T00:00:00,2,15.0,7.0,409,6427,,
2020-10-20T00:00:00,3,12.0,7.2,203,3262,,
2020-10-20T00:00:00,4,5.0,8.1,169,2111,,
2020-10-20T00:00:00,5,8.0,8.7,108,1652,,
2020-10-20T00:00:00,6,19.0,2.6,405,14503,,
2020-10-20T00:00:00,7,16.0,9.2,267,3113,,
2020-10-20T00:00:00,8,23.0,9.4,490,4825,,
2020-10-20T00:00:00,9,12.0,7.7,295,3834,,
2020-10-20T00:00:00,10,42.0,7.3,849,10442,,
2020-10-20T00:00:00,11,36.0,7.0,679,9773,,
2020-10-20T00:00:00,14,0.0,7.3,373,4361,,
2020-10-21T00:00:00,1,14.0,12.2,553,3911,,
2020-10-21T00:00:00,2,14.0,7.0,404,5998,,
2020-10-21T00:00:00,3,13.0,7.3,246,3351,,
2020-10-21T00:00:00,4,6.0,8.2,289,3206,,
2020-10-21T00:00:00,5,8.0,8.3,190,2146,,
2020-10-21T00:00:00,6,17.0,2.5,320,14713,,
2020-10-21T00:00:00,7,16.0,9.3,387,3984,,
2020-10-21T00:00:00,8,24.0,9.3,542,6207,,
2020-10-21T00:00:00,9,13.0,7.8,334,4297,,
2020-10-21T00:00:00,10,47.0,7.5,1040,13171,,
2020-10-21T00:00:00,11,40.0,7.3,1123,14137,,
2020-10-21T00:00:00,14,0.0,7.3,272,3200,,
2020-10-22T00:00:00,1,14.0,12.7,465,3467,,
2020-10-22T00:00:00,2,14.0,7.0,500,6696,,
2020-10-22T00:00:00,3,12.0,7.5,191,2925,,
2020-10-22T00:00:00,4,5.0,8.2,182,2471,,
2020-10-22T00:00:00,5,9.0,8.7,214,1992,,
2020-10-22T00:00:00,6,19.0,2.6,346,12688,,
2020-10-22T00:00:00,7,18.0,9.3,309,3187,,
2020-10-22T00:00:00,8,25.0,9.2,608,7007,,
2020-10-22T00:00:00,9,13.0,7.9,324,3950,,
2020-10-22T00:00:00,10,49.0,7.7,945,11895,,
2020-10-22T00:00:00,11,41.0,7.5,1203,15414,,
2020-10-22T00:00:00,14,0.0,7.6,297,3908,,
2020-10-23T00:00:00,1,15.0,12.8,459,4000,,
2020-10-23T00:00:00,2,14.0,7.2,546,6757,,
2020-10-23T00:00:00,3,11.0,7.8,274,2414,,
2020-10-23T00:00:00,4,5.0,8.4,186,2429,,
2020-10-23T00:00:00,5,10.0,8.8,141,1526,,
2020-10-23T00:00:00,6,19.0,2.7,361,12529,,
2020-10-23T00:00:00,7,16.0,9.3,358,4029,,
2020-10-23T00:00:00,8,27.0,9.5,706,7316,,
2020-10-23T00:00:00,9,13.0,8.1,388,3950,,
2020-10-23T00:00:00,10,50.0,7.7,969,15414,,
2020-10-23T00:00:00,11,41.0,7.7,987,14053,,
2020-10-23T00:00:00,14,0.0,7.8,320,3774,,
2020-10-24T00:00:00,1,14.0,12.5,456,3823,,
2020-10-24T00:00:00,2,16.0,7.5,455,4548,,
2020-10-24T00:00:00,3,11.0,8.0,261,2231,,
2020-10-24T00:00:00,4,5.0,8.3,224,2754,,
2020-10-24T00:00:00,5,10.0,9.0,148,1473,,
2020-10-24T00:00:00,6,20.0,2.7,351,12104,,
2020-10-24T00:00:00,7,16.0,9.6,333,2894,,
2020-10-24T00:00:00,8,31.0,9.5,585,6088,,
2020-10-24T00:00:00,9,15.0,8.4,444,4762,,
2020-10-24T00:00:00,10,54.0,8.0,1237,13528,,
2020-10-24T00:00:00,11,43.0,7.8,1274,14344,,
2020-10-24T00:00:00,14,0.0,7.9,302,3798,,
2020-10-25T00:00:00,1,15.0,13.0,375,2670,,
2020-10-25T00:00:00,2,18.0,7.7,479,5222,,
2020-10-25T00:00:00,3,10.0,8.1,194,2179,,
2020-10-25T00:00:00,4,5.0,8.5,222,2156,,
2020-10-25T00:00:00,5,9.0,9.0,54,688,,
2020-10-25T00:00:00,6,20.0,2.8,261,6838,,
2020-10-25T00:00:00,7,18.0,9.8,308,2962,,
2020-10-25T00:00:00,8,33.0,9.6,543,5438,,
2020-10-25T00:00:00,9,16.0,8.4,290,3509,,
2020-10-25T00:00:00,10,55.0,8.0,957,10640,,
2020-10-25T00:00:00,11,45.0,8.1,1304,12893,,
2020-10-25T00:00:00,14,0.0,8.1,236,2474,,
2020-10-26T00:00:00,1,14.0,12.9,332,2482,,
2020-10-26T00:00:00,2,18.0,7.9,424,4878,,
2020-10-26T00:00:00,3,11.0,8.8,238,1881,,
2020-10-26T00:00:00,4,5.0,8.5,127,1305,,
2020-10-26T00:00:00,5,9.0,9.1,110,1148,,
2020-10-26T00:00:00,6,18.0,2.9,325,8621,,
2020-10-26T00:00:00,7,20.0,10.1,328,2476,,
2020-10-26T00:00:00,8,35.0,9.6,523,4648,,
2020-10-26T00:00:00,9,17.0,8.7,406,4140,,
2020-10-26T00:00:00,10,59.0,8.3,1022,9741,,
2020-10-26T00:00:00,11,47.0,8.2,1010,11295,,
2020-10-26T00:00:00,14,0.0,8.4,279,3195,,
2020-10-27T00:00:00,1,14.0,13.2,467,3108,,
2020-10-27T00:00:00,2,18.0,8.5,587,5828,,
2020-10-27T00:00:00,3,11.0,9.2,263,3172,,
2020-10-27T00:00:00,4,5.0,8.7,154,1546,,
2020-10-27T00:00:00,5,10.0,9.7,185,1760,,
2020-10-27T00:00:00,6,20.0,2.9,443,15832,,
2020-10-27T00:00:00,7,21.0,10.5,366,3316,,
2020-10-27T00:00:00,8,36.0,9.8,663,6006,,
2020-10-27T00:00:00,9,19.0,9.1,421,3984,,
2020-10-27T00:00:00,10,59.0,8.6,1161,10541,,
2020-10-27T00:00:00,11,51.0,8.4,868,10261,,
2020-10-27T00:00:00,14,0.0,8.6,327,3211,,
2020-10-28T00:00:00,1,15.0,13.6,688,4231,,
2020-10-28T00:00:00,2,20.0,8.9,635,6986,,
2020-10-28T00:00:00,3,11.0,10.0,402,3453,,
2020-10-28T00:00:00,4,6.0,8.7,296,3389,,
2020-10-28T00:00:00,5,10.0,10.1,258,2382,,
2020-10-28T00:00:00,6,20.0,3.1,466,12677,,
2020-10-28T00:00:00,7,22.0,10.8,499,4236,,
2020-10-28T00:00:00,8,38.0,10.2,778,6648,,
2020-10-28T00:00:00,9,20.0,9.6,523,4942,,
2020-10-28T00:00:00,10,62.0,9.1,1437,13554,,
2020-10-28T00:00:00,11,54.0,8.6,1097,11722,,
2020-10-28T00:00:00,14,0.0,9.0,419,3893,,
2020-10-29T00:00:00,1,16.0,13.5,553,4276,,
2020-10-29T00:00:00,2,21.0,9.3,760,7482,,
2020-10-29T00:00:00,3,10.0,10.5,397,3954,,
2020-10-29T00:00:00,4,6.0,9.1,243,2338,,
2020-10-29T00:00:00,5,10.0,9.6,135,1736,,
2020-10-29T00:00:00,6,19.0,3.3,519,14668,,
2020-10-29T00:00:00,7,23.0,11.4,548,4202,,
2020-10-29T00:00:00,8,39.0,10.6,841,7627,,
2020-10-29T00:00:00,9,21.0,9.7,424,4482,,
2020-10-29T00:00:00,10,66.0,9.3,1440,15115,,
2020-10-29T00:00:00,11,56.0,9.0,1808,18339,,
2020-10-29T00:00:00,14,0.0,9.3,460,4723,,
2020-10-30T00:00:00,1,16.0,14.6,831,4785,,
2020-10-30T00:00:00,2,21.0,9.7,687,6467,,
2020-10-30T00:00:00,3,11.0,10.6,396,3394,,
2020-10-30T00:00:00,4,6.0,9.7,330,2982,,
2020-10-30T00:00:00,5,9.0,10.0,230,2044,,
2020-10-30T00:00:00,6,19.0,3.3,397,13228,,
2020-10-30T00:00:00,7,23.0,12.4,618,4075,,
2020-10-30T00:00:00,8,40.0,11.1,991,8077,,
2020-10-30T00:00:00,9,22.0,10.2,790,6440,,
2020-10-30T00:00:00,10,65.0,10.1,1861,17071,,
2020-10-30T00:00:00,11,60.0,9.7,1993,17412,,
2020-10-30T00:00:00,14,0.0,9.5,356,3644,,
2020-10-31T00:00:00,1,20.0,15.3,693,4205,,
2020-10-31T00:00:00,2,21.0,9.9,638,5779,,
2020-10-31T00:00:00,3,12.0,10.5,291,2695,,
2020-10-31T00:00:00,4,7.0,10.2,271,2422,,
2020-10-31T00:00:00,5,10.0,9.9,142,1526,,
2020-10-31T00:00:00,6,21.0,3.6,434,7569,,
2020-10-31T00:00:00,7,25.0,12.6,498,3851,,
2020-10-31T00:00:00,8,40.0,11.6,917,6947,,
2020-10-31T00:00:00,9,23.0,10.5,602,5476,,
2020-10-31T00:00:00,10,67.0,10.5,1811,15800,,
2020-10-31T00:00:00,11,65.0,10.2,2279,19521,,
2020-10-31T00:00:00,14,0.0,9.9,384,3633,,
2020-11-01T00:00:00,1,21.0,15.7,543,3051,,
2020-11-01T00:00:00,2,24.0,10.1,646,5819,,
2020-11-01T00:00:00,3,12.0,11.1,365,2619,,
2020-11-01T00:00:00,4,7.0,10.1,228,2350,,
2020-11-01T00:00:00,5,10.0,10.0,127,1248,,
2020-11-01T00:00:00,6,20.0,3.4,295,10949,,
2020-11-01T00:00:00,7,25.0,13.3,545,3355,,
2020-11-01T00:00:00,8,42.0,12.1,848,6028,,
2020-11-01T00:00:00,9,25.0,11.1,427,2999,,
2020-11-01T00:00:00,10,69.0,10.9,1470,11361,,
2020-11-01T00:00:00,11,67.0,10.4,1848,15902,,
2020-11-01T00:00:00,14,0.0,10.0,273,2786,,
2020-11-02T00:00:00,1,23.0,15.8,633,4268,,
2020-11-02T00:00:00,2,25.0,10.4,622,5496,,
2020-11-02T00:00:00,3,13.0,11.0,376,3384,,
2020-11-02T00:00:00,4,7.0,10.7,295,2023,,
2020-11-02T00:00:00,5,11.0,10.3,177,1429,,
2020-11-02T00:00:00,6,22.0,3.5,409,8710,,
2020-11-02T00:00:00,7,26.0,13.4,552,4007,,
2020-11-02T00:00:00,8,45.0,12.2,917,7506,,
2020-11-02T00:00:00,9,28.0,11.2,613,5657,,
2020-11-02T00:00:00,10,77.0,11.1,1635,13575,,
2020-11-02T00:00:00,11,72.0,10.8,1759,14985,,
2020-11-02T00:00:00,14,0.0,10.0,366,3917,,
2020-11-03T00:00:00,1,24.0,15.8,469,3055,,
2020-11-03T00:00:00,2,27.0,10.7,795,6680,,
2020-11-03T00:00:00,3,14.0,11.4,254,2191,,
2020-11-03T00:00:00,4,8.0,10.7,196,1946,,
2020-11-03T00:00:00,5,11.0,10.6,133,1024,,
2020-11-03T00:00:00,6,22.0,3.5,410,14903,,
2020-11-03T00:00:00,7,26.0,14.2,576,3228,,
2020-11-03T00:00:00,8,46.0,12.7,940,6067,,
2020-11-03T00:00:00,9,31.0,11.6,648,4798,,
2020-11-03T00:00:00,10,81.0,11.3,1445,11965,,
2020-11-03T00:00:00,11,73.0,11.0,1220,11229,,
2020-11-03T00:00:00,14,0.0,10.2,311,2680,,
2020-11-04T00:00:00,1,25.0,16.1,797,4349,,
2020-11-04T00:00:00,2,25.0,11.6,1162,7961,,
2020-11-04T00:00:00,3,15.0,11.9,638,4630,,
2020-11-04T00:00:00,4,7.0,11.3,372,3049,,
2020-11-04T00:00:00,5,11.0,10.6,260,2347,,
2020-11-04T00:00:00,6,23.0,3.7,508,11099,,
2020-11-04T00:00:00,7,27.0,14.8,623,3957,,
2020-11-04T00:00:00,8,46.0,12.9,849,6736,,
2020-11-04T00:00:00,9,32.0,11.8,718,5850,,
2020-11-04T00:00:00,10,84.0,11.6,1843,14481,,
2020-11-04T00:00:00,11,73.0,11.4,1857,14510,,
2020-11-04T00:00:00,14,0.0,10.2,442,4022,,
2020-11-05T00:00:00,1,26.0,16.8,730,4167,,
2020-11-05T00:00:00,2,26.0,12.5,1459,10062,,
2020-11-05T00:00:00,3,19.0,13.3,816,4745,,
2020-11-05T00:00:00,4,7.0,12.0,506,3534,,
2020-11-05T00:00:00,5,11.0,11.2,320,2795,,
2020-11-05T00:00:00,6,25.0,3.8,757,17245,,
2020-11-05T00:00:00,7,30.0,15.4,755,4561,,
2020-11-05T00:00:00,8,52.0,13.3,1047,7626,,
2020-11-05T00:00:00,9,34.0,12.5,824,5663,,
2020-11-05T00:00:00,10,87.0,12.1,1932,15237,,
2020-11-05T00:00:00,11,79.0,11.9,2108,16065,,
2020-11-05T00:00:00,14,0.0,10.8,650,4995,,
