,beds,beds,beds,beds,beds,beds,beds,beds,beds,beds,beds,icu,icu,icu,icu,icu,icu,icu,icu,icu,icu,icu,cliAdmissions,cliAdmissions,cliAdmissions,cliAdmissions,cliAdmissions,cliAdmissions,cliAdmissions,cliAdmissions,cliAdmissions,cliAdmissions,cliAdmissions,testPositivity,testPositivity,testPositivity,testPositivity,testPositivity,testPositivity,testPositivity,testPositivity,testPositivity,testPositivity,testPositivity,positiveTests,positiveTests,positiveTests,positiveTests,positiveTests,positiveTests,positiveTests,positiveTests,positiveTests,positiveTests,positiveTests,totalTests,totalTests,totalTests,totalTests,totalTests,totalTests,totalTests,totalTests,totalTests,totalTests,totalTests
region,Chicago,East-Central,Metro East,North,North Suburban,North-Central,South Suburban,Southern,Suburban Cook,West Suburban,West-Central,Chicago,East-Central,Metro East,North,North Suburban,North-Central,South Suburban,Southern,Suburban Cook,West Suburban,West-Central,Chicago,East-Central,Metro East,North,North Suburban,North-Central,South Suburban,Southern,Suburban Cook,West Suburban,West-Central,Chicago,East-Central,Metro East,North,North Suburban,North-Central,South Suburban,Southern,Suburban Cook,West Suburban,West-Central,Chicago,East-Central,Metro East,North,North Suburban,North-Central,South Suburban,Southern,Suburban Cook,West Suburban,West-Central,Chicago,East-Central,Metro East,North,North Suburban,North-Central,South Suburban,Southern,Suburban Cook,West Suburban,West-Central
date,,,,,,,,,,,,,,,,,,,,,,,,,,,,,,,,,,,,,,,,,,,,,,,,,,,,,,,,,,,,,,,,,,
2020-06-11,,,,,,,,,,,,,,,,,,,,,,,11.0,0.0,3.0,1.0,3.0,1.0,3.0,0.0,10.0,5.0,0.0,8.6,1.7,4.4,6.7,5.5,2.7,5.9,1.6,7.3,7.0,1.6,349.0,21.0,31.0,60.0,101.0,70.0,76.0,5.0,271.0,136.0,12.0,5454.0,1224.0,924.0,944.0,1986.0,1913.0,1492.0,472.0,5204.0,2381.0,1843.0
2020-06-12,,,,,,,,,,,,,,,,,,,,,,,16.0,1.0,3.0,2.0,4.0,2.0,4.0,1.0,15.0,7.0,1.0,7.7,1.6,4.9,5.9,5.3,2.8,5.4,1.5,6.6,6.5,1.3,307.0,20.0,51.0,51.0,88.0,69.0,50.0,13.0,234.0,113.0,4.0,4952.0,1012.0,627.0,1096.0,1350.0,1990.0,1149.0,413.0,4265.0,2158.0,1198.0
2020-06-13,0.340851758,0.437389771,0.412314887,0.46989721,0.391466208,0.472685349,0.356504065,0.456405261,0.274901084,0.32049948,0.424799763,0.405074901,0.621722846,0.480916031,0.528735632,0.523809524,0.492341357,0.352490421,0.593103448,0.3599836,0.434913469,0.55,22.0,1.0,4.0,2.0,5.0,2.0,5.0,1.0,18.0,9.0,1.0,7.2,1.6,4.6,5.8,4.8,2.7,5.3,1.3,6.3,6.0,1.4,329.0,22.0,50.0,61.0,66.0,32.0,59.0,8.0,271.0,102.0,12.0,5486.0,1383.0,1150.0,912.0,1490.0,1792.0,1092.0,607.0,4683.0,2090.0,630.0
2020-06-14,0.35595362,0.466431095,0.426619828,0.486417034,0.416953036,0.477643719,0.362195122,0.45054425,0.305531696,0.342525147,0.448102017,0.421229734,0.623595506,0.506361323,0.525862069,0.54954955,0.486427796,0.360153257,0.605536332,0.384173842,0.452219714,0.552083333,28.0,2.0,4.0,3.0,6.0,3.0,7.0,1.0,20.0,10.0,1.0,6.8,1.6,4.8,5.6,4.5,2.4,5.1,1.4,6.1,5.5,1.5,305.0,8.0,54.0,26.0,51.0,16.0,29.0,5.0,237.0,81.0,11.0,4664.0,904.0,1005.0,536.0,1512.0,1396.0,858.0,493.0,4357.0,1802.0,607.0
2020-06-15,0.366352084,0.48344175,0.423934298,0.51835536,0.432703322,0.48678375,0.364227642,0.480970504,0.325956425,0.362296219,0.456270382,0.439755352,0.593632959,0.486005089,0.567528736,0.567567568,0.523344191,0.367816092,0.584229391,0.407544075,0.480812641,0.55625,35.0,2.0,6.0,4.0,7.0,4.0,8.0,1.0,24.0,11.0,1.0,6.3,1.5,4.6,5.5,4.4,2.4,4.8,1.4,5.7,5.2,1.4,236.0,9.0,6.0,21.0,39.0,22.0,52.0,5.0,195.0,87.0,7.0,4487.0,722.0,261.0,549.0,1126.0,970.0,1232.0,287.0,3825.0,2057.0,778.0
2020-06-16,0.357095121,0.469943737,0.392537894,0.53671072,0.430985109,0.475075395,0.355691057,0.481109517,0.325355979,0.366631981,0.442086649,0.440293938,0.558052434,0.460559796,0.576149425,0.574002574,0.555917481,0.358237548,0.525925926,0.401394014,0.486832205,0.56875,41.0,3.0,7.0,4.0,8.0,4.0,9.0,1.0,30.0,13.0,1.0,6.2,1.6,4.5,5.3,4.3,2.3,4.6,1.4,5.5,5.0,1.5,334.0,32.0,48.0,65.0,75.0,40.0,74.0,6.0,307.0,130.0,8.0,5943.0,1265.0,1211.0,1287.0,1887.0,2284.0,1996.0,668.0,6165.0,3169.0,798.0
2020-06-17,0.341099651,0.451670115,0.379443586,0.537444934,0.405784651,0.455093003,0.365853659,0.483823529,0.312489278,0.347901492,0.42899061,0.423478795,0.563670412,0.445292621,0.593390805,0.568854569,0.549402823,0.342911877,0.503703704,0.380893809,0.475545523,0.55,41.0,3.0,6.0,4.0,8.0,4.0,10.0,1.0,28.0,12.0,2.0,5.8,1.6,4.7,5.4,4.4,2.3,4.2,1.3,5.3,4.6,0.9,233.0,22.0,58.0,46.0,57.0,51.0,40.0,7.0,225.0,101.0,17.0,4870.0,1739.0,1142.0,767.0,1555.0,2667.0,1277.0,775.0,4620.0,2807.0,1831.0
2020-06-18,0.319166296,0.43450103,0.366180982,0.505430847,0.382875143,0.435167168,0.365853659,0.466233117,0.294990564,0.32575889,0.41834648,0.413399197,0.563670412,0.440203562,0.567489115,0.557271557,0.528773073,0.331417625,0.510714286,0.350877193,0.455981941,0.539583333,42.0,3.0,5.0,4.0,7.0,4.0,9.0,2.0,26.0,11.0,2.0,5.8,1.3,4.7,5.3,4.2,2.0,3.7,1.4,5.2,4.2,1.1,299.0,14.0,46.0,55.0,75.0,30.0,49.0,11.0,220.0,80.0,34.0,5108.0,2592.0,1322.0,975.0,1717.0,1962.0,1904.0,725.0,4503.0,2295.0,2307.0
2020-06-19,0.311674826,0.41842723,0.387034906,0.4875,0.374570447,0.432783433,0.36300813,0.489535477,0.28787099,0.31870229,0.40994152,0.402906617,0.556179775,0.498727735,0.565982405,0.553410553,0.515743757,0.333333333,0.565517241,0.350791717,0.462001505,0.5125,43.0,3.0,5.0,4.0,7.0,4.0,9.0,2.0,25.0,11.0,1.0,5.8,1.2,4.0,5.6,3.9,1.7,3.7,1.3,5.3,4.1,1.2,316.0,19.0,57.0,47.0,56.0,34.0,65.0,11.0,311.0,107.0,8.0,5107.0,2149.0,1863.0,679.0,1472.0,2043.0,1592.0,652.0,5020.0,2640.0,1431.0
2020-06-20,0.311618935,0.429284038,0.374376678,0.497533474,0.380870561,0.430514385,0.347154472,0.51417004,0.284697204,0.3358313,0.41937372,0.409638554,0.531835206,0.526717557,0.571851852,0.554697555,0.533116178,0.356321839,0.593103448,0.363232323,0.47103085,0.55,41.0,3.0,5.0,4.0,7.0,4.0,9.0,2.0,25.0,11.0,1.0,5.6,1.1,4.0,5.2,4.0,1.8,3.7,1.3,5.3,4.3,1.1,288.0,12.0,45.0,63.0,81.0,36.0,76.0,10.0,277.0,160.0,8.0,5959.0,1044.0,1108.0,1410.0,1557.0,1529.0,1515.0,485.0,4873.0,2687.0,723.0
2020-06-21,0.336425709,0.440857059,0.367855773,0.517618041,0.406071019,0.443095866,0.354471545,0.543401907,0.300566135,0.369508139,0.4390744,0.40154321,0.529962547,0.531806616,0.608888889,0.553410553,0.552516411,0.38697318,0.60899654,0.381414141,0.490594432,0.591666667,38.0,3.0,5.0,4.0,7.0,4.0,8.0,2.0,25.0,11.0,2.0,5.2,1.2,3.7,5.0,3.9,1.9,3.7,1.3,5.3,4.3,1.0,144.0,23.0,15.0,22.0,40.0,32.0,39.0,0.0,196.0,91.0,7.0,3978.0,1220.0,478.0,773.0,1660.0,1243.0,1199.0,234.0,3860.0,1857.0,711.0
2020-06-22,0.348626578,0.459507042,0.351361718,0.522903453,0.420962199,0.458846635,0.369918699,0.537157107,0.313775948,0.396097046,0.450205038,0.415636588,0.558052434,0.511450382,0.625185185,0.563706564,0.58213892,0.417624521,0.591695502,0.410505051,0.500376223,0.5875,36.0,3.0,4.0,4.0,7.0,3.0,8.0,2.0,25.0,11.0,2.0,5.1,1.3,3.7,5.1,4.0,1.9,3.7,1.3,5.4,4.3,1.0,206.0,21.0,30.0,37.0,73.0,29.0,46.0,5.0,219.0,90.0,9.0,4426.0,1014.0,922.0,651.0,1639.0,1480.0,982.0,370.0,3624.0,2252.0,1197.0
2020-06-23,0.341202673,0.447861746,0.355444785,0.494714588,0.407502864,0.464117434,0.354471545,0.508551308,0.313432836,0.373417722,0.430123312,0.41924505,0.556179775,0.51653944,0.631111111,0.562419562,0.57,0.438697318,0.555172414,0.400808081,0.488337096,0.541666667,35.0,4.0,4.0,4.0,8.0,4.0,9.0,2.0,22.0,11.0,2.0,4.9,1.2,4.2,4.7,3.8,2.0,3.7,1.5,5.4,4.2,1.2,212.0,32.0,124.0,25.0,37.0,48.0,39.0,14.0,241.0,107.0,45.0,5331.0,2233.0,2082.0,989.0,1484.0,2323.0,1168.0,709.0,4860.0,2818.0,2091.0
2020-06-24,0.318040089,0.440933255,0.33691894,0.470401691,0.388029782,0.453340595,0.317886179,0.483180428,0.302317567,0.337552743,0.399646851,0.423791822,0.558052434,0.488549618,0.622222222,0.562419562,0.558985667,0.408045977,0.536082474,0.393535354,0.455981941,0.502083333,35.0,4.0,3.0,3.0,8.0,5.0,9.0,2.0,21.0,12.0,1.0,4.8,1.2,3.8,4.5,3.7,1.9,3.8,1.7,5.2,4.3,1.2,301.0,29.0,67.0,50.0,76.0,48.0,47.0,22.0,228.0,100.0,13.0,6571.0,2189.0,2249.0,1143.0,2303.0,2656.0,1207.0,1188.0,5532.0,2700.0,2233.0
2020-06-25,0.310541945,0.424612634,0.338461538,0.451726568,0.379725086,0.4399126,0.300813008,0.468315301,0.284094843,0.314014752,0.371394938,0.423482032,0.546816479,0.503816794,0.622222222,0.537966538,0.510940919,0.385057471,0.52233677,0.371717172,0.427059713,0.491666667,33.0,4.0,2.0,4.0,7.0,4.0,9.0,1.0,22.0,12.0,1.0,4.7,1.5,3.9,4.1,3.5,2.1,4.2,2.0,5.3,4.3,1.0,347.0,35.0,36.0,36.0,68.0,52.0,106.0,20.0,311.0,123.0,14.0,6933.0,1745.0,846.0,1161.0,2173.0,1768.0,2309.0,428.0,6072.0,3008.0,1667.0
2020-06-26,0.308285164,0.433473811,0.356673114,0.458773784,0.394902635,0.443227455,0.295934959,0.475180972,0.278487614,0.315614035,0.374633001,0.425868486,0.559925094,0.498727735,0.634074074,0.528957529,0.497285559,0.367816092,0.542955326,0.372121212,0.432042521,0.510416667,31.0,4.0,2.0,4.0,8.0,5.0,9.0,1.0,21.0,12.0,1.0,4.7,1.6,4.5,3.8,3.4,2.5,4.6,2.1,4.9,4.3,1.3,396.0,24.0,82.0,46.0,56.0,92.0,108.0,11.0,251.0,117.0,29.0,7307.0,1739.0,1230.0,1220.0,1807.0,2218.0,1671.0,519.0,6451.0,3117.0,1373.0
2020-06-27,0.323433806,0.429433052,0.404114907,0.475334743,0.411206897,0.443410004,0.309349593,0.486068111,0.281182095,0.332807571,0.381956649,0.436057392,0.565543071,0.549618321,0.651851852,0.533505155,0.479913138,0.377394636,0.553264605,0.382626263,0.456903127,0.55,31.0,3.0,2.0,5.0,7.0,5.0,9.0,1.0,21.0,12.0,1.0,4.7,1.6,4.7,3.6,3.1,2.7,4.7,2.2,4.8,4.0,1.2,327.0,38.0,50.0,33.0,49.0,66.0,75.0,12.0,196.0,81.0,7.0,6716.0,2516.0,826.0,954.0,2002.0,1670.0,1292.0,331.0,4053.0,1771.0,818.0
2020-06-28,0.33907792,0.44592145,0.438986355,0.490133897,0.426758939,0.454296661,0.327642276,0.506912442,0.301173403,0.348405188,0.409197422,0.440401506,0.565543071,0.564885496,0.678518519,0.540645161,0.487513572,0.385057471,0.587628866,0.408888889,0.489702517,0.595833333,32.0,3.0,2.0,5.0,7.0,6.0,9.0,1.0,21.0,12.0,1.0,4.6,1.5,4.6,3.5,3.2,2.6,4.6,2.1,4.6,3.9,1.3,241.0,19.0,65.0,23.0,81.0,35.0,32.0,8.0,181.0,79.0,23.0,6672.0,1602.0,1622.0,993.0,2342.0,2251.0,1240.0,819.0,4960.0,2249.0,1302.0
2020-06-29,0.357458076,0.44656373,0.430528376,0.500704722,0.428819444,0.453931764,0.351626016,0.518575064,0.317427206,0.374518051,0.416666667,0.451480781,0.531835206,0.541984733,0.684444444,0.524547804,0.471226927,0.377394636,0.580756014,0.432727273,0.50877193,0.620833333,31.0,3.0,2.0,5.0,7.0,5.0,10.0,1.0,21.0,13.0,1.0,4.7,1.4,4.8,3.2,3.1,2.6,4.4,1.9,4.6,3.9,1.4,312.0,22.0,58.0,35.0,70.0,59.0,53.0,7.0,283.0,126.0,14.0,6183.0,2077.0,1212.0,1171.0,1952.0,2255.0,1532.0,832.0,5097.0,3001.0,1038.0
2020-06-30,0.347749338,0.440508629,0.402745098,0.490133897,0.419849537,0.451012589,0.349593496,0.521428571,0.316818774,0.368734665,0.416228838,0.453056081,0.496254682,0.478371501,0.69808542,0.494832041,0.472312704,0.38697318,0.570446735,0.43030303,0.501144165,0.635416667,31.0,2.0,2.0,5.0,7.0,5.0,10.0,1.0,22.0,13.0,1.0,4.7,1.5,4.7,3.4,3.2,2.8,4.5,2.1,4.5,3.8,1.3,304.0,35.0,70.0,62.0,62.0,83.0,95.0,28.0,288.0,107.0,20.0,7151.0,1425.0,1154.0,1697.0,1954.0,2696.0,2287.0,963.0,6624.0,3226.0,796.0
2020-07-01,0.329288026,0.413260672,0.358823529,0.498238196,0.403935185,0.426564496,0.335365854,0.514403292,0.302824859,0.353838065,0.408508159,0.435265105,0.47752809,0.417302799,0.691068814,0.481912145,0.466883822,0.390804598,0.553264605,0.411407767,0.485125858,0.641666667,29.0,3.0,3.0,5.0,7.0,5.0,10.0,1.0,23.0,12.0,1.0,4.6,1.6,5.1,3.1,3.2,3.1,4.5,2.2,4.5,3.9,1.6,266.0,39.0,44.0,25.0,57.0,80.0,76.0,9.0,255.0,147.0,24.0,6601.0,1826.0,1042.0,1072.0,1742.0,2431.0,1864.0,484.0,6078.0,3392.0,1298.0
2020-07-02,0.314724919,0.385312783,0.355686275,0.489076815,0.399826037,0.422733078,0.317886179,0.516095535,0.290656236,0.333158079,0.407634033,0.414229726,0.481273408,0.419847328,0.708879185,0.496124031,0.495114007,0.388888889,0.549828179,0.392871608,0.468296409,0.5875,30.0,3.0,3.0,4.0,7.0,5.0,11.0,1.0,23.0,12.0,2.0,4.5,1.6,5.2,3.2,3.4,3.2,4.4,1.9,4.4,3.8,1.8,350.0,45.0,57.0,37.0,95.0,107.0,66.0,8.0,289.0,118.0,26.0,7870.0,2368.0,1146.0,1098.0,2090.0,2965.0,1545.0,407.0,6532.0,3634.0,1540.0
2020-07-03,0.31899088,0.393432836,0.363064833,0.510923185,0.407902382,0.420361248,0.319105691,0.529718457,0.291177749,0.346126884,0.417832168,0.406489676,0.475655431,0.432569975,0.694323144,0.520671835,0.495114007,0.390804598,0.573883162,0.393349554,0.478959449,0.535416667,32.0,3.0,3.0,4.0,7.0,4.0,10.0,1.0,22.0,13.0,3.0,4.4,1.8,4.8,3.1,3.4,3.1,4.3,2.0,4.4,3.8,1.7,431.0,42.0,45.0,36.0,73.0,96.0,86.0,11.0,235.0,107.0,24.0,9385.0,1852.0,1127.0,1051.0,2203.0,2580.0,1538.0,301.0,6259.0,3017.0,1424.0
2020-07-04,0.336201824,0.4237688,0.372332016,0.523255814,0.42852984,0.443167305,0.320325203,0.557053942,0.304910908,0.376796355,0.437354312,0.418508694,0.466292135,0.430025445,0.695778748,0.552971576,0.512486428,0.381226054,0.567010309,0.409570154,0.510344828,0.491666667,30.0,3.0,4.0,4.0,7.0,5.0,10.0,1.0,22.0,13.0,3.0,4.4,1.8,4.8,3.1,3.6,3.0,4.3,2.1,4.3,3.7,1.9,334.0,36.0,74.0,39.0,62.0,67.0,67.0,22.0,258.0,104.0,23.0,7220.0,1716.0,1286.0,1126.0,1558.0,2202.0,1167.0,567.0,5684.0,2550.0,877.0
2020-07-05,0.363195057,0.457384705,0.375841584,0.538407329,0.458224163,0.462408759,0.329268293,0.558762887,0.324206867,0.41745531,0.450379451,0.428529325,0.468164794,0.404580153,0.657933042,0.558139535,0.490770901,0.377394636,0.539792388,0.435523114,0.550191571,0.516666667,30.0,3.0,4.0,4.0,6.0,5.0,10.0,1.0,23.0,14.0,3.0,4.5,1.9,4.8,3.3,3.6,3.3,4.5,2.4,4.4,3.8,1.8,236.0,25.0,32.0,36.0,47.0,80.0,46.0,11.0,136.0,86.0,12.0,5332.0,1550.0,869.0,970.0,1601.0,2177.0,881.0,410.0,3655.0,1902.0,929.0
2020-07-06,0.374374816,0.468476357,0.356831683,0.517618041,0.461426492,0.492153285,0.333333333,0.548337596,0.334289439,0.436207501,0.449415205,0.432066018,0.47752809,0.41475827,0.631732169,0.554263566,0.467969598,0.352490421,0.484320557,0.454176805,0.572413793,0.535416667,28.0,3.0,4.0,4.0,7.0,6.0,10.0,1.0,23.0,15.0,4.0,4.3,2.1,4.5,3.4,3.7,3.3,4.6,2.6,4.2,3.7,1.9,171.0,28.0,26.0,45.0,84.0,62.0,52.0,9.0,191.0,86.0,35.0,5227.0,1313.0,1103.0,1335.0,1797.0,2438.0,1307.0,576.0,4853.0,2549.0,1560.0
2020-07-07,0.35701677,0.445231769,0.362563901,0.482381959,0.433187773,0.470964207,0.310162602,0.51203277,0.315995137,0.406239047,0.417398946,0.41290893,0.503745318,0.452926209,0.593886463,0.543927649,0.447339848,0.33908046,0.480836237,0.447250509,0.546360153,0.514583333,27.0,3.0,4.0,3.0,5.0,5.0,10.0,2.0,25.0,14.0,4.0,4.1,2.1,4.5,3.2,3.8,3.3,4.6,2.2,3.9,3.8,1.9,206.0,55.0,64.0,22.0,82.0,78.0,62.0,8.0,211.0,110.0,21.0,6641.0,2090.0,1079.0,791.0,2068.0,2420.0,1664.0,753.0,6856.0,3034.0,1215.0
2020-07-08,0.330759047,0.418757467,0.364701289,0.453840733,0.402037846,0.433034899,0.290243902,0.49692623,0.290448512,0.362600771,0.385294118,0.39227822,0.507490637,0.503816794,0.589519651,0.551679587,0.419109663,0.312260536,0.505190311,0.420621931,0.507279693,0.485416667,27.0,2.0,4.0,4.0,5.0,6.0,9.0,2.0,25.0,15.0,4.0,4.1,2.0,4.5,3.4,3.9,3.4,4.4,2.2,4.1,3.6,1.9,305.0,32.0,63.0,40.0,92.0,103.0,71.0,26.0,344.0,126.0,54.0,7705.0,2077.0,1459.0,1090.0,2359.0,2890.0,2050.0,1287.0,6766.0,3506.0,2634.0
2020-07-09,0.306192998,0.391054699,0.371406371,0.434460888,0.380786026,0.394770525,0.268699187,0.480286738,0.275351014,0.333683842,0.372058824,0.374889478,0.488764045,0.51653944,0.590975255,0.547803618,0.431053203,0.312260536,0.5395189,0.39539663,0.472030651,0.464583333,26.0,3.0,4.0,4.0,6.0,5.0,9.0,2.0,25.0,15.0,4.0,4.1,2.1,4.9,3.7,3.9,3.3,4.7,2.8,4.1,3.8,1.9,333.0,47.0,86.0,57.0,106.0,87.0,123.0,41.0,328.0,150.0,20.0,7820.0,2141.0,1092.0,1018.0,2372.0,2448.0,2130.0,722.0,7423.0,3433.0,1547.0
2020-07-10,0.299586777,0.389241463,0.358039216,0.433756166,0.386899563,0.399524593,0.265853659,0.493080472,0.267810712,0.327374693,0.377352941,0.378386337,0.460674157,0.480916031,0.590975255,0.549095607,0.449511401,0.295019157,0.525951557,0.375256885,0.459831676,0.45,25.0,3.0,4.0,4.0,6.0,6.0,9.0,1.0,26.0,15.0,3.0,4.1,2.0,5.3,3.6,3.9,3.4,4.7,3.0,4.4,3.8,2.0,388.0,56.0,97.0,32.0,70.0,121.0,83.0,27.0,321.0,99.0,46.0,8672.0,3200.0,1527.0,1095.0,2157.0,2835.0,1582.0,441.0,5682.0,2862.0,1617.0
2020-07-11,0.301525022,0.406769417,0.349411765,0.458421424,0.401164483,0.421649296,0.262601626,0.504864311,0.282977986,0.34384858,0.386290085,0.392174169,0.456928839,0.44783715,0.592430859,0.546511628,0.493435449,0.298850575,0.53125,0.371968763,0.470588235,0.454166667,25.0,4.0,4.0,4.0,6.0,6.0,9.0,1.0,27.0,14.0,4.0,4.0,1.9,5.7,3.9,3.8,3.7,4.4,3.1,4.3,3.9,2.3,374.0,28.0,157.0,82.0,89.0,143.0,82.0,30.0,327.0,174.0,68.0,9036.0,2014.0,2097.0,1797.0,2758.0,3141.0,2122.0,675.0,8351.0,4046.0,1658.0
2020-07-12,0.314393939,0.445149592,0.354117647,0.49119098,0.434061135,0.438993252,0.274796748,0.524808184,0.300658693,0.361373992,0.398640662,0.395943563,0.496254682,0.391857506,0.590975255,0.573643411,0.518191841,0.300766284,0.536585366,0.384805945,0.491990847,0.414583333,25.0,4.0,4.0,4.0,7.0,6.0,9.0,1.0,26.0,14.0,5.0,3.9,1.9,6.0,3.9,3.9,3.7,4.4,3.1,4.3,3.8,2.4,301.0,4.0,74.0,58.0,96.0,107.0,79.0,7.0,230.0,101.0,49.0,8147.0,386.0,1158.0,1424.0,2423.0,2876.0,1630.0,363.0,5931.0,2795.0,1953.0
2020-07-13,0.332664884,0.473716012,0.355477855,0.502466526,0.444250364,0.450245589,0.286585366,0.538382805,0.324232969,0.385909569,0.395734597,0.402704292,0.494382022,0.435114504,0.598253275,0.583979328,0.511111111,0.342911877,0.567474048,0.397605285,0.510297483,0.4125,27.0,4.0,4.0,4.0,7.0,6.0,9.0,1.0,25.0,13.0,5.0,4.0,1.8,6.6,3.8,3.8,3.8,4.4,3.1,4.3,3.7,2.7,199.0,15.0,104.0,29.0,70.0,116.0,42.0,14.0,204.0,83.0,66.0,5127.0,1511.0,1354.0,1116.0,1960.0,3494.0,1215.0,692.0,4429.0,3138.0,1508.0
2020-07-14,0.323900772,0.456469166,0.338509317,0.477448908,0.418340611,0.440936309,0.293902439,0.527692308,0.308892356,0.37276551,0.384251036,0.407701352,0.486891386,0.468193384,0.598253275,0.583979328,0.492222222,0.333333333,0.586206897,0.40957886,0.499618612,0.40625,27.0,4.0,4.0,4.0,8.0,7.0,8.0,1.0,25.0,14.0,5.0,4.1,1.7,6.6,3.9,3.7,4.0,4.4,3.6,4.5,3.7,2.8,324.0,58.0,95.0,46.0,82.0,172.0,72.0,40.0,302.0,148.0,80.0,8307.0,3012.0,1584.0,1234.0,2384.0,3683.0,1800.0,1006.0,6813.0,3943.0,2852.0
2020-07-15,0.307560903,0.412885662,0.329968944,0.442565187,0.397379913,0.415169661,0.281707317,0.504110997,0.286618131,0.342436975,0.358028335,0.411228689,0.475655431,0.544529262,0.593886463,0.581395349,0.455555556,0.325670498,0.597269625,0.388409371,0.486590038,0.429166667,26.0,4.0,4.0,4.0,9.0,7.0,8.0,1.0,24.0,13.0,6.0,4.0,1.7,6.9,3.8,3.7,4.0,4.6,4.2,4.4,3.8,2.8,306.0,66.0,132.0,46.0,121.0,191.0,91.0,65.0,352.0,132.0,59.0,7979.0,3497.0,1978.0,1535.0,3089.0,5188.0,1886.0,1399.0,8021.0,3201.0,2635.0
2020-07-16,0.27926322,0.362783661,0.314677104,0.417195208,0.384861718,0.389947378,0.267073171,0.483453981,0.264950598,0.315145156,0.348864642,0.402410347,0.486891386,0.475826972,0.572052402,0.569767442,0.43107221,0.281609195,0.610169492,0.380189067,0.474210931,0.4125,27.0,4.0,5.0,4.0,9.0,8.0,8.0,1.0,25.0,14.0,5.0,3.9,1.8,6.9,3.6,3.6,4.0,4.7,3.8,4.4,3.7,3.1,402.0,102.0,102.0,60.0,101.0,187.0,114.0,30.0,286.0,93.0,90.0,10953.0,4690.0,1268.0,1508.0,2790.0,4778.0,1774.0,1080.0,6595.0,2571.0,2468.0
2020-07-17,0.272875817,0.359649123,0.308053167,0.419309373,0.403784571,0.36566092,0.254471545,0.483787957,0.266597331,0.317085954,0.353339217,0.396531452,0.494382022,0.430379747,0.547307132,0.555555556,0.456896552,0.287356322,0.602693603,0.370324702,0.475638051,0.3875,29.0,4.0,5.0,4.0,9.0,8.0,8.0,1.0,24.0,14.0,6.0,3.9,2.0,7.1,3.6,3.6,4.1,4.7,3.7,4.4,3.8,3.2,445.0,131.0,156.0,36.0,96.0,215.0,95.0,54.0,402.0,173.0,72.0,10215.0,4602.0,2171.0,1208.0,2568.0,4729.0,1917.0,1300.0,7185.0,4185.0,2268.0
2020-07-18,0.28446227,0.379612825,0.334260731,0.433403805,0.412518195,0.380622222,0.272357724,0.509994874,0.283324666,0.325122292,0.368854872,0.399764844,0.498127341,0.413157895,0.521106259,0.533591731,0.493630573,0.296934866,0.599326599,0.393341554,0.48878577,0.366666667,30.0,4.0,5.0,5.0,9.0,8.0,9.0,2.0,22.0,15.0,5.0,3.9,2.2,6.6,3.5,3.8,3.9,4.9,3.8,4.6,3.8,3.2,284.0,32.0,86.0,46.0,94.0,124.0,73.0,38.0,323.0,122.0,73.0,7845.0,1095.0,1829.0,1129.0,2306.0,3576.0,1427.0,747.0,6176.0,2678.0,1702.0
2020-07-19,0.313874034,0.421004843,0.372996795,0.450669486,0.437554585,0.396691306,0.296747967,0.526128869,0.302912116,0.349580713,0.389411765,0.423868313,0.494382022,0.472375691,0.529839884,0.549095607,0.523354565,0.346743295,0.585858586,0.401561858,0.498839907,0.3625,31.0,4.0,6.0,5.0,8.0,8.0,8.0,2.0,24.0,14.0,5.0,3.9,2.4,6.9,3.5,3.8,3.9,4.9,4.6,4.8,4.0,3.3,297.0,115.0,148.0,53.0,95.0,109.0,99.0,99.0,305.0,166.0,66.0,7817.0,3397.0,1701.0,1178.0,2090.0,2818.0,1971.0,1170.0,6024.0,3489.0,2108.0
2020-07-20,0.333853238,0.444040036,0.418707346,0.450317125,0.445997089,0.423618444,0.326422764,0.540733198,0.311577851,0.361586858,0.401116662,0.431216931,0.479400749,0.522222222,0.528384279,0.568475452,0.503184713,0.381226054,0.585858586,0.41676942,0.514307811,0.366666667,30.0,4.0,7.0,5.0,8.0,7.0,9.0,2.0,26.0,14.0,5.0,3.8,2.5,6.9,3.7,4.0,4.0,5.2,4.8,4.9,4.2,3.3,231.0,56.0,40.0,29.0,113.0,52.0,83.0,18.0,328.0,141.0,65.0,6403.0,2171.0,534.0,670.0,2390.0,1696.0,1386.0,409.0,6107.0,3206.0,1078.0
2020-07-21,0.322489602,0.430568216,0.40071062,0.441860465,0.423244975,0.415170715,0.330894309,0.524808184,0.300407951,0.358391608,0.389964789,0.427101705,0.471910112,0.517333333,0.540029112,0.566233766,0.488322718,0.394636015,0.545454545,0.400082576,0.497293117,0.372340426,31.0,4.0,7.0,5.0,7.0,7.0,9.0,2.0,25.0,13.0,5.0,3.9,2.6,7.0,3.9,4.1,3.8,5.4,5.1,5.0,4.2,3.5,306.0,82.0,118.0,65.0,126.0,147.0,111.0,29.0,355.0,149.0,78.0,6997.0,3111.0,1701.0,1315.0,2769.0,3951.0,1958.0,489.0,6796.0,3771.0,2149.0
2020-07-22,0.299168152,0.397564688,0.366731141,0.42670895,0.397260274,0.39000352,0.324390244,0.508213552,0.284114583,0.338055264,0.394659624,0.406525573,0.462546816,0.465648855,0.540029112,0.548302872,0.479277365,0.379310345,0.525252525,0.392368312,0.481051817,0.404347826,32.0,5.0,7.0,5.0,7.0,8.0,9.0,2.0,25.0,14.0,4.0,4.0,2.7,7.1,4.3,4.3,3.9,5.7,5.2,5.2,4.3,3.7,401.0,88.0,148.0,71.0,136.0,132.0,138.0,52.0,368.0,145.0,82.0,8234.0,3396.0,2039.0,1389.0,2756.0,3271.0,2105.0,910.0,7035.0,3085.0,2443.0
2020-07-23,0.282192188,0.368645358,0.329853055,0.415785765,0.37007874,0.37185133,0.301626016,0.495135689,0.271132239,0.319342427,0.387276459,0.385588235,0.456928839,0.458015267,0.532751092,0.534120735,0.478723404,0.350574713,0.505050505,0.379899917,0.467130704,0.44,32.0,6.0,6.0,5.0,7.0,8.0,10.0,2.0,24.0,14.0,4.0,4.2,2.8,6.9,4.7,4.5,4.0,5.6,5.9,5.3,4.3,3.8,451.0,83.0,120.0,102.0,128.0,172.0,93.0,89.0,429.0,158.0,96.0,10554.0,3204.0,1887.0,1711.0,2793.0,3819.0,1623.0,1423.0,7962.0,4013.0,2260.0
2020-07-24,0.279031779,0.365905632,0.319830247,0.421775899,0.36949548,0.372531735,0.285772358,0.498470948,0.265230504,0.321441063,0.394844757,0.387019231,0.415730337,0.435114504,0.516739447,0.539370079,0.469148936,0.327586207,0.535353535,0.368530885,0.459396752,0.462222222,29.0,6.0,7.0,5.0,7.0,9.0,11.0,2.0,25.0,14.0,4.0,4.3,2.8,7.3,4.9,4.7,4.1,5.7,6.0,5.4,4.5,4.1,392.0,95.0,180.0,46.0,141.0,195.0,87.0,61.0,409.0,208.0,82.0,7723.0,3197.0,1865.0,1053.0,2463.0,3713.0,1439.0,1279.0,6809.0,4054.0,1580.0
2020-07-25,0.293143154,0.385388128,0.329812207,0.459830867,0.379410907,0.40638786,0.295528455,0.510152284,0.272079038,0.336656173,0.383421207,0.399570025,0.4082397,0.462566845,0.519650655,0.543307087,0.47183847,0.323754789,0.545454545,0.350041771,0.459396752,0.475555556,30.0,6.0,7.0,4.0,7.0,9.0,9.0,3.0,27.0,14.0,4.0,4.5,2.9,7.8,5.2,5.1,4.2,5.8,6.5,5.4,4.5,3.9,560.0,104.0,150.0,85.0,175.0,151.0,128.0,115.0,390.0,187.0,64.0,10787.0,2694.0,1901.0,1322.0,2737.0,3433.0,2157.0,1443.0,6931.0,3847.0,2009.0
2020-07-26,0.311849539,0.408523592,0.334393638,0.483086681,0.41061534,0.432022571,0.31097561,0.519064565,0.282302405,0.364637985,0.404866608,0.416823603,0.43071161,0.433802817,0.537117904,0.545931759,0.48089172,0.35440613,0.552188552,0.342105263,0.466357309,0.464444444,30.0,7.0,6.0,4.0,6.0,9.0,10.0,3.0,25.0,14.0,4.0,4.7,3.0,7.6,5.1,5.2,4.3,6.1,6.1,5.5,4.5,4.1,339.0,100.0,177.0,37.0,101.0,123.0,92.0,37.0,299.0,149.0,71.0,6757.0,2346.0,2365.0,1055.0,1947.0,2917.0,1237.0,613.0,4921.0,3053.0,1525.0
2020-07-27,0.320166629,0.410350076,0.326457755,0.490133897,0.428113153,0.453039648,0.320731707,0.526208651,0.291494845,0.391920252,0.416007036,0.428123038,0.426966292,0.414084507,0.576419214,0.540682415,0.494692144,0.379310345,0.555555556,0.350041771,0.49187935,0.506666667,30.0,7.0,6.0,4.0,6.0,9.0,10.0,2.0,24.0,15.0,4.0,4.8,3.1,7.7,5.0,5.2,4.4,6.2,6.3,5.6,4.5,4.1,290.0,100.0,116.0,35.0,91.0,99.0,76.0,24.0,257.0,109.0,73.0,6396.0,2849.0,1337.0,1019.0,1645.0,2301.0,1250.0,316.0,4562.0,2926.0,1496.0
2020-07-28,0.311537603,0.395738204,0.323137255,0.462297393,0.417322835,0.43546399,0.28495935,0.521672616,0.287113402,0.376880028,0.420328061,0.430503145,0.415730337,0.390374332,0.544395924,0.522309711,0.491043203,0.373563218,0.552188552,0.357560568,0.500386698,0.52,29.0,6.0,6.0,4.0,7.0,9.0,9.0,3.0,23.0,15.0,5.0,4.8,3.1,7.7,5.0,5.3,4.4,6.3,6.5,5.7,4.7,4.3,295.0,77.0,105.0,107.0,81.0,147.0,115.0,48.0,312.0,196.0,94.0,6603.0,3049.0,1545.0,2082.0,1749.0,3851.0,1826.0,609.0,5318.0,3496.0,1894.0
2020-07-29,0.294428327,0.36651446,0.338137904,0.448555321,0.38291047,0.418559606,0.266666667,0.500760264,0.27895189,0.349073102,0.40070196,0.426591052,0.395131086,0.410852713,0.524017467,0.518372703,0.485355649,0.340996169,0.569023569,0.357142857,0.49187935,0.546666667,28.0,6.0,6.0,4.0,6.0,9.0,9.0,3.0,26.0,15.0,5.0,4.7,3.2,7.7,4.7,5.3,4.6,6.0,6.5,5.6,4.7,4.5,372.0,111.0,155.0,41.0,110.0,210.0,92.0,53.0,367.0,165.0,128.0,8906.0,3617.0,2209.0,1371.0,2181.0,4030.0,1818.0,851.0,7153.0,3704.0,2764.0
2020-07-30,0.286543182,0.367427702,0.341549296,0.43447545,0.358413532,0.393203029,0.247154472,0.480080686,0.266323024,0.323889472,0.394329144,0.404671717,0.438202247,0.428940568,0.481804949,0.510498688,0.491173416,0.310344828,0.575757576,0.338345865,0.475638051,0.506666667,28.0,5.0,7.0,5.0,6.0,9.0,10.0,3.0,26.0,13.0,5.0,4.8,3.2,7.7,4.4,5.5,4.8,6.2,6.8,5.7,4.8,4.6,523.0,82.0,172.0,68.0,159.0,291.0,159.0,73.0,495.0,224.0,111.0,10574.0,3269.0,2553.0,1719.0,2884.0,4932.0,2415.0,905.0,8518.0,4867.0,2401.0
2020-07-31,0.2757569,0.36042618,0.344800625,0.442634561,0.350247886,0.401126959,0.260162602,0.470175439,0.265815189,0.326512767,0.391469471,0.39520202,0.479400749,0.485788114,0.480349345,0.514435696,0.485005171,0.300766284,0.575757576,0.332080201,0.461716937,0.488888889,30.0,5.0,8.0,6.0,6.0,10.0,10.0,3.0,26.0,13.0,5.0,4.8,3.1,7.3,4.4,5.3,4.8,6.2,7.4,5.8,4.7,4.7,490.0,120.0,109.0,46.0,116.0,181.0,101.0,81.0,429.0,157.0,137.0,9384.0,4395.0,1541.0,908.0,2722.0,3357.0,1606.0,1104.0,6293.0,3240.0,2432.0
2020-08-01,0.276723946,0.391780822,0.338345865,0.460773873,0.367745698,0.421200916,0.288617886,0.492175669,0.284118254,0.339104582,0.416252558,0.39614899,0.486891386,0.479892761,0.477438137,0.509186352,0.481977343,0.298850575,0.552188552,0.332632464,0.460943542,0.471111111,29.0,5.0,8.0,5.0,7.0,11.0,10.0,3.0,27.0,13.0,5.0,4.9,3.1,7.2,4.3,5.0,5.0,6.4,7.3,5.8,4.7,5.2,529.0,101.0,157.0,72.0,134.0,183.0,126.0,90.0,359.0,227.0,124.0,9141.0,2528.0,2147.0,1318.0,2756.0,3295.0,1830.0,1176.0,6442.0,4673.0,1817.0
2020-08-02,0.290857695,0.409436834,0.339192968,0.497692581,0.398075241,0.454833597,0.327642276,0.521672616,0.313113907,0.36586219,0.436969874,0.416982323,0.498127341,0.509859155,0.5356623,0.534120735,0.482051282,0.314176245,0.550675676,0.357324301,0.473317865,0.475555556,28.0,5.0,9.0,5.0,8.0,12.0,10.0,3.0,28.0,14.0,5.0,4.9,3.0,7.1,4.4,5.0,5.2,6.3,7.2,5.7,4.6,5.2,359.0,80.0,97.0,34.0,123.0,201.0,69.0,36.0,226.0,111.0,73.0,6867.0,2478.0,1528.0,781.0,2293.0,3246.0,1063.0,653.0,4416.0,2938.0,1365.0
2020-08-03,0.312727814,0.43348554,0.324432045,0.514731984,0.425780111,0.456066209,0.356097561,0.544329897,0.334372294,0.384749913,0.437847324,0.425960933,0.52247191,0.509859155,0.593886463,0.539370079,0.489230769,0.318007663,0.589830508,0.37084399,0.495746326,0.477777778,28.0,5.0,9.0,5.0,8.0,12.0,10.0,4.0,29.0,15.0,5.0,4.9,2.8,6.9,4.5,4.9,5.1,6.2,6.8,5.7,4.6,5.1,418.0,76.0,102.0,58.0,144.0,134.0,112.0,31.0,389.0,209.0,83.0,9924.0,3532.0,1413.0,1290.0,3138.0,3577.0,1858.0,795.0,7245.0,5229.0,2068.0
2020-08-04,0.311240051,0.411388551,0.30984819,0.496803977,0.418197725,0.443564008,0.345121951,0.536749482,0.325974026,0.38440014,0.411575563,0.426100629,0.539325843,0.504,0.62154294,0.556430446,0.483076923,0.335249042,0.619047619,0.36402387,0.498066512,0.466666667,28.0,6.0,8.0,5.0,9.0,12.0,11.0,3.0,30.0,14.0,5.0,4.9,2.9,6.8,4.4,5.1,5.3,5.9,6.5,5.7,4.5,5.1,366.0,64.0,99.0,80.0,186.0,229.0,113.0,44.0,439.0,195.0,101.0,8091.0,2191.0,1669.0,1580.0,3058.0,4313.0,2408.0,837.0,7334.0,4178.0,1927.0
2020-08-05,0.293833222,0.383795309,0.309258548,0.442628774,0.406532517,0.424546575,0.341056911,0.514507772,0.303290043,0.354669465,0.393806602,0.423101067,0.537453184,0.44783715,0.573508006,0.541994751,0.447179487,0.33908046,0.649659864,0.3456948,0.481051817,0.464444444,30.0,6.0,8.0,5.0,8.0,12.0,10.0,3.0,29.0,14.0,4.0,5.0,3.0,7.1,4.7,5.2,5.4,6.2,6.8,5.8,4.4,5.3,378.0,119.0,199.0,64.0,146.0,264.0,122.0,100.0,380.0,166.0,153.0,6758.0,3359.0,2403.0,1474.0,2665.0,4998.0,1747.0,1256.0,6838.0,4102.0,2817.0
2020-08-06,0.272335044,0.367266077,0.314814815,0.401208244,0.391076115,0.41958781,0.340650407,0.495075168,0.287272727,0.33823015,0.390529085,0.409290647,0.479400749,0.445292621,0.525473071,0.541994751,0.426078029,0.360153257,0.642857143,0.338448423,0.469450889,0.468888889,29.0,8.0,7.0,4.0,8.0,13.0,11.0,3.0,29.0,16.0,4.0,5.1,3.2,7.3,4.8,5.3,5.2,6.3,6.9,5.9,4.4,5.4,509.0,115.0,146.0,63.0,187.0,224.0,179.0,80.0,556.0,241.0,185.0,9922.0,2764.0,1821.0,1369.0,3059.0,4624.0,2501.0,904.0,8520.0,5357.0,3483.0
2020-08-07,0.272706985,0.373589509,0.319288751,0.405117271,0.401283173,0.419235512,0.349186992,0.505961638,0.278259362,0.330884925,0.395729746,0.402699309,0.468164794,0.463104326,0.50363901,0.543307087,0.437371663,0.350574713,0.623728814,0.340298507,0.47099768,0.488888889,27.0,8.0,7.0,3.0,8.0,12.0,13.0,3.0,30.0,16.0,4.0,5.1,3.0,7.3,4.7,5.5,5.3,6.6,7.1,5.8,4.6,5.4,532.0,147.0,148.0,51.0,174.0,309.0,154.0,74.0,509.0,271.0,131.0,10049.0,6305.0,1940.0,1258.0,2998.0,4845.0,1950.0,785.0,8387.0,4385.0,2405.0
2020-08-08,0.280368965,0.385413488,0.312722949,0.439232409,0.414698163,0.418883213,0.353252033,0.527705852,0.297035799,0.338929696,0.388090349,0.398305085,0.43258427,0.485333333,0.5356623,0.552493438,0.465092402,0.33908046,0.584459459,0.350431034,0.471771075,0.514476615,26.0,9.0,6.0,3.0,8.0,12.0,14.0,3.0,29.0,16.0,4.0,4.9,2.8,7.4,4.3,5.6,5.3,6.7,7.3,5.8,4.6,5.4,424.0,70.0,165.0,45.0,149.0,240.0,158.0,105.0,413.0,207.0,137.0,9043.0,2958.0,2185.0,1393.0,2615.0,4786.0,2110.0,1170.0,7601.0,4250.0,1895.0
2020-08-09,0.296883136,0.40018315,0.313709677,0.467306326,0.440361621,0.421024828,0.357317073,0.546866908,0.316907695,0.35012242,0.387893036,0.403327056,0.441947566,0.451253482,0.593886463,0.562992126,0.489230769,0.333333333,0.569023569,0.358605664,0.485692189,0.537946429,27.0,8.0,6.0,4.0,8.0,12.0,15.0,3.0,31.0,15.0,4.0,5.0,2.8,7.5,4.1,5.6,5.4,6.7,7.2,5.9,4.8,5.5,486.0,57.0,46.0,18.0,132.0,241.0,94.0,42.0,369.0,190.0,106.0,8805.0,2023.0,566.0,770.0,2516.0,3382.0,1441.0,820.0,6258.0,3509.0,1603.0
2020-08-10,0.300007439,0.405067155,0.318419992,0.47050462,0.447360747,0.417150907,0.357317073,0.554805195,0.340483302,0.357467646,0.385340006,0.414312618,0.426966292,0.437325905,0.650655022,0.549868766,0.500512821,0.352490421,0.595959596,0.378687803,0.492652746,0.532438479,26.0,9.0,6.0,3.0,8.0,12.0,16.0,3.0,30.0,15.0,6.0,5.1,2.6,7.9,3.9,5.8,5.5,6.6,7.4,5.9,4.9,5.7,377.0,76.0,169.0,38.0,162.0,162.0,113.0,63.0,407.0,189.0,113.0,7992.0,5586.0,1719.0,1317.0,2744.0,3236.0,1948.0,1051.0,7079.0,4253.0,2028.0
2020-08-11,0.287298162,0.401709402,0.313709996,0.456289979,0.409932413,0.411681666,0.330894309,0.546687533,0.331854802,0.340853445,0.379006175,0.415673981,0.417602996,0.435013263,0.65356623,0.539370079,0.487179487,0.360153257,0.62962963,0.371642448,0.488012374,0.489932886,26.0,9.0,6.0,3.0,8.0,13.0,17.0,3.0,28.0,15.0,6.0,5.1,2.5,8.2,3.7,5.6,5.6,6.6,7.5,5.9,4.8,6.1,272.0,145.0,105.0,50.0,127.0,219.0,97.0,54.0,345.0,145.0,173.0,6027.0,6273.0,1357.0,1310.0,2480.0,3975.0,2117.0,891.0,5587.0,3208.0,2062.0
2020-08-12,0.272794939,0.38003663,0.294483294,0.43374778,0.380811371,0.404353212,0.300813008,0.519896641,0.306382979,0.313396292,0.363502792,0.41859737,0.406367041,0.424936387,0.596797671,0.528871391,0.461538462,0.352490421,0.609427609,0.360634082,0.456303171,0.427293065,25.0,9.0,6.0,3.0,7.0,13.0,17.0,2.0,28.0,16.0,7.0,5.0,2.4,8.4,3.4,5.7,5.5,6.7,7.5,6.0,4.9,6.0,301.0,146.0,193.0,26.0,154.0,277.0,155.0,74.0,428.0,210.0,168.0,6295.0,5621.0,1945.0,1083.0,2504.0,5433.0,2201.0,915.0,6962.0,4523.0,3311.0
2020-08-13,0.262471106,0.355311355,0.291698991,0.422940341,0.357803641,0.401774623,0.286178862,0.490045942,0.282079145,0.302728227,0.354772394,0.404315197,0.395131086,0.422391858,0.541484716,0.526246719,0.435897436,0.323754789,0.582491582,0.33773668,0.43232792,0.402684564,26.0,8.0,6.0,2.0,8.0,12.0,17.0,3.0,29.0,15.0,7.0,5.0,2.1,8.5,3.4,5.8,5.7,6.8,7.1,6.0,4.9,6.1,522.0,104.0,156.0,69.0,151.0,286.0,185.0,65.0,513.0,176.0,155.0,10431.0,7180.0,1881.0,1509.0,2264.0,4960.0,2349.0,1133.0,8008.0,4058.0,2780.0
2020-08-14,0.260921514,0.351648352,0.293706294,0.419595314,0.37272456,0.406144557,0.291056911,0.479596977,0.279000272,0.310947884,0.355653451,0.394621639,0.387640449,0.422391858,0.483260553,0.543307087,0.44,0.325670498,0.521885522,0.341259357,0.443928848,0.409395973,27.0,8.0,5.0,3.0,8.0,12.0,15.0,2.0,28.0,14.0,7.0,5.0,2.2,8.9,3.4,5.8,5.6,6.8,7.3,6.0,4.8,6.2,562.0,163.0,180.0,45.0,165.0,258.0,162.0,98.0,512.0,220.0,147.0,10033.0,4422.0,1781.0,1070.0,2703.0,4229.0,2092.0,919.0,8603.0,4275.0,2443.0
2020-08-15,0.264826864,0.365995116,0.324313569,0.430244941,0.389137571,0.412715326,0.308943089,0.497218007,0.286154125,0.326687653,0.368220463,0.39931207,0.374531835,0.429708223,0.480349345,0.557742782,0.447179487,0.329501916,0.528619529,0.356392294,0.457849961,0.433035714,28.0,8.0,6.0,3.0,8.0,11.0,14.0,3.0,29.0,15.0,7.0,5.0,2.2,9.4,3.5,5.7,5.7,6.7,7.2,6.1,4.8,6.2,339.0,90.0,213.0,37.0,116.0,218.0,134.0,106.0,407.0,178.0,124.0,7876.0,4391.0,2080.0,942.0,2448.0,4088.0,1829.0,1247.0,6487.0,3342.0,1583.0
2020-08-16,0.280158552,0.393337408,0.332252836,0.443734469,0.419277828,0.439353578,0.320731707,0.520060945,0.30843068,0.340328786,0.388579795,0.419011882,0.397003745,0.408839779,0.491994178,0.581364829,0.460512821,0.365900383,0.538720539,0.372224641,0.473317865,0.456570156,27.0,7.0,6.0,3.0,8.0,12.0,14.0,3.0,28.0,15.0,7.0,5.1,2.2,9.5,3.8,5.6,5.5,7.2,7.1,6.4,5.1,6.1,603.0,103.0,124.0,65.0,99.0,157.0,190.0,58.0,582.0,305.0,76.0,9689.0,3498.0,1295.0,1545.0,2391.0,2578.0,1950.0,1101.0,7524.0,4514.0,1520.0
2020-08-17,0.300918665,0.409981629,0.349737797,0.445864395,0.43360191,0.442905345,0.327642276,0.520163349,0.32174228,0.356768101,0.396083017,0.442151345,0.436329588,0.447513812,0.534206696,0.577427822,0.463589744,0.37164751,0.548821549,0.383549784,0.471771075,0.462222222,28.0,7.0,6.0,4.0,8.0,12.0,15.0,3.0,28.0,15.0,6.0,5.1,2.2,9.4,4.1,5.7,5.7,7.5,7.4,6.4,5.2,6.0,349.0,78.0,162.0,63.0,168.0,226.0,151.0,72.0,421.0,204.0,96.0,7483.0,5955.0,1685.0,1260.0,2506.0,3331.0,1819.0,940.0,6825.0,3765.0,1937.0
2020-08-18,0.291638696,0.398159509,0.334644121,0.439119631,0.415995225,0.426744806,0.320731707,0.496171516,0.314316762,0.344001399,0.379713534,0.434333959,0.456928839,0.428571429,0.538573508,0.569553806,0.45687885,0.350574713,0.538720539,0.368306487,0.450116009,0.453333333,30.0,6.0,6.0,3.0,8.0,12.0,14.0,3.0,29.0,16.0,7.0,5.1,1.9,9.4,4.5,5.7,5.8,7.9,7.5,6.5,5.2,5.5,362.0,123.0,108.0,133.0,120.0,229.0,176.0,129.0,450.0,223.0,93.0,7229.0,10453.0,1431.0,2368.0,2140.0,4011.0,2364.0,1794.0,6485.0,4593.0,2016.0
2020-08-19,0.275232775,0.371629902,0.314814815,0.423855165,0.386153387,0.38536672,0.306910569,0.475242471,0.294304084,0.311297657,0.354367514,0.429956223,0.462546816,0.409669211,0.538573508,0.540682415,0.425488181,0.32183908,0.498316498,0.351576182,0.430007734,0.448888889,30.0,6.0,7.0,3.0,8.0,12.0,15.0,3.0,29.0,15.0,6.0,5.2,1.8,9.5,4.8,5.7,5.9,8.0,7.6,6.5,5.4,5.7,469.0,134.0,235.0,64.0,158.0,381.0,149.0,82.0,512.0,250.0,188.0,9348.0,7568.0,2278.0,1169.0,2741.0,6382.0,1931.0,926.0,8233.0,4431.0,3232.0
2020-08-20,0.255642458,0.344036697,0.30941358,0.418175364,0.37451507,0.361747469,0.287804878,0.474463739,0.274019741,0.280517664,0.342389717,0.405878674,0.434456929,0.363867684,0.528384279,0.528871391,0.410493827,0.304597701,0.518518519,0.330691325,0.411446249,0.431111111,29.0,6.0,7.0,3.0,9.0,12.0,14.0,3.0,30.0,15.0,6.0,5.3,1.9,9.6,4.8,5.5,5.9,8.2,7.7,6.7,5.5,5.6,541.0,178.0,114.0,59.0,122.0,250.0,234.0,48.0,654.0,216.0,83.0,9677.0,9444.0,1332.0,1255.0,2314.0,4760.0,2520.0,820.0,9009.0,4327.0,1629.0
2020-08-21,0.256610801,0.334961832,0.314263626,0.419240327,0.372127723,0.357130172,0.269918699,0.490844354,0.277682209,0.279118573,0.356704645,0.409005629,0.447565543,0.404580153,0.537117904,0.515748031,0.408436214,0.300766284,0.555555556,0.339903636,0.430007734,0.426666667,28.0,7.0,7.0,3.0,8.0,12.0,15.0,3.0,31.0,15.0,7.0,5.2,1.6,9.4,4.9,5.5,5.9,8.2,6.9,6.7,5.8,5.6,491.0,192.0,181.0,54.0,155.0,256.0,185.0,59.0,561.0,331.0,127.0,9908.0,13552.0,2029.0,1233.0,2652.0,3734.0,2371.0,1149.0,9237.0,4586.0,2152.0
2020-08-22,0.259590317,0.361136572,0.316745656,0.424920128,0.381080275,0.352711111,0.284146341,0.500505051,0.295182905,0.301853795,0.350820633,0.405878674,0.451310861,0.416445623,0.529839884,0.524934383,0.428571429,0.285440613,0.612794613,0.355091384,0.464810518,0.418708241,30.0,7.0,8.0,3.0,9.0,12.0,15.0,3.0,29.0,15.0,6.0,5.4,1.6,9.7,5.0,5.7,6.4,8.4,6.7,6.8,5.7,5.5,547.0,218.0,256.0,91.0,147.0,369.0,207.0,121.0,596.0,253.0,122.0,8960.0,12724.0,2056.0,1679.0,2119.0,4547.0,2399.0,1725.0,8015.0,4917.0,1802.0
2020-08-23,0.265549348,0.391503667,0.29560744,0.450479233,0.387048642,0.353955556,0.302845528,0.50075188,0.321017839,0.334557538,0.372058824,0.427767355,0.494382022,0.411140584,0.521106259,0.530183727,0.436344969,0.300766284,0.632996633,0.378728923,0.495746326,0.413870246,31.0,7.0,8.0,4.0,8.0,11.0,15.0,3.0,30.0,15.0,6.0,5.3,1.6,9.7,5.0,5.8,6.5,8.3,7.1,6.8,5.6,5.5,444.0,155.0,125.0,37.0,94.0,227.0,157.0,70.0,467.0,189.0,58.0,7967.0,6547.0,1319.0,1008.0,2162.0,3276.0,1849.0,878.0,6342.0,3319.0,1120.0
2020-08-24,0.273668529,0.432457213,0.27700831,0.477813277,0.396299612,0.3504,0.317479675,0.504247876,0.341032609,0.362539349,0.369026549,0.427767355,0.479400749,0.408488064,0.516739447,0.530183727,0.445128205,0.310344828,0.602693603,0.384715026,0.51121423,0.415730337,29.0,8.0,8.0,4.0,8.0,11.0,14.0,3.0,31.0,15.0,7.0,5.5,1.7,10.0,4.9,5.8,6.4,8.3,7.1,6.7,5.5,5.7,477.0,150.0,181.0,57.0,160.0,193.0,137.0,62.0,319.0,211.0,111.0,7758.0,8082.0,1545.0,1360.0,2458.0,2924.0,1631.0,704.0,5702.0,4087.0,1844.0
2020-08-25,0.264208566,0.424686832,0.271350932,0.474618388,0.370038794,0.363700941,0.298373984,0.486756622,0.329347826,0.346100035,0.375147232,0.428705441,0.479400749,0.399491094,0.521106259,0.50656168,0.444102564,0.325670498,0.562289562,0.368739206,0.486465584,0.378378378,28.0,8.0,9.0,3.0,8.0,11.0,16.0,4.0,31.0,15.0,6.0,5.5,1.7,10.4,5.1,5.9,6.4,8.4,7.6,6.7,5.7,5.7,373.0,134.0,149.0,108.0,150.0,226.0,186.0,122.0,543.0,257.0,117.0,7045.0,9445.0,1332.0,1570.0,2236.0,4197.0,2232.0,1184.0,7736.0,4147.0,2388.0
2020-08-26,0.251173184,0.407271616,0.282061217,0.450479233,0.3506416,0.364233706,0.280081301,0.473290065,0.305797101,0.317943337,0.353511607,0.405878674,0.445692884,0.402035623,0.522561863,0.48687664,0.438974359,0.289272031,0.525252525,0.342400691,0.460170147,0.364864865,30.0,9.0,8.0,4.0,9.0,11.0,15.0,4.0,32.0,15.0,7.0,5.6,1.6,10.4,5.1,6.1,6.4,8.3,6.9,6.9,5.9,5.6,323.0,216.0,59.0,53.0,140.0,193.0,98.0,37.0,428.0,185.0,79.0,5935.0,15760.0,658.0,897.0,1865.0,3455.0,1454.0,1097.0,5387.0,2592.0,1432.0
2020-08-27,0.232402235,0.378403181,0.286101432,0.425275115,0.33213966,0.380749423,0.268699187,0.459850374,0.28423913,0.296782092,0.350452291,0.392120075,0.449438202,0.37084399,0.522561863,0.489501312,0.432820513,0.27394636,0.545454545,0.327720207,0.440061872,0.355855856,30.0,9.0,10.0,3.0,9.0,11.0,14.0,4.0,32.0,16.0,8.0,5.6,1.7,10.5,5.0,6.4,6.6,8.5,7.2,6.8,5.9,5.5,479.0,246.0,179.0,34.0,147.0,282.0,231.0,80.0,462.0,175.0,82.0,8410.0,12533.0,1846.0,892.0,2102.0,4322.0,2199.0,909.0,6949.0,3582.0,1814.0
2020-08-28,0.231359404,0.376722818,0.299496319,0.429889954,0.344673232,0.38330373,0.262195122,0.465371201,0.271105072,0.308149703,0.362739408,0.37742339,0.426966292,0.406649616,0.506550218,0.503937008,0.427104723,0.256704981,0.555555556,0.329879102,0.447022428,0.367117117,31.0,7.0,9.0,4.0,9.0,10.0,15.0,5.0,32.0,15.0,7.0,5.6,1.7,10.4,5.4,6.2,6.7,8.8,7.4,6.9,5.6,5.3,394.0,142.0,160.0,87.0,122.0,361.0,210.0,79.0,456.0,222.0,113.0,8267.0,8808.0,1869.0,1320.0,2487.0,4712.0,2184.0,1208.0,7224.0,3981.0,2480.0
2020-08-29,0.242011173,0.385771236,0.298913043,0.446929357,0.363772008,0.405400604,0.27398374,0.475074776,0.270380435,0.331059811,0.376122863,0.384615385,0.441947566,0.40874036,0.500727802,0.502624672,0.432682425,0.266283525,0.579124579,0.343696028,0.461716937,0.367117117,29.0,8.0,9.0,3.0,9.0,11.0,16.0,5.0,33.0,15.0,7.0,5.6,1.9,9.6,5.5,6.1,6.8,8.8,6.9,6.7,5.9,5.1,526.0,259.0,141.0,71.0,163.0,426.0,148.0,110.0,612.0,218.0,63.0,8880.0,5737.0,1812.0,1053.0,2575.0,5171.0,1682.0,2084.0,9727.0,3155.0,1131.0
2020-08-30,0.262495345,0.40907697,0.3003108,0.461483848,0.394509102,0.431414357,0.285772358,0.490274314,0.286956522,0.360440714,0.384346814,0.386804253,0.475655431,0.401534527,0.471615721,0.488188976,0.439300412,0.279693487,0.572390572,0.358376511,0.484145398,0.360986547,30.0,8.0,10.0,3.0,10.0,11.0,16.0,5.0,30.0,14.0,7.0,5.7,1.7,9.6,5.8,6.5,7.1,8.8,6.9,6.6,5.9,5.0,492.0,199.0,109.0,62.0,103.0,406.0,184.0,77.0,358.0,172.0,68.0,7882.0,17695.0,1159.0,1000.0,1535.0,4548.0,2208.0,1024.0,5327.0,3028.0,1660.0
2020-08-31,0.286480447,0.422569764,0.294254658,0.464323749,0.42256043,0.460199005,0.297560976,0.503493014,0.308967391,0.379503323,0.380952381,0.410569106,0.535580524,0.381074169,0.465793304,0.479002625,0.446502058,0.293103448,0.589225589,0.382556131,0.486465584,0.370535714,32.0,9.0,9.0,4.0,10.0,12.0,16.0,5.0,30.0,15.0,7.0,5.7,1.8,9.3,6.3,6.4,7.0,8.8,6.6,6.9,6.2,4.8,328.0,103.0,154.0,60.0,72.0,115.0,83.0,16.0,330.0,145.0,34.0,4877.0,2309.0,1505.0,796.0,1297.0,2134.0,1000.0,420.0,3899.0,1832.0,622.0
2020-09-01,0.290055866,0.412450169,0.299108873,0.44515442,0.418979409,0.455401564,0.30203252,0.506487026,0.30317029,0.363064008,0.367513877,0.41025641,0.554307116,0.437340153,0.465793304,0.475065617,0.424897119,0.296934866,0.569023569,0.380829016,0.474091261,0.368888889,30.0,9.0,8.0,5.0,10.0,12.0,14.0,3.0,29.0,14.0,7.0,5.6,1.9,9.3,6.3,6.1,7.4,8.7,6.4,6.9,6.1,4.7,241.0,100.0,105.0,58.0,97.0,294.0,98.0,58.0,388.0,187.0,40.0,5603.0,5227.0,928.0,766.0,2022.0,3883.0,1312.0,416.0,5285.0,3060.0,1078.0
2020-09-02,0.279851024,0.377491567,0.298530549,0.422080227,0.390928081,0.431414357,0.3,0.499001996,0.28125,0.330010493,0.361086766,0.401439299,0.541198502,0.474358974,0.478893741,0.480314961,0.411946447,0.296934866,0.531986532,0.357944732,0.459396752,0.371111111,29.0,9.0,9.0,5.0,10.0,13.0,14.0,3.0,28.0,14.0,7.0,5.4,2.2,9.4,6.6,6.0,7.7,8.7,7.0,6.7,5.9,5.1,281.0,242.0,139.0,65.0,115.0,413.0,89.0,106.0,352.0,119.0,149.0,6687.0,7571.0,1359.0,824.0,1667.0,5170.0,1422.0,1467.0,5893.0,2451.0,1876.0
2020-09-03,0.26443203,0.342532965,0.312040263,0.407880724,0.375111907,0.396766169,0.294715447,0.490293678,0.267934783,0.310073452,0.350861817,0.3816531,0.471910112,0.494871795,0.487627365,0.502624672,0.398969072,0.295019157,0.494949495,0.335924007,0.447795824,0.353333333,28.0,11.0,8.0,5.0,10.0,13.0,15.0,3.0,26.0,13.0,6.0,5.0,2.2,9.6,5.7,5.4,7.5,7.6,6.6,5.9,5.3,5.2,882.0,963.0,505.0,350.0,343.0,755.0,513.0,208.0,951.0,499.0,381.0,20212.0,45326.0,5078.0,7556.0,7357.0,11466.0,7572.0,3216.0,20764.0,11840.0,7346.0
2020-09-04,0.261824953,0.329653481,0.301004637,0.409300674,0.374813489,0.393923241,0.291463415,0.498510427,0.277264493,0.306400839,0.348816827,0.381578947,0.438202247,0.43877551,0.494905386,0.526246719,0.409700722,0.291187739,0.501683502,0.331606218,0.457849961,0.357777778,29.0,11.0,9.0,5.0,9.0,14.0,14.0,3.0,26.0,13.0,5.0,5.2,2.3,9.7,5.7,5.7,7.3,7.5,6.7,6.1,5.5,5.4,577.0,391.0,186.0,133.0,206.0,351.0,210.0,90.0,742.0,352.0,121.0,10214.0,13043.0,1925.0,1908.0,2875.0,5491.0,2378.0,1320.0,10617.0,5491.0,2259.0
2020-09-05,0.268007449,0.327813554,0.302631579,0.419240327,0.406445837,0.409026297,0.306097561,0.510153541,0.298097826,0.320391745,0.355536079,0.397869674,0.426966292,0.402035623,0.500727802,0.56824147,0.409700722,0.298850575,0.491582492,0.35492228,0.468677494,0.382222222,28.0,11.0,9.0,6.0,8.0,14.0,14.0,3.0,26.0,13.0,5.0,5.2,2.2,9.8,5.7,6.0,7.2,7.4,6.7,6.1,5.4,5.3,467.0,294.0,136.0,108.0,209.0,393.0,129.0,46.0,449.0,201.0,91.0,7853.0,12041.0,1652.0,1810.0,2218.0,5394.0,1774.0,1157.0,6809.0,3406.0,1717.0
2020-09-06,0.288789572,0.357559031,0.286818709,0.438054668,0.439570278,0.444029851,0.330894309,0.523526498,0.323278986,0.343126967,0.378907391,0.418546366,0.462546816,0.386768448,0.513828239,0.602362205,0.432989691,0.323754789,0.518518519,0.378238342,0.494972931,0.442222222,25.0,11.0,8.0,6.0,8.0,13.0,15.0,3.0,24.0,13.0,5.0,5.1,2.4,9.9,5.7,6.1,7.0,7.4,6.4,6.2,5.5,5.4,302.0,128.0,137.0,89.0,70.0,224.0,117.0,25.0,330.0,152.0,34.0,5092.0,7633.0,1317.0,1470.0,906.0,3051.0,1206.0,556.0,4064.0,2228.0,868.0
2020-09-07,0.310837989,0.379638148,0.301901436,0.450124246,0.47597732,0.471748401,0.336585366,0.519564141,0.341666667,0.370409234,0.402620087,0.43264411,0.486891386,0.41221374,0.518195051,0.627296588,0.45623069,0.37164751,0.531986532,0.406303972,0.50966744,0.46,24.0,10.0,8.0,5.0,8.0,13.0,14.0,4.0,25.0,12.0,4.0,5.1,2.3,10.1,5.6,6.3,7.2,7.5,6.8,6.2,5.5,5.3,529.0,84.0,139.0,55.0,143.0,186.0,152.0,68.0,436.0,194.0,58.0,8830.0,4213.0,1066.0,896.0,1729.0,2119.0,1729.0,765.0,5842.0,2452.0,1239.0
2020-09-08,0.32849162,0.399570684,0.309358082,0.45970891,0.479259922,0.47938877,0.328861789,0.50371471,0.346328608,0.377929346,0.404409632,0.438283208,0.513108614,0.409669211,0.518195051,0.614173228,0.462962963,0.390804598,0.579124579,0.432608696,0.511987626,0.455555556,24.0,9.0,8.0,4.0,8.0,13.0,15.0,4.0,26.0,13.0,4.0,5.1,2.4,10.0,5.6,6.5,7.0,7.5,6.3,6.0,5.4,5.3,300.0,387.0,127.0,81.0,162.0,151.0,138.0,34.0,288.0,169.0,76.0,6214.0,15826.0,1298.0,1247.0,2376.0,2614.0,1903.0,749.0,5278.0,3340.0,1761.0
2020-09-09,0.315828678,0.366758663,0.307037896,0.44657437,0.445538645,0.456823028,0.31300813,0.473006439,0.330051058,0.35869185,0.3871061,0.430764411,0.52247191,0.394402036,0.483260553,0.566929134,0.455761317,0.373563218,0.569023569,0.426444834,0.496519722,0.408888889,24.0,9.0,8.0,4.0,7.0,12.0,14.0,5.0,25.0,12.0,3.0,5.1,2.4,9.8,5.6,6.4,6.7,7.3,6.4,5.8,5.6,4.9,198.0,399.0,115.0,80.0,76.0,271.0,93.0,102.0,310.0,221.0,98.0,5059.0,14452.0,1372.0,1179.0,1532.0,4601.0,1911.0,1182.0,6903.0,3454.0,2484.0
2020-09-10,0.288789572,0.346826127,0.304627767,0.427405041,0.406744255,0.429637527,0.312601626,0.449232293,0.309915843,0.336131515,0.363399827,0.420426065,0.509363296,0.383378016,0.442503639,0.539370079,0.438271605,0.342911877,0.572390572,0.398846495,0.483372003,0.402222222,23.0,7.0,8.0,4.0,6.0,11.0,13.0,5.0,24.0,12.0,4.0,5.3,2.4,9.6,6.4,7.0,6.5,7.5,6.0,6.3,6.1,5.0,321.0,280.0,195.0,129.0,131.0,283.0,153.0,85.0,432.0,238.0,177.0,7959.0,13822.0,2114.0,2020.0,2674.0,5206.0,2253.0,1783.0,8268.0,4778.0,2899.0
2020-09-11,0.270391061,0.340693039,0.302061422,0.413560525,0.389435989,0.408848614,0.312601626,0.446260525,0.293724844,0.313221406,0.363847045,0.405388471,0.485018727,0.399433428,0.42503639,0.535433071,0.440329218,0.329501916,0.592592593,0.35,0.480278422,0.384444444,21.0,7.0,8.0,4.0,5.0,10.0,13.0,4.0,25.0,13.0,5.0,5.3,2.4,9.4,6.3,6.7,6.5,7.2,6.0,6.0,5.8,4.9,504.0,413.0,183.0,75.0,168.0,333.0,148.0,89.0,466.0,242.0,119.0,8658.0,15206.0,2145.0,1230.0,2918.0,5304.0,2165.0,1276.0,8077.0,4954.0,2382.0
2020-09-12,0.269388363,0.368421053,0.314398943,0.428470004,0.405252164,0.422530206,0.32804878,0.465542885,0.295554336,0.314795383,0.380355581,0.390350877,0.43258427,0.426426426,0.459970888,0.559055118,0.442386831,0.33908046,0.609427609,0.336927224,0.479505027,0.390625,22.0,8.0,7.0,4.0,5.0,11.0,13.0,4.0,25.0,13.0,5.0,5.2,2.4,9.2,6.2,6.2,6.3,6.9,7.0,5.8,5.8,4.9,462.0,323.0,106.0,82.0,151.0,308.0,93.0,115.0,405.0,203.0,74.0,8308.0,11713.0,1584.0,1538.0,2296.0,4893.0,1797.0,1120.0,7889.0,3375.0,1420.0
2020-09-13,0.270695179,0.39389313,0.315905097,0.45686901,0.435690839,0.438343994,0.341056911,0.487344913,0.313391877,0.336481287,0.404985337,0.354010025,0.389513109,0.440366972,0.486171761,0.582677165,0.456790123,0.363984674,0.606060606,0.35309973,0.479505027,0.399103139,22.0,6.0,7.0,3.0,5.0,11.0,12.0,5.0,25.0,13.0,5.0,5.1,2.6,8.9,6.1,6.2,6.1,6.4,7.1,5.5,5.7,4.9,392.0,267.0,108.0,104.0,140.0,163.0,100.0,75.0,311.0,159.0,63.0,7931.0,6115.0,1399.0,1906.0,2127.0,3088.0,1863.0,1154.0,5978.0,2657.0,1416.0
2020-09-14,0.271182651,0.397560976,0.313897413,0.457711443,0.447925992,0.449182658,0.345934959,0.487829111,0.325375046,0.365687303,0.411625848,0.359022556,0.382022472,0.418461538,0.455604076,0.601049869,0.431069959,0.375478927,0.609427609,0.376010782,0.47099768,0.436936937,21.0,8.0,6.0,4.0,4.0,11.0,12.0,5.0,26.0,12.0,5.0,5.0,2.7,8.4,5.9,5.7,6.0,6.1,6.8,5.3,5.4,4.7,299.0,225.0,83.0,85.0,79.0,191.0,103.0,28.0,297.0,158.0,55.0,5647.0,9022.0,986.0,1570.0,1888.0,2726.0,1651.0,514.0,5103.0,2986.0,1687.0
2020-09-15,0.256725538,0.3828554,0.313073896,0.427605834,0.441360788,0.417910448,0.329674797,0.47242921,0.315722354,0.359041623,0.396030806,0.336779449,0.411985019,0.4,0.430858806,0.604986877,0.414609053,0.363984674,0.62962963,0.391168599,0.436968291,0.45045045,19.0,8.0,6.0,4.0,4.0,11.0,11.0,4.0,26.0,13.0,5.0,4.9,2.7,8.0,6.4,5.7,5.9,5.6,6.9,5.2,5.5,4.6,297.0,312.0,83.0,176.0,137.0,273.0,93.0,57.0,386.0,255.0,116.0,7134.0,11833.0,1257.0,1919.0,2051.0,4983.0,2246.0,976.0,7888.0,4442.0,2824.0
2020-09-16,0.245323795,0.364963504,0.313073896,0.394586895,0.411220531,0.387704335,0.303252033,0.453551913,0.290366473,0.325988108,0.373737374,0.338345865,0.447565543,0.416413374,0.41775837,0.603674541,0.384773663,0.337164751,0.63973064,0.383968113,0.408352668,0.424719101,19.0,8.0,6.0,4.0,5.0,12.0,12.0,3.0,26.0,12.0,5.0,4.9,2.6,8.0,6.7,5.7,5.7,5.9,6.6,5.3,5.5,4.9,349.0,354.0,126.0,176.0,127.0,258.0,153.0,104.0,437.0,219.0,132.0,7495.0,14509.0,1598.0,2105.0,2369.0,5474.0,2287.0,1542.0,8002.0,3621.0,2486.0
2020-09-17,0.230419554,0.358919903,0.314360771,0.381054131,0.390629663,0.366027008,0.286585366,0.450571287,0.26504065,0.29066107,0.345524829,0.30858396,0.417602996,0.440729483,0.459970888,0.578740157,0.396090535,0.318007663,0.643097643,0.371152155,0.37896365,0.412556054,20.0,8.0,6.0,4.0,5.0,13.0,13.0,4.0,26.0,13.0,4.0,5.0,2.7,7.5,6.7,5.6,5.7,5.6,6.9,5.3,5.5,4.7,537.0,320.0,135.0,107.0,95.0,320.0,111.0,115.0,393.0,231.0,187.0,11401.0,14903.0,1991.0,1792.0,2241.0,5949.0,2178.0,1863.0,8188.0,4879.0,3552.0
2020-09-18,0.221551531,0.354652925,0.309482002,0.389957265,0.383169203,0.376953125,0.279268293,0.466964729,0.253181695,0.279293459,0.349376114,0.311716792,0.38836773,0.446153846,0.470160116,0.551181102,0.394032922,0.310344828,0.616161616,0.345285525,0.391337974,0.431767338,18.0,9.0,5.0,4.0,5.0,13.0,11.0,4.0,25.0,13.0,4.0,4.7,2.8,7.3,7.1,5.3,5.6,5.7,6.7,4.6,5.4,4.9,475.0,282.0,295.0,247.0,283.0,324.0,208.0,145.0,645.0,302.0,127.0,11599.0,7583.0,3991.0,2935.0,6195.0,5487.0,3208.0,2369.0,19380.0,6073.0,2116.0
2020-09-19,0.233773008,0.360242792,0.315442147,0.410612536,0.398388541,0.393541519,0.282520325,0.480874317,0.268849206,0.295557887,0.361556744,0.316102757,0.39587242,0.430340557,0.486171761,0.530183727,0.406797116,0.293103448,0.602693603,0.348039216,0.399845321,0.478747204,18.0,8.0,5.0,3.0,5.0,13.0,10.0,3.0,24.0,13.0,4.0,4.7,2.6,7.3,7.3,5.1,5.5,5.7,6.0,4.6,5.5,5.1,527.0,221.0,132.0,117.0,129.0,237.0,115.0,37.0,415.0,249.0,108.0,9533.0,11096.0,1895.0,1668.0,2425.0,4455.0,1990.0,933.0,7587.0,3925.0,1393.0
2020-09-20,0.257098144,0.374810319,0.331569665,0.43482906,0.417785736,0.42641844,0.297560976,0.494773519,0.295485266,0.325288562,0.398219585,0.338972431,0.437148218,0.467692308,0.502183406,0.531496063,0.425773196,0.287356322,0.575757576,0.371018394,0.420726991,0.497767857,19.0,9.0,5.0,3.0,6.0,12.0,10.0,2.0,23.0,13.0,3.0,4.8,2.5,7.3,7.5,5.0,5.5,5.7,6.0,4.7,5.5,5.1,360.0,245.0,90.0,139.0,95.0,190.0,82.0,94.0,287.0,182.0,57.0,6596.0,10000.0,1214.0,2031.0,1573.0,3650.0,1672.0,1445.0,5247.0,2831.0,1221.0
2020-09-21,0.270213876,0.390909091,0.347922193,0.449074074,0.425544614,0.44858156,0.319512195,0.506222001,0.325758937,0.353270374,0.405509479,0.355576441,0.443820225,0.501519757,0.509461426,0.545931759,0.440660475,0.302681992,0.602693603,0.412264996,0.439288476,0.505567929,18.0,8.0,4.0,4.0,6.0,11.0,10.0,3.0,23.0,13.0,4.0,4.6,2.5,7.1,7.7,5.2,5.4,5.7,6.2,4.6,5.5,5.3,258.0,245.0,62.0,159.0,139.0,154.0,89.0,54.0,274.0,139.0,87.0,6942.0,7757.0,1103.0,2161.0,2345.0,2577.0,1431.0,706.0,5850.0,2916.0,1660.0
2020-09-22,0.261867501,0.377575758,0.356261023,0.436965812,0.400477469,0.441312057,0.329268293,0.496764559,0.315280637,0.332633788,0.38861021,0.360275689,0.406367041,0.577039275,0.518195051,0.538057743,0.44375645,0.323754789,0.61952862,0.419383653,0.430781129,0.468888889,20.0,10.0,5.0,4.0,6.0,11.0,11.0,3.0,22.0,11.0,4.0,4.6,2.5,7.1,7.6,5.0,5.3,5.7,6.3,4.5,5.3,5.3,231.0,283.0,106.0,139.0,89.0,207.0,79.0,83.0,260.0,178.0,91.0,6418.0,13713.0,1460.0,1646.0,1817.0,4193.0,2017.0,1158.0,5720.0,4057.0,2415.0
2020-09-23,0.237722632,0.35172832,0.375329236,0.413461538,0.376902417,0.412056738,0.31097561,0.482861401,0.284350464,0.300454704,0.353737493,0.350877193,0.335205993,0.592145015,0.508005822,0.519685039,0.42768595,0.33908046,0.62962963,0.381907308,0.407579273,0.426666667,20.0,10.0,5.0,5.0,6.0,11.0,10.0,3.0,23.0,12.0,4.0,4.6,2.4,6.9,7.7,4.9,5.4,5.5,6.2,4.4,5.3,5.1,394.0,290.0,105.0,219.0,142.0,286.0,149.0,90.0,468.0,240.0,102.0,8577.0,14396.0,1815.0,2385.0,3067.0,5576.0,2699.0,1566.0,9646.0,4224.0,2629.0
2020-09-24,0.228820505,0.324029126,0.393356643,0.381766382,0.36347359,0.392021277,0.28495935,0.462990561,0.260082084,0.270898916,0.322542672,0.324874687,0.333333333,0.607250755,0.497816594,0.492125984,0.408479835,0.331417625,0.636363636,0.33600713,0.383604022,0.388888889,20.0,9.0,5.0,5.0,6.0,10.0,9.0,3.0,23.0,12.0,5.0,4.4,2.4,6.9,7.9,4.8,5.3,5.4,5.9,4.5,5.3,5.5,464.0,237.0,196.0,233.0,144.0,301.0,128.0,76.0,535.0,297.0,249.0,11243.0,11805.0,2902.0,2943.0,3818.0,6093.0,2656.0,1615.0,11163.0,5768.0,3397.0
2020-09-25,0.22372048,0.31815422,0.404709987,0.366926899,0.367949866,0.394165777,0.262601626,0.476309227,0.24495039,0.266526758,0.330680813,0.313909774,0.353932584,0.538243626,0.483260553,0.472440945,0.395228216,0.316091954,0.643097643,0.30810093,0.378190255,0.38,20.0,9.0,4.0,6.0,6.0,10.0,10.0,3.0,23.0,11.0,5.0,4.5,2.2,7.1,8.0,5.0,5.3,5.2,6.0,5.1,5.4,5.8,518.0,292.0,246.0,240.0,154.0,286.0,139.0,74.0,578.0,287.0,187.0,11639.0,14014.0,2760.0,2837.0,2655.0,4964.0,2421.0,1040.0,10344.0,5285.0,2567.0
2020-09-26,0.234115456,0.330400485,0.376362843,0.372347949,0.373022978,0.409707352,0.267886179,0.493266833,0.250791696,0.276145505,0.349304939,0.310463659,0.4082397,0.461126005,0.470160116,0.480314961,0.406444906,0.291187739,0.609427609,0.319261214,0.392884764,0.393333333,21.0,9.0,4.0,7.0,6.0,10.0,12.0,4.0,24.0,11.0,5.0,4.4,2.2,7.2,8.3,4.8,5.4,5.2,6.0,5.1,5.4,5.6,447.0,235.0,156.0,232.0,72.0,297.0,119.0,60.0,431.0,255.0,87.0,9626.0,11744.0,2026.0,2377.0,1956.0,4682.0,2191.0,1332.0,7407.0,4061.0,1463.0
2020-09-27,0.240595903,0.365372953,0.340889276,0.400281889,0.382870785,0.42481203,0.27601626,0.495261845,0.257250175,0.295208115,0.375888626,0.304511278,0.445692884,0.404580153,0.477438137,0.484251969,0.434375,0.296934866,0.555555556,0.339886413,0.412993039,0.402222222,22.0,9.0,5.0,7.0,6.0,10.0,11.0,4.0,26.0,12.0,6.0,4.4,2.2,7.4,8.4,5.0,5.4,5.4,6.0,5.1,5.3,5.6,479.0,142.0,168.0,149.0,180.0,153.0,119.0,39.0,420.0,213.0,90.0,8390.0,5614.0,1959.0,2015.0,2753.0,3167.0,1914.0,529.0,7718.0,4056.0,1699.0
2020-09-28,0.260558659,0.396060606,0.327518535,0.406624383,0.396896449,0.436269245,0.286178862,0.495280676,0.266684137,0.324589017,0.376734573,0.320175439,0.475655431,0.382653061,0.500727802,0.494750656,0.447916667,0.310344828,0.528619529,0.358671909,0.439288476,0.46,25.0,9.0,5.0,7.0,6.0,11.0,11.0,4.0,23.0,12.0,6.0,4.6,2.1,7.5,8.2,4.9,5.2,5.2,5.9,5.1,5.4,5.5,374.0,159.0,99.0,109.0,119.0,142.0,93.0,52.0,304.0,180.0,83.0,7822.0,7259.0,1385.0,1824.0,2183.0,3201.0,1997.0,829.0,6669.0,3141.0,1923.0
2020-09-29,0.25698324,0.392727273,0.322875817,0.389711064,0.388839152,0.419700214,0.282926829,0.486338798,0.260569532,0.32301504,0.354185022,0.325501253,0.466292135,0.382653061,0.534206696,0.480314961,0.430944964,0.331417625,0.531986532,0.355176933,0.441608662,0.46,24.0,8.0,4.0,7.0,6.0,11.0,8.0,3.0,23.0,12.0,6.0,4.6,2.0,7.5,8.7,4.9,5.2,5.5,5.6,5.2,5.5,5.7,272.0,205.0,101.0,283.0,98.0,210.0,137.0,55.0,440.0,214.0,101.0,6406.0,14184.0,1344.0,2550.0,1944.0,4279.0,2307.0,1005.0,7812.0,4375.0,2226.0
2020-09-30,0.257057728,0.379090909,0.320697167,0.363284002,0.366159355,0.402170046,0.264227642,0.477284073,0.244456085,0.306575725,0.334209757,0.343984962,0.440074906,0.400510204,0.548762736,0.48031496,0.405797101,0.325670498,0.555555555,0.335954565,0.442382057,0.453333333,23.0,9.0,5.0,7.0,6.0,12.0,8.0,3.0,24.0,12.0,6.0,4.5,2.0,7.7,8.7,5.2,5.3,5.3,5.8,5.1,5.3,6.0,385.0,245.0,162.0,260.0,205.0,242.0,108.0,100.0,370.0,233.0,177.0,10120.0,12143.0,2361.0,2834.0,3332.0,4641.0,2296.0,1460.0,9334.0,4981.0,2860.0
2020-10-01,0.242011173,0.351818182,0.302366345,0.365045807,0.339600119,0.387765957,0.245121951,0.464303545,0.237085515,0.292759706,0.32446653,0.338345865,0.4082397,0.384223919,0.545851528,0.472440945,0.388028896,0.318007663,0.542087542,0.318916557,0.436968291,0.415555556,22.0,8.0,5.0,8.0,6.0,12.0,7.0,4.0,24.0,12.0,6.0,4.6,2.0,7.6,8.7,5.7,5.2,5.5,5.7,5.2,5.2,5.5,591.0,291.0,147.0,283.0,247.0,265.0,153.0,96.0,570.0,251.0,122.0,12508.0,13777.0,2425.0,3520.0,3998.0,5581.0,2735.0,2105.0,10996.0,5616.0,2537.0
2020-10-02,0.242085661,0.344545454,0.321585903,0.392177589,0.344374813,0.393262411,0.238617886,0.455317024,0.237571951,0.292759706,0.344252705,0.325501253,0.447565543,0.424936386,0.548762736,0.472440944,0.397316821,0.300766283,0.562289562,0.313237221,0.445475638,0.411111111,21.0,8.0,4.0,8.0,6.0,11.0,6.0,4.0,23.0,12.0,6.0,4.4,2.0,6.9,8.5,5.6,5.1,5.4,5.8,4.9,4.9,5.2,458.0,232.0,147.0,267.0,157.0,291.0,173.0,78.0,534.0,226.0,107.0,12815.0,12421.0,2639.0,3466.0,3207.0,5911.0,3149.0,1032.0,12536.0,5783.0,1997.0
2020-10-03,0.247746741,0.340619307,0.350946719,0.424947145,0.373022978,0.404444444,0.257723577,0.46249379,0.251264608,0.312696747,0.358794263,0.321741854,0.481273408,0.432569974,0.55749636,0.469816272,0.422755741,0.28927203,0.565656565,0.319353429,0.45475638,0.417777777,21.0,10.0,4.0,9.0,7.0,11.0,6.0,4.0,25.0,12.0,6.0,4.5,1.9,6.7,8.5,5.7,4.9,5.6,6.3,4.8,4.8,5.2,493.0,179.0,95.0,252.0,146.0,204.0,120.0,123.0,428.0,238.0,56.0,10494.0,10897.0,1639.0,2571.0,2884.0,4188.0,1862.0,1626.0,9008.0,4575.0,908.0
2020-10-04,0.270316573,0.355839416,0.362280701,0.449612403,0.416293643,0.432442067,0.282520325,0.471904525,0.270015698,0.340503672,0.379865378,0.323621553,0.518726591,0.460559796,0.563318777,0.488188976,0.451206715,0.298850574,0.579124579,0.333333333,0.477958236,0.44,20.0,9.0,4.0,9.0,6.0,12.0,6.0,5.0,26.0,13.0,6.0,4.3,1.9,6.3,8.6,5.5,4.9,5.5,6.5,4.8,4.8,5.1,397.0,100.0,84.0,160.0,143.0,169.0,119.0,65.0,379.0,193.0,66.0,8385.0,4011.0,1534.0,2102.0,2582.0,3172.0,1931.0,724.0,6731.0,3383.0,1521.0
2020-10-05,0.283202979,0.377513711,0.359479865,0.445736434,0.42972247,0.446470062,0.293902439,0.493280238,0.283185068,0.368485484,0.381035996,0.339598997,0.52247191,0.498727735,0.551673944,0.511811023,0.462025316,0.319923371,0.565656565,0.354303189,0.490332559,0.462222222,22.0,9.0,3.0,9.0,7.0,12.0,8.0,5.0,28.0,14.0,7.0,4.3,1.9,6.1,8.8,5.6,5.2,5.6,6.9,4.9,4.9,5.1,393.0,142.0,66.0,202.0,138.0,215.0,101.0,93.0,365.0,191.0,102.0,8426.0,6615.0,1134.0,2317.0,2401.0,3140.0,2041.0,949.0,6227.0,3111.0,2146.0
2020-10-06,0.283947858,0.373857404,0.331589537,0.420718816,0.423754103,0.428775692,0.28902439,0.504235176,0.268794697,0.354494578,0.364940005,0.338345864,0.531835205,0.479591836,0.537117903,0.522309711,0.4360587,0.33716475,0.545454545,0.343381389,0.485692188,0.442222222,23.0,10.0,4.0,9.0,8.0,13.0,9.0,6.0,31.0,14.0,6.0,4.3,1.9,5.8,8.8,5.8,5.0,5.5,7.0,5.0,5.1,5.2,284.0,262.0,81.0,222.0,176.0,161.0,143.0,129.0,505.0,292.0,127.0,6586.0,16909.0,1828.0,1844.0,2648.0,4181.0,2721.0,1904.0,8374.0,4488.0,2706.0
2020-10-07,0.257728119,0.356489945,0.314506769,0.386187455,0.391641791,0.386952636,0.286585365,0.500249128,0.247252747,0.320041972,0.338601112,0.327694235,0.509363295,0.506393861,0.480349344,0.513123359,0.404612159,0.335249042,0.545454545,0.322848405,0.471771075,0.408888888,24.0,10.0,3.0,9.0,9.0,12.0,11.0,6.0,31.0,15.0,6.0,4.3,1.9,6.2,8.9,5.7,5.0,5.6,7.1,5.3,5.3,5.0,449.0,262.0,308.0,367.0,219.0,249.0,179.0,110.0,656.0,340.0,177.0,11715.0,13344.0,3768.0,3852.0,3795.0,5121.0,3193.0,1384.0,11491.0,6012.0,3186.0
2020-10-08,0.233817504,0.32084095,0.273183925,0.360465116,0.37623171,0.356925826,0.287398373,0.473841554,0.229548229,0.283140958,0.320163886,0.303571428,0.47565543,0.43076923,0.457059679,0.485564304,0.38784067,0.327586206,0.575757575,0.290956749,0.452436194,0.362222222,26.0,11.0,4.0,9.0,10.0,12.0,12.0,7.0,31.0,15.0,6.0,4.3,1.9,6.3,9.1,5.7,5.0,5.6,7.3,5.2,5.6,5.1,608.0,294.0,162.0,359.0,209.0,262.0,158.0,70.0,560.0,344.0,126.0,12922.0,13572.0,2532.0,3871.0,3395.0,5504.0,2925.0,1542.0,11159.0,5282.0,2470.0
2020-10-09,0.219068901,0.314442413,0.264683153,0.357646229,0.360215053,0.350312779,0.283739837,0.457897359,0.232426303,0.282791185,0.335674568,0.287593984,0.449438202,0.456632653,0.457059679,0.458005249,0.379454926,0.339080459,0.606060606,0.298383573,0.434648105,0.351111111,28.0,12.0,4.0,10.0,10.0,12.0,12.0,7.0,33.0,17.0,6.0,4.6,2.0,6.5,9.7,5.9,5.2,5.9,7.5,5.5,6.3,5.4,631.0,237.0,186.0,361.0,239.0,312.0,205.0,155.0,669.0,424.0,182.0,12786.0,7745.0,2574.0,3281.0,3865.0,4928.0,2806.0,1776.0,11711.0,5488.0,2535.0
2020-10-10,0.226666666,0.333638025,0.236405707,0.375616631,0.365890083,0.365326184,0.287804878,0.459122632,0.241758241,0.289261979,0.367573895,0.28320802,0.462546816,0.385204081,0.505094614,0.439632545,0.389121338,0.327586206,0.606060606,0.299257317,0.419953596,0.353333333,28.0,12.0,4.0,9.0,10.0,12.0,12.0,8.0,32.0,17.0,7.0,4.7,2.1,6.6,9.6,6.2,5.5,6.1,8.0,5.6,6.4,5.6,752.0,269.0,114.0,308.0,208.0,402.0,189.0,130.0,598.0,338.0,140.0,14131.0,13329.0,1869.0,3348.0,2958.0,5878.0,2403.0,1145.0,10493.0,5418.0,1735.0
2020-10-11,0.251173184,0.37202925,0.230680061,0.396405919,0.374253285,0.377658623,0.289837398,0.472319201,0.259113901,0.310772997,0.392449517,0.304824561,0.479400749,0.37913486,0.513828238,0.456692913,0.39874739,0.331417624,0.575757575,0.313237221,0.439288476,0.362222222,30.0,13.0,5.0,9.0,11.0,12.0,13.0,9.0,34.0,17.0,8.0,4.9,2.2,6.8,10.1,6.2,5.6,6.3,7.7,5.9,6.7,6.1,665.0,251.0,159.0,260.0,162.0,241.0,187.0,60.0,623.0,342.0,155.0,10882.0,6981.0,2137.0,2146.0,2749.0,3901.0,2432.0,990.0,8414.0,4315.0,1772.0
2020-10-12,0.268230912,0.390310786,0.237708091,0.399929527,0.385902031,0.394995531,0.303658536,0.478542914,0.266788766,0.322490381,0.400936494,0.327380952,0.488764044,0.385204081,0.491994177,0.481627296,0.41875,0.323754789,0.548821548,0.316295325,0.467130703,0.382222222,29.0,14.0,5.0,10.0,11.0,12.0,14.0,9.0,33.0,17.0,8.0,5.2,2.2,6.9,10.3,6.3,5.6,6.6,7.5,6.2,7.0,6.4,766.0,194.0,134.0,267.0,251.0,220.0,163.0,50.0,759.0,353.0,107.0,10556.0,8272.0,1889.0,2439.0,3662.0,3195.0,2165.0,691.0,9151.0,3937.0,1353.0
2020-10-13,0.272327746,0.367154174,0.268737864,0.365750528,0.379928315,0.383914209,0.300813008,0.470558882,0.256148613,0.322490381,0.383669885,0.336779448,0.473782771,0.442748091,0.430858806,0.502624671,0.415625,0.323754789,0.535353535,0.310615989,0.477184841,0.375555555,28.0,14.0,5.0,11.0,10.0,11.0,15.0,9.0,31.0,18.0,8.0,5.4,2.4,7.0,10.6,6.6,6.0,6.8,7.8,6.3,7.4,6.7,557.0,312.0,83.0,371.0,241.0,324.0,147.0,94.0,588.0,406.0,139.0,8382.0,11789.0,1586.0,2674.0,2834.0,4817.0,2088.0,1104.0,8015.0,3842.0,2209.0
2020-10-14,0.247895716,0.33973187,0.286878881,0.335447498,0.362903225,0.362800565,0.287398373,0.453093812,0.23548387,0.307974816,0.362306116,0.317042606,0.462546816,0.48091603,0.397379912,0.506561679,0.405181347,0.291187739,0.528619528,0.305143853,0.455529775,0.355555555,28.0,15.0,4.0,12.0,10.0,13.0,15.0,7.0,32.0,19.0,9.0,5.7,2.6,7.0,11.0,6.8,6.4,7.3,8.5,6.5,7.9,6.9,492.0,346.0,195.0,398.0,259.0,395.0,209.0,244.0,627.0,339.0,216.0,8709.0,11411.0,2203.0,3458.0,3531.0,5700.0,2377.0,2211.0,9626.0,3842.0,3278.0
2020-10-15,0.22405959,0.31139549,0.270857586,0.312655971,0.341995221,0.34353682,0.266260162,0.439121756,0.217012375,0.295208114,0.342405618,0.302005012,0.447565543,0.440203562,0.392097264,0.501312335,0.388659793,0.272030651,0.538720538,0.287951283,0.426914153,0.348888888,30.0,15.0,5.0,12.0,11.0,14.0,14.0,7.0,34.0,20.0,11.0,6.0,2.5,7.2,11.1,7.0,6.7,8.2,9.1,6.8,8.4,7.0,937.0,339.0,247.0,360.0,315.0,435.0,401.0,180.0,1016.0,653.0,213.0,14610.0,17513.0,3205.0,3516.0,4390.0,6115.0,4022.0,2066.0,14637.0,7060.0,3568.0
2020-10-16,0.215418994,0.319622181,0.267365153,0.33080808,0.33990442,0.339217722,0.249593495,0.444610778,0.219087425,0.288562434,0.330992098,0.30764411,0.447565543,0.44529262,0.419713831,0.497375328,0.381538461,0.260536398,0.572390572,0.291666666,0.412219644,0.324444444,29.0,16.0,5.0,12.0,12.0,14.0,16.0,6.0,34.0,20.0,11.0,6.2,2.5,7.0,11.1,7.3,6.9,8.3,9.1,6.8,8.5,7.3,903.0,288.0,171.0,371.0,333.0,442.0,231.0,104.0,944.0,500.0,193.0,14578.0,11284.0,2795.0,3499.0,3952.0,6197.0,2882.0,1296.0,15041.0,6119.0,2104.0
2020-10-17,0.222122905,0.313833028,0.243306169,0.36290617,0.349462365,0.3509865,0.261382113,0.46812749,0.236901653,0.295383001,0.333333333,0.309068089,0.455056179,0.419847328,0.473333333,0.492125984,0.386666666,0.254789272,0.622895622,0.296875,0.413766434,0.317777777,30.0,16.0,5.0,12.0,12.0,14.0,17.0,6.0,33.0,21.0,11.0,6.7,2.6,7.4,11.8,7.5,6.9,8.6,8.7,7.1,9.0,7.5,1370.0,314.0,207.0,653.0,437.0,426.0,386.0,150.0,1087.0,709.0,233.0,16706.0,10558.0,2309.0,4891.0,5500.0,5897.0,3986.0,1749.0,14725.0,7503.0,2403.0
2020-10-18,0.246256983,0.329372333,0.249222395,0.393574297,0.380525686,0.386465905,0.277235772,0.487574552,0.263135003,0.311472542,0.343283582,0.321495914,0.458801498,0.44529262,0.483333333,0.505249343,0.404102564,0.254789272,0.636363636,0.314236111,0.441608662,0.311111111,33.0,17.0,4.0,12.0,13.0,14.0,17.0,6.0,36.0,21.0,12.0,7.0,2.5,7.6,11.6,7.7,7.1,8.7,8.9,7.2,9.2,7.4,883.0,201.0,187.0,260.0,217.0,240.0,194.0,50.0,743.0,405.0,163.0,11169.0,7451.0,2105.0,2602.0,2758.0,3151.0,2285.0,646.0,8791.0,4366.0,2091.0
2020-10-19,0.253184357,0.338513101,0.269442262,0.420591456,0.398446833,0.415025906,0.291869918,0.489583333,0.277487821,0.337005946,0.341327873,0.316650928,0.455056179,0.463104325,0.5,0.510498687,0.409230769,0.254789272,0.639730639,0.320173535,0.473317865,0.331111111,32.0,18.0,4.0,12.0,12.0,14.0,16.0,6.0,38.0,22.0,12.0,7.0,2.6,7.8,11.9,7.8,7.1,9.1,9.1,7.2,9.4,7.2,795.0,189.0,137.0,364.0,239.0,331.0,298.0,105.0,809.0,520.0,128.0,10455.0,7556.0,1432.0,2651.0,3253.0,4794.0,2946.0,1161.0,9523.0,4821.0,2077.0
2020-10-20,0.25333731,0.329372333,0.309401031,0.405257393,0.393966547,0.420372285,0.266260162,0.46875,0.263935994,0.325813221,0.330020461,0.329237555,0.451310861,0.493638676,0.481666666,0.505249343,0.409230769,0.250957854,0.619528619,0.315743944,0.477958236,0.326666666,36.0,19.0,5.0,13.0,12.0,15.0,16.0,8.0,42.0,23.0,12.0,7.0,2.6,8.1,11.7,7.7,7.0,9.2,8.7,7.3,9.4,7.2,679.0,405.0,169.0,305.0,295.0,409.0,267.0,108.0,849.0,490.0,203.0,9773.0,14503.0,2111.0,2457.0,3834.0,6427.0,3113.0,1652.0,10442.0,4825.0,3262.0
2020-10-21,0.232882849,0.309567336,0.320671731,0.388623853,0.363799283,0.397316821,0.253252032,0.448412698,0.244653103,0.288912207,0.305872042,0.319457584,0.43071161,0.519083969,0.454545454,0.482939632,0.393846153,0.247126436,0.595959595,0.304872789,0.45630317,0.284501061,40.0,17.0,6.0,14.0,13.0,14.0,16.0,8.0,47.0,24.0,13.0,7.3,2.5,8.2,12.2,7.8,7.0,9.3,8.3,7.5,9.3,7.3,1123.0,320.0,289.0,553.0,334.0,404.0,387.0,190.0,1040.0,542.0,246.0,14137.0,14713.0,3206.0,3911.0,4297.0,5998.0,3984.0,2146.0,13171.0,6207.0,3351.0
2020-10-22,0.218509381,0.27765925,0.309695512,0.357169321,0.33781362,0.379256965,0.238617886,0.442956349,0.23285528,0.253760055,0.299737072,0.310921717,0.391385767,0.511450381,0.409863945,0.469816272,0.407179487,0.247126436,0.569023569,0.292903225,0.408352668,0.25,41.0,19.0,5.0,14.0,13.0,14.0,18.0,9.0,49.0,25.0,12.0,7.5,2.6,8.2,12.7,7.9,7.0,9.3,8.7,7.7,9.2,7.5,1203.0,346.0,182.0,465.0,324.0,500.0,309.0,214.0,945.0,608.0,191.0,15414.0,12688.0,2471.0,3467.0,3950.0,6696.0,3187.0,1992.0,11895.0,7007.0,2925.0
2020-10-23,0.214547357,0.282926829,0.282267792,0.352038907,0.331839904,0.375988992,0.246747967,0.452027695,0.238777459,0.243616649,0.304411335,0.296401515,0.36142322,0.51653944,0.355670103,0.467191601,0.403076923,0.264367816,0.562289562,0.292903225,0.37741686,0.237816764,41.0,19.0,5.0,15.0,13.0,14.0,16.0,10.0,50.0,27.0,11.0,7.7,2.7,8.4,12.8,8.1,7.2,9.3,8.8,7.7,9.5,7.8,987.0,361.0,186.0,459.0,388.0,546.0,358.0,141.0,969.0,706.0,274.0,14053.0,12529.0,2429.0,4000.0,3950.0,6757.0,4029.0,1526.0,15414.0,7316.0,2414.0
2020-10-24,0.219555954,0.376666666,0.271440129,0.354753851,0.356332138,0.381771281,0.246747967,0.463510848,0.247549657,0.252535851,0.323108384,0.288510101,0.355805243,0.435114503,0.37113402,0.479002624,0.407179487,0.272030651,0.565656565,0.302365591,0.369682907,0.245614035,43.0,20.0,5.0,14.0,15.0,16.0,16.0,10.0,54.0,31.0,11.0,7.8,2.7,8.3,12.5,8.4,7.5,9.6,9.0,8.0,9.5,8.0,1274.0,351.0,224.0,456.0,444.0,455.0,333.0,148.0,1237.0,585.0,261.0,14344.0,12104.0,2754.0,3823.0,4762.0,4548.0,2894.0,1473.0,13528.0,6088.0,2231.0
2020-10-25,0.236749644,0.414031918,0.256191636,0.370537391,0.387395459,0.393741403,0.254537953,0.47614363,0.263148773,0.269674711,0.342681858,0.30145202,0.383895131,0.374045801,0.400343642,0.492125984,0.394467213,0.279693486,0.555555555,0.322150537,0.394431554,0.274853801,45.0,20.0,5.0,15.0,16.0,18.0,18.0,9.0,55.0,33.0,10.0,8.1,2.8,8.5,13.0,8.4,7.7,9.8,9.0,8.0,9.6,8.1,1304.0,261.0,222.0,375.0,290.0,479.0,308.0,54.0,957.0,543.0,194.0,12893.0,6838.0,2156.0,2670.0,3509.0,5222.0,2962.0,688.0,10640.0,5438.0,2179.0
2020-10-26,0.246318307,0.42908438,0.281237281,0.373167981,0.397550776,0.40398831,0.259799833,0.473891625,0.268607573,0.285764253,0.351446099,0.322285353,0.400749063,0.366412213,0.424398625,0.501312335,0.389969293,0.28927203,0.542087542,0.333333333,0.428460943,0.304093567,47.0,18.0,5.0,14.0,17.0,18.0,20.0,9.0,59.0,35.0,11.0,8.2,2.9,8.5,12.9,8.7,7.9,10.1,9.1,8.3,9.6,8.8,1010.0,325.0,127.0,332.0,406.0,424.0,328.0,110.0,1022.0,523.0,238.0,11295.0,8621.0,1305.0,2482.0,4140.0,4878.0,2476.0,1148.0,9741.0,4648.0,1881.0
2020-10-27,0.242206772,0.336026331,0.278861788,0.355881247,0.3760454,0.386109678,0.254215851,0.467686235,0.26470843,0.282266526,0.344060854,0.329965266,0.413857677,0.404580152,0.405498281,0.503937007,0.377686796,0.27394636,0.552188552,0.32516129,0.442382057,0.298245614,51.0,20.0,5.0,14.0,19.0,18.0,21.0,10.0,59.0,36.0,11.0,8.4,2.9,8.7,13.2,9.1,8.5,10.5,9.7,8.6,9.8,9.2,868.0,443.0,154.0,467.0,421.0,587.0,366.0,185.0,1161.0,663.0,263.0,10261.0,15832.0,1546.0,3108.0,3984.0,5828.0,3316.0,1760.0,10541.0,6006.0,3172.0
2020-10-28,0.226807206,0.318970676,0.276923076,0.319804584,0.345878136,0.364402407,0.243912678,0.440987654,0.239889148,0.254459601,0.327278054,0.311433986,0.417602996,0.414758269,0.381443298,0.501312335,0.366803278,0.268199233,0.545454545,0.309247311,0.4354215,0.270955165,54.0,20.0,6.0,15.0,20.0,20.0,22.0,10.0,62.0,38.0,11.0,8.6,3.1,8.7,13.6,9.6,8.9,10.8,10.1,9.1,10.2,10.0,1097.0,466.0,296.0,688.0,523.0,635.0,499.0,258.0,1437.0,778.0,402.0,11722.0,12677.0,3389.0,4231.0,4942.0,6986.0,4236.0,2382.0,13554.0,6648.0,3453.0
2020-10-29,0.218957912,0.309395571,0.258377069,0.314167606,0.334826762,0.343481252,0.237195633,0.438518518,0.225655673,0.233298356,0.310739436,0.292575039,0.410112359,0.409669211,0.360824742,0.494750656,0.366153846,0.258620689,0.535353535,0.282150537,0.39829853,0.247563352,56.0,19.0,6.0,16.0,21.0,21.0,23.0,10.0,66.0,39.0,10.0,9.0,3.3,9.1,13.5,9.7,9.3,11.4,9.6,9.3,10.6,10.5,1808.0,519.0,243.0,553.0,424.0,760.0,548.0,135.0,1440.0,841.0,397.0,18339.0,14668.0,2338.0,4276.0,4482.0,7482.0,4202.0,1736.0,15115.0,7627.0,3954.0
2020-10-30,0.222695671,0.32854578,0.278383838,0.328072153,0.33422939,0.346292792,0.226280436,0.455264458,0.216896551,0.218394824,0.306924882,0.288151658,0.395131086,0.44529262,0.355670103,0.47375328,0.383589743,0.266283524,0.511784511,0.276559139,0.372776488,0.24951267,60.0,19.0,6.0,16.0,22.0,21.0,23.0,9.0,65.0,40.0,11.0,9.7,3.3,9.7,14.6,10.2,9.7,12.4,10.0,10.1,11.1,10.6,1993.0,397.0,330.0,831.0,790.0,687.0,618.0,230.0,1861.0,991.0,396.0,17412.0,13228.0,2982.0,4785.0,6440.0,6467.0,4075.0,2044.0,17071.0,8077.0,3394.0
2020-10-31,0.232339089,0.326750448,0.276854479,0.34986847,0.336320191,0.361613351,0.218303946,0.486887679,0.22257538,0.230513806,0.316607981,0.292259083,0.374531835,0.432569974,0.37113402,0.468503937,0.388429752,0.27394636,0.545454545,0.283870967,0.355761794,0.272904483,65.0,21.0,7.0,20.0,23.0,21.0,25.0,10.0,67.0,40.0,12.0,10.2,3.6,10.2,15.3,10.5,9.9,12.6,9.9,10.5,11.6,10.5,2279.0,434.0,271.0,693.0,602.0,638.0,498.0,142.0,1811.0,917.0,291.0,19521.0,7569.0,2422.0,4205.0,5476.0,5779.0,3851.0,1526.0,15800.0,6947.0,2695.0
2020-11-01,0.240858446,0.318970676,0.270259319,0.355505449,0.344384707,0.397188049,0.2170445,0.51311232,0.240112994,0.258864628,0.343016431,0.290679304,0.374531835,0.384223918,0.383161512,0.465879265,0.402705515,0.287356321,0.548821548,0.300645161,0.367362722,0.296296296,67.0,20.0,7.0,21.0,25.0,24.0,25.0,10.0,69.0,42.0,12.0,10.4,3.4,10.1,15.7,11.1,10.1,13.3,10.0,10.9,12.1,11.1,1848.0,295.0,228.0,543.0,427.0,646.0,545.0,127.0,1470.0,848.0,365.0,15902.0,10949.0,2350.0,3051.0,2999.0,5819.0,3355.0,1248.0,11361.0,6028.0,2619.0
2020-11-02,0.254918094,0.332734889,0.258648431,0.351747463,0.347968936,0.426439232,0.227539882,0.516065249,0.256462934,0.294045748,0.355633802,0.299842022,0.374531835,0.358778625,0.379725085,0.476377952,0.390985324,0.308429118,0.569023569,0.310967741,0.378190255,0.325536062,72.0,22.0,7.0,23.0,28.0,25.0,26.0,11.0,77.0,45.0,13.0,10.8,3.5,10.7,15.8,11.2,10.4,13.4,10.3,11.1,12.2,11.0,1759.0,409.0,295.0,633.0,613.0,622.0,552.0,177.0,1635.0,917.0,376.0,14985.0,8710.0,2023.0,4268.0,5657.0,5496.0,4007.0,1429.0,13575.0,7506.0,3384.0
2020-11-03,0.254919566,0.339616995,0.273346693,0.329951146,0.341099163,0.435856432,0.22418136,0.502222222,0.261941448,0.288982015,0.359741784,0.299524564,0.38576779,0.361323155,0.381443298,0.464566929,0.394129979,0.300766283,0.555555555,0.299354838,0.369682907,0.335282651,73.0,22.0,8.0,24.0,31.0,27.0,26.0,11.0,81.0,46.0,14.0,11.0,3.5,10.7,15.8,11.6,10.7,14.2,10.6,11.3,12.7,11.4,1220.0,410.0,196.0,469.0,648.0,795.0,576.0,133.0,1445.0,940.0,254.0,11229.0,14903.0,1946.0,3055.0,4798.0,6680.0,3228.0,1024.0,11965.0,6067.0,2191.0
2020-11-04,0.239506172,0.341412327,0.29235082,0.311537016,0.319593787,0.421211582,0.218723761,0.489382716,0.24619072,0.258704735,0.336561032,0.292845786,0.383895131,0.386768447,0.364261168,0.440944881,0.36687631,0.293103448,0.535353535,0.276989247,0.37896365,0.346978557,73.0,23.0,7.0,25.0,32.0,25.0,27.0,11.0,84.0,46.0,15.0,11.4,3.7,11.3,16.1,11.8,11.6,14.8,10.6,11.6,12.9,11.9,1857.0,508.0,372.0,797.0,718.0,1162.0,623.0,260.0,1843.0,849.0,638.0,14510.0,11099.0,3049.0,4349.0,5850.0,7961.0,3957.0,2347.0,14481.0,6736.0,4630.0
2020-11-05,0.226636737,0.304608019,0.28778135,0.300263059,0.296207823,0.393987341,0.216624685,0.485432098,0.224108367,0.230689116,0.324237089,0.274641148,0.391385767,0.368956743,0.359106529,0.416886543,0.35900104,0.287356321,0.515151515,0.262365591,0.373549883,0.339181286,79.0,25.0,7.0,26.0,34.0,26.0,30.0,11.0,87.0,52.0,19.0,11.9,3.8,12.0,16.8,12.5,12.5,15.4,11.2,12.1,13.3,13.3,2108.0,757.0,506.0,730.0,824.0,1459.0,755.0,320.0,1932.0,1047.0,816.0,16065.0,17245.0,3534.0,4167.0,5663.0,10062.0,4561.0,2795.0,15237.0,7626.0,4745.0
2020-11-06,0.220950243,0.29973078,0.297949336,0.309282224,0.283582089,0.369932138,0.216624685,0.49382716,0.20393268,0.222741433,0.309565727,0.265709728,0.411985018,0.407124681,0.34879725,0.405835543,0.363636363,0.283524904,0.494949494,0.25548387,0.37741686,0.325536062,84.0,25.0,8.0,27.0,36.0,27.0,32.0,12.0,92.0,54.0,20.0,12.2,4.2,12.4,17.6,12.7,13.2,16.4,11.5,12.2,13.7,14.4,2293.0,669.0,528.0,1148.0,822.0,1379.0,1051.0,312.0,2109.0,1436.0,682.0,17132.0,12375.0,3971.0,5467.0,6139.0,8880.0,5170.0,2394.0,18087.0,9812.0,3506.0
2020-11-07,0.2338945,0.316985645,0.297991967,0.316046599,0.296031035,0.362101636,0.232577665,0.483950617,0.204248366,0.226415094,0.320422535,0.263141127,0.415730337,0.391857506,0.383161512,0.410666666,0.362051282,0.275862068,0.481481481,0.268387096,0.369682907,0.300194931,89.0,26.0,8.0,24.0,38.0,29.0,33.0,13.0,98.0,58.0,21.0,12.8,4.2,12.7,18.2,14.1,14.0,17.5,11.8,12.9,14.2,15.2,2666.0,695.0,362.0,888.0,1084.0,1321.0,1078.0,242.0,2631.0,1380.0,666.0,17312.0,13955.0,2680.0,4181.0,5254.0,7913.0,5277.0,2025.0,16822.0,8329.0,3879.0
2020-11-08,0.246389824,0.343497757,0.301083902,0.311537016,0.310951954,0.372609819,0.252728799,0.483695652,0.2124183,0.237188365,0.336561032,0.281896277,0.395131086,0.386768447,0.391752577,0.422666666,0.35076923,0.264367816,0.457912457,0.276129032,0.368909512,0.296296296,94.0,26.0,7.0,26.0,40.0,32.0,37.0,13.0,101.0,56.0,23.0,13.4,4.6,13.4,18.3,14.5,14.6,17.7,12.2,13.2,14.7,15.1,2181.0,495.0,491.0,543.0,592.0,901.0,595.0,205.0,1852.0,1148.0,244.0,14187.0,8337.0,3271.0,2916.0,3131.0,5368.0,3388.0,1515.0,12072.0,6495.0,2043.0
2020-11-09,0.255817433,0.348281016,0.275240384,0.297632468,0.309758281,0.356761412,0.272879932,0.485192497,0.220072239,0.234711605,0.341341927,0.300921512,0.36142322,0.353689567,0.391752577,0.448,0.325128205,0.277777777,0.434343434,0.275698924,0.365815931,0.296296296,99.0,26.0,8.0,28.0,40.0,35.0,41.0,14.0,102.0,60.0,23.0,13.9,4.8,13.9,18.9,15.3,15.1,18.5,12.5,13.7,15.1,16.4,3004.0,792.0,561.0,944.0,941.0,1422.0,1066.0,373.0,2535.0,1337.0,1091.0,19846.0,11785.0,3247.0,5068.0,6017.0,9099.0,5424.0,2639.0,15847.0,8706.0,5822.0
2020-11-10,0.240852974,0.33721973,0.242983159,0.276963547,0.288868994,0.337984496,0.214285714,0.482741617,0.20826132,0.211360864,0.318687756,0.297966963,0.331460674,0.358778625,0.367697594,0.449333333,0.317948717,0.249019607,0.414141414,0.265376344,0.349574632,0.284600389,102.0,28.0,8.0,28.0,40.0,37.0,42.0,13.0,106.0,60.0,22.0,14.4,5.2,14.8,19.4,15.8,15.6,18.6,12.8,14.4,15.2,16.4,2333.0,744.0,456.0,831.0,1087.0,1470.0,1028.0,361.0,2556.0,1425.0,705.0,15088.0,15211.0,2368.0,4168.0,6285.0,9130.0,5543.0,2444.0,14452.0,8889.0,4842.0
2020-11-11,0.215712682,0.315396113,0.216346153,0.263434798,0.274865991,0.314556416,0.146469049,0.458435809,0.194974527,0.184997377,0.290121625,0.276913305,0.333333333,0.348600508,0.357388316,0.44,0.31076923,0.210843373,0.41077441,0.252903225,0.328692962,0.266144814,112.0,29.0,9.0,29.0,41.0,42.0,44.0,13.0,108.0,59.0,25.0,14.6,5.2,15.2,19.9,16.2,16.0,19.2,13.8,14.8,15.5,16.9,2179.0,763.0,600.0,795.0,1077.0,1523.0,1144.0,457.0,2650.0,1275.0,732.0,15568.0,16307.0,4021.0,3507.0,7216.0,8897.0,5687.0,2579.0,17320.0,8505.0,4294.0
2020-11-12,0.197904975,0.306195749,0.222266881,0.26357466,0.268647845,0.325064599,0.124,0.442364532,0.190422778,0.187128366,0.272043334,0.25047619,0.310861423,0.366412213,0.336221837,0.414438502,0.307692307,0.158436213,0.427609427,0.249462365,0.326372776,0.255319148,112.0,29.0,10.0,28.0,43.0,42.0,43.0,14.0,110.0,58.0,25.0,15.2,5.3,15.3,20.9,16.9,16.7,19.8,14.0,15.6,15.8,17.2,3298.0,805.0,611.0,899.0,1269.0,1970.0,1088.0,385.0,3089.0,1240.0,1045.0,18712.0,14924.0,4023.0,3693.0,6658.0,10639.0,5158.0,3097.0,17377.0,7840.0,5730.0
2020-11-13,0.213617658,0.30439988,0.231697506,0.276958002,0.261565836,0.332299741,0.160888888,0.450787401,0.201887601,0.207137858,0.269559902,0.269841269,0.307116104,0.349489795,0.34090909,0.410187667,0.305641025,0.150205761,0.464646464,0.257204301,0.317092034,0.242829827,108.0,29.0,9.0,30.0,44.0,45.0,42.0,13.0,108.0,55.0,26.0,15.6,5.3,16.3,20.5,17.1,17.0,19.7,13.9,15.9,16.0,16.8,3372.0,831.0,815.0,796.0,1161.0,1885.0,1170.0,465.0,3044.0,1497.0,984.0,21629.0,15608.0,4335.0,4246.0,7557.0,10626.0,5850.0,3660.0,21207.0,9500.0,5846.0
2020-11-14,0.227534605,0.328644118,0.248178137,0.308276385,0.263641755,0.352110249,0.183555555,0.475838264,0.222393822,0.225817736,0.285145482,0.286031746,0.299625468,0.341836734,0.34744268,0.424731182,0.323045267,0.133744855,0.464646464,0.279569892,0.319412219,0.224105461,112.0,30.0,11.0,31.0,43.0,50.0,43.0,12.0,111.0,53.0,28.0,15.5,5.4,16.1,20.0,16.2,17.0,20.3,13.9,15.9,15.8,16.7,3066.0,585.0,439.0,744.0,887.0,1075.0,1164.0,220.0,2506.0,1153.0,560.0,20365.0,9957.0,3476.0,4095.0,6318.0,6454.0,4604.0,1762.0,16139.0,7543.0,3600.0
2020-11-15,0.245791245,0.345889387,0.217678645,0.335231586,0.283807829,0.370198105,0.149777777,0.468734613,0.24084084,0.236446309,0.310313075,0.313015873,0.320224719,0.2845953,0.377425044,0.430107526,0.351909184,0.152263374,0.427609427,0.298494623,0.327146171,0.212806026,118.0,31.0,12.0,30.0,44.0,51.0,43.0,14.0,114.0,55.0,29.0,15.5,5.4,16.0,19.9,16.0,16.9,20.7,13.3,16.0,15.3,17.1,2575.0,702.0,659.0,781.0,728.0,1343.0,1087.0,365.0,2456.0,1156.0,774.0,16724.0,12801.0,4367.0,4297.0,4604.0,8444.0,5201.0,3588.0,15547.0,8301.0,4314.0
2020-11-16,0.256740563,0.369506726,0.195962994,0.347000759,0.295670225,0.381050818,0.121777777,0.467225234,0.244675369,0.242350061,0.337120049,0.318412698,0.331460674,0.272727272,0.363315696,0.442204301,0.364389233,0.1563786,0.424242424,0.297517123,0.342614075,0.224105461,118.0,33.0,12.0,28.0,46.0,53.0,45.0,15.0,120.0,58.0,29.0,15.4,5.3,16.4,19.5,15.7,16.7,20.7,13.4,15.7,15.1,16.8,2783.0,784.0,577.0,553.0,785.0,1094.0,980.0,313.0,2285.0,1186.0,799.0,19544.0,13267.0,2834.0,3717.0,6021.0,7702.0,4958.0,2022.0,16031.0,8653.0,4766.0
2020-11-17,0.265312242,0.34289985,0.162663295,0.336370539,0.293594306,0.364168819,0.107111111,0.444116198,0.238803404,0.233566433,0.330788026,0.319047619,0.352059925,0.252054794,0.366843033,0.431451612,0.35610766,0.164609053,0.437710437,0.275244993,0.334880123,0.235404896,118.0,34.0,13.0,29.0,45.0,52.0,47.0,16.0,121.0,58.0,29.0,15.0,5.3,16.1,19.0,15.4,16.6,20.6,13.2,15.5,14.6,16.1,2158.0,928.0,590.0,451.0,839.0,1695.0,832.0,339.0,2614.0,1153.0,714.0,17318.0,19368.0,3593.0,2837.0,5475.0,10859.0,4734.0,2498.0,16997.0,8862.0,6246.0
2020-11-18,0.258057262,0.328251121,0.154721753,0.32051282,0.268242245,0.352490421,0.109090909,0.436444885,0.224229908,0.219192448,0.320582877,0.306497622,0.383895131,0.243835616,0.345679012,0.430686406,0.353003161,0.148148148,0.412969283,0.256997455,0.319412219,0.233521657,115.0,35.0,13.0,30.0,44.0,56.0,47.0,16.0,120.0,60.0,30.0,14.9,5.5,15.5,18.2,15.4,16.1,20.1,12.9,15.6,14.8,15.3,2428.0,883.0,581.0,790.0,986.0,1456.0,974.0,436.0,3297.0,1456.0,909.0,17880.0,14445.0,4962.0,4699.0,6619.0,10799.0,5756.0,2944.0,20359.0,9172.0,7375.0
2020-11-19,0.229252636,0.282231027,0.149152542,0.294374009,0.230175871,0.302471412,0.107522123,0.43453897,0.217189822,0.185337874,0.29866501,0.267281105,0.354651162,0.223756906,0.300359712,0.353372434,0.308474576,0.141975308,0.349650349,0.222659667,0.263681592,0.216890595,110.0,33.0,13.0,30.0,40.0,56.0,44.0,16.0,117.0,56.0,28.0,14.3,5.5,15.1,17.1,14.2,15.1,19.8,12.7,14.9,14.5,14.4,2746.0,990.0,760.0,612.0,747.0,1616.0,1011.0,450.0,2487.0,1297.0,831.0,20386.0,18753.0,5740.0,3816.0,6719.0,12474.0,5310.0,3932.0,18971.0,9136.0,6407.0
2020-11-20,0.205160183,0.291265153,0.158818493,0.275976724,0.201552895,0.292369477,0.118322295,0.452169367,0.214907947,0.1687523,0.280114722,0.225607668,0.333333333,0.229050279,0.25091575,0.307568438,0.260657734,0.154320987,0.296703296,0.201909959,0.226988382,0.196881091,112.0,32.0,14.0,29.0,42.0,57.0,41.0,17.0,118.0,58.0,27.0,14.0,5.5,14.3,16.6,13.9,14.7,19.2,12.6,15.0,14.5,13.8,3106.0,843.0,631.0,793.0,991.0,1776.0,1086.0,454.0,2759.0,1445.0,817.0,22872.0,15874.0,4648.0,4946.0,7047.0,11545.0,6667.0,3638.0,18951.0,9401.0,6444.0
2020-11-21,0.198215423,0.285442435,0.160102739,0.263876651,0.189566996,0.283347863,0.141150442,0.479787234,0.224993072,0.158102766,0.265985497,0.19885755,0.29375,0.208450704,0.225746268,0.245989304,0.200517464,0.166666666,0.284090909,0.186408683,0.184731385,0.171026156,108.0,34.0,13.0,30.0,41.0,56.0,41.0,16.0,120.0,57.0,27.0,13.7,5.3,14.2,16.3,14.0,14.5,18.5,12.5,14.8,14.5,13.7,2526.0,667.0,573.0,672.0,684.0,1004.0,889.0,337.0,2128.0,1115.0,632.0,18724.0,14068.0,4713.0,4312.0,4600.0,7080.0,4356.0,2957.0,14583.0,7189.0,4494.0
2020-11-22,0.203922193,0.304789089,0.165243381,0.279671989,0.212183436,0.332135638,0.15609756,0.430555555,0.235145739,0.170983483,0.241390839,0.216361679,0.33125,0.207865168,0.242085661,0.292335115,0.226683937,0.179012345,0.272030651,0.190386427,0.193577981,0.164300202,106.0,34.0,14.0,31.0,41.0,55.0,40.0,16.0,118.0,54.0,28.0,12.9,5.4,14.1,15.8,13.5,14.4,18.1,12.8,14.4,14.4,13.1,2143.0,485.0,626.0,461.0,518.0,1168.0,921.0,320.0,2180.0,1266.0,610.0,21732.0,7514.0,4276.0,3137.0,4527.0,7879.0,5203.0,2710.0,17267.0,9620.0,4726.0
2020-11-23,0.206322662,0.284173802,0.165313968,0.274492878,0.214615111,0.329054054,0.174666666,0.432419432,0.222845391,0.166102968,0.222521008,0.236036036,0.329166666,0.188202247,0.25698324,0.29090909,0.243839169,0.189300411,0.274131274,0.16993464,0.19266055,0.16089613,103.0,31.0,14.0,29.0,39.0,54.0,38.0,16.0,113.0,52.0,26.0,12.6,5.4,13.8,15.4,13.1,14.3,17.6,12.5,14.0,13.8,12.5,2087.0,639.0,664.0,642.0,781.0,1286.0,774.0,237.0,1911.0,936.0,543.0,17404.0,10827.0,4033.0,5002.0,7233.0,9490.0,4894.0,1953.0,17050.0,9490.0,4777.0
2020-11-24,0.196050326,0.274397972,0.165461505,0.265429434,0.216187433,0.305336635,0.179111111,0.384727626,0.211908767,0.166729678,0.205488621,0.229354489,0.320833333,0.182584269,0.255121042,0.274545454,0.24773022,0.197530864,0.233716475,0.167053364,0.191328934,0.171026156,98.0,31.0,14.0,29.0,38.0,52.0,38.0,16.0,109.0,50.0,27.0,12.4,5.8,13.6,15.2,12.7,13.7,17.2,12.6,13.3,13.7,11.9,2536.0,894.0,700.0,579.0,765.0,1321.0,993.0,396.0,2347.0,1294.0,685.0,22484.0,11846.0,4943.0,4018.0,6488.0,11071.0,6482.0,2801.0,21007.0,10201.0,8046.0
2020-11-25,0.19950778,0.27895906,0.155772495,0.230263157,0.207079646,0.255290409,0.195111111,0.378895571,0.203682931,0.170912547,0.22967614,0.21600287,0.308333333,0.173295454,0.240223463,0.258181818,0.217898832,0.199588477,0.196911196,0.169680111,0.193798449,0.152173913,98.0,31.0,14.0,28.0,38.0,49.0,38.0,16.0,108.0,50.0,26.0,12.0,5.9,14.2,15.1,12.3,13.5,17.0,12.3,12.7,13.2,11.6,2478.0,916.0,727.0,663.0,821.0,1363.0,962.0,468.0,2103.0,1140.0,628.0,23130.0,12553.0,4651.0,4102.0,6501.0,11265.0,6193.0,3631.0,17359.0,9212.0,6178.0
2020-11-26,0.222195817,0.294024157,0.133901918,0.24122807,0.219037871,0.240378122,0.199111111,0.332783278,0.22666542,0.200609059,0.268558231,0.21558813,0.310416666,0.169054441,0.251396648,0.25490196,0.194552529,0.209876543,0.13740458,0.194714881,0.200581395,0.147859922,96.0,31.0,12.0,26.0,37.0,47.0,35.0,13.0,100.0,47.0,25.0,11.9,6.5,13.9,15.3,12.8,13.6,17.1,12.2,12.8,13.2,11.8,2429.0,624.0,490.0,535.0,743.0,898.0,813.0,245.0,2024.0,1093.0,545.0,18801.0,5009.0,4474.0,2855.0,5069.0,6498.0,3942.0,2476.0,14206.0,7768.0,3156.0
2020-11-27,0.250316055,0.293817718,0.129764453,0.244298245,0.215994531,0.232500562,0.200444444,0.349945235,0.248225625,0.225142857,0.284724513,0.229502327,0.302083333,0.180758017,0.232774674,0.26916221,0.168612191,0.197530864,0.145038167,0.199814557,0.204457364,0.134099616,95.0,31.0,12.0,25.0,37.0,43.0,35.0,12.0,100.0,47.0,22.0,11.7,7.1,14.0,15.0,12.8,13.1,17.4,12.1,12.6,13.1,11.2,1848.0,496.0,534.0,544.0,808.0,1108.0,767.0,271.0,1750.0,1125.0,481.0,14686.0,4595.0,3753.0,3810.0,5688.0,8895.0,4169.0,2296.0,13269.0,7454.0,5501.0
2020-11-28,0.255055292,0.307520713,0.139344262,0.27368421,0.21602191,0.247196052,0.196444444,0.368131868,0.260151218,0.236761904,0.279460171,0.249821045,0.302083333,0.188235294,0.251396648,0.276292335,0.178988326,0.199588477,0.152091254,0.20676866,0.230620155,0.13877551,100.0,30.0,13.0,22.0,38.0,46.0,36.0,14.0,98.0,48.0,22.0,11.5,7.8,14.3,14.8,12.7,13.1,17.0,12.7,12.4,12.7,10.9,1329.0,700.0,493.0,484.0,484.0,846.0,659.0,230.0,1540.0,756.0,317.0,10353.0,8579.0,3517.0,3462.0,3329.0,5972.0,3700.0,1203.0,11822.0,6073.0,2556.0
2020-11-29,0.245372567,0.322179732,0.158441558,0.273245614,0.198902606,0.254862508,0.198222222,0.376308539,0.252870344,0.222285714,0.257610474,0.257776188,0.283333333,0.183431952,0.225325884,0.256684491,0.197146562,0.189300411,0.159090909,0.20676866,0.240310077,0.144351464,100.0,30.0,13.0,21.0,37.0,49.0,36.0,14.0,101.0,49.0,21.0,12.0,7.7,14.1,15.0,12.8,13.3,16.6,12.5,12.4,12.5,10.9,1439.0,420.0,526.0,440.0,591.0,1141.0,472.0,295.0,1580.0,696.0,450.0,11229.0,7736.0,3973.0,2610.0,4653.0,6816.0,3387.0,2711.0,12002.0,5938.0,3157.0
2020-11-30,0.227139577,0.313575525,0.157757496,0.249122807,0.191766723,0.25256353,0.191555555,0.364783324,0.230841034,0.188,0.241054001,0.252857142,0.277083333,0.165680473,0.219739292,0.245989304,0.204928664,0.195473251,0.147727272,0.20074177,0.265503875,0.136460554,99.0,31.0,13.0,20.0,36.0,46.0,33.0,14.0,98.0,49.0,20.0,11.9,7.8,14.1,15.4,12.7,13.1,16.6,13.0,12.3,12.9,11.2,1936.0,713.0,525.0,525.0,875.0,1080.0,1364.0,313.0,2718.0,2445.0,514.0,17414.0,10776.0,2997.0,3700.0,8401.0,8591.0,8559.0,1904.0,24624.0,19426.0,3813.0
2020-12-01,0.210342915,0.272466539,0.150109409,0.228070175,0.187392942,0.239741302,0.178222222,0.363140676,0.202090917,0.162044072,0.226830848,0.229092208,0.26875,0.159292035,0.201117318,0.228163992,0.183355006,0.20164609,0.147169811,0.184979137,0.241279069,0.136546184,100.0,28.0,13.0,20.0,34.0,45.0,32.0,12.0,97.0,49.0,19.0,12.3,7.4,14.4,15.3,12.8,13.5,16.8,13.0,12.9,13.2,11.8,1998.0,746.0,580.0,364.0,688.0,1085.0,796.0,345.0,2180.0,1087.0,523.0,14057.0,13392.0,3596.0,2752.0,5436.0,7491.0,4819.0,2490.0,14075.0,7153.0,4945.0
2020-12-02,0.195820801,0.237731038,0.136883802,0.214035087,0.172767704,0.222445336,0.160888888,0.358946802,0.188182581,0.145888594,0.217206411,0.206871868,0.264583333,0.162241887,0.197392923,0.233096085,0.155149934,0.191358024,0.164179104,0.16689847,0.232558139,0.113772455,99.0,26.0,12.0,19.0,34.0,42.0,30.0,13.0,95.0,48.0,17.0,12.5,7.4,14.2,15.3,12.8,13.9,16.8,13.0,12.7,13.1,11.8,2126.0,911.0,630.0,588.0,650.0,1192.0,780.0,496.0,1892.0,1056.0,601.0,18145.0,12115.0,4312.0,3585.0,5239.0,8564.0,5133.0,3746.0,17411.0,9040.0,5869.0
2020-12-03,0.181688804,0.244104525,0.135038133,0.240789473,0.160738714,0.21307452,0.158222222,0.366844919,0.183888733,0.138479001,0.21888412,0.199570815,0.258333333,0.17699115,0.216014897,0.238010657,0.14117647,0.20164609,0.183823529,0.161335187,0.210271317,0.112871287,101.0,26.0,12.0,21.0,32.0,46.0,31.0,14.0,103.0,53.0,18.0,12.6,6.8,15.3,14.7,12.5,13.8,16.1,13.6,12.7,13.2,10.9,2589.0,870.0,865.0,880.0,811.0,1591.0,957.0,348.0,2549.0,1420.0,568.0,19668.0,14300.0,4949.0,6074.0,6548.0,12134.0,6169.0,2592.0,18370.0,9967.0,5804.0
2020-12-04,0.174215477,0.273103887,0.143177737,0.260087719,0.156581196,0.215975011,0.185333333,0.364555614,0.193129842,0.134469696,0.225806451,0.191717243,0.239583333,0.179941002,0.221601489,0.239361702,0.132026143,0.228395061,0.199261992,0.161798794,0.213178294,0.103718199,97.0,24.0,12.0,21.0,30.0,44.0,30.0,15.0,100.0,54.0,17.0,12.5,6.4,15.1,14.7,12.3,13.6,15.7,13.4,12.8,13.0,10.5,2238.0,693.0,736.0,542.0,714.0,1217.0,775.0,413.0,2349.0,1266.0,472.0,18438.0,12180.0,5410.0,3812.0,5660.0,10254.0,5193.0,3616.0,17790.0,9298.0,6682.0
2020-12-05,0.174768792,0.302421924,0.16027088,0.271052631,0.182843472,0.211958946,0.201777777,0.381079636,0.207878278,0.140690178,0.247329773,0.198361823,0.25,0.185840707,0.217877094,0.251773049,0.139869281,0.248971193,0.201492537,0.172461752,0.21124031,0.120155038,95.0,25.0,12.0,20.0,29.0,46.0,30.0,14.0,104.0,55.0,17.0,12.6,5.9,15.1,14.9,12.2,13.6,15.4,12.7,12.7,13.2,10.6,2000.0,492.0,532.0,487.0,623.0,965.0,604.0,239.0,1891.0,977.0,492.0,15159.0,11024.0,3776.0,3098.0,4655.0,6961.0,3987.0,2299.0,14702.0,7189.0,3819.0
2020-12-06,0.189345365,0.291586998,0.175179211,0.267982456,0.207437734,0.217759928,0.212,0.39023081,0.216839354,0.161167993,0.255720053,0.207607536,0.260416666,0.20058997,0.216014897,0.267730496,0.151633986,0.265432098,0.208333333,0.167825683,0.203488372,0.139215686,98.0,25.0,14.0,21.0,29.0,44.0,32.0,14.0,105.0,57.0,18.0,12.7,6.1,15.1,14.6,12.4,13.3,15.4,13.2,12.8,13.5,10.3,2157.0,559.0,456.0,375.0,701.0,930.0,554.0,356.0,2033.0,1183.0,406.0,15946.0,8490.0,3608.0,2696.0,4989.0,6722.0,4072.0,2301.0,15465.0,7995.0,3725.0
2020-12-07,0.197638481,0.278840025,0.171776375,0.257017543,0.215531987,0.213966979,0.196,0.388620504,0.216279286,0.164705882,0.245696928,0.212379935,0.2875,0.197640117,0.227188081,0.287234042,0.164705882,0.242798353,0.2,0.173388966,0.186046511,0.153692614,96.0,26.0,13.0,24.0,30.0,45.0,35.0,15.0,104.0,57.0,17.0,12.9,5.9,15.2,14.2,12.6,13.2,14.9,12.9,13.1,13.7,10.1,1966.0,525.0,619.0,469.0,758.0,900.0,611.0,324.0,2028.0,1012.0,515.0,15893.0,9174.0,3320.0,4131.0,6678.0,7396.0,4738.0,2440.0,16013.0,7940.0,4534.0
2020-12-08,0.189026324,0.254620777,0.155797101,0.24122807,0.199521694,0.208389112,0.188888888,0.357644516,0.197239578,0.152194565,0.221886539,0.204255319,0.283333333,0.185840707,0.221601489,0.281914893,0.158169934,0.234567901,0.179104477,0.163653222,0.176356589,0.144554455,90.0,26.0,12.0,23.0,31.0,45.0,35.0,16.0,103.0,56.0,17.0,12.4,5.7,14.5,13.8,12.4,12.7,14.2,12.4,12.7,13.4,9.7,1290.0,532.0,434.0,376.0,599.0,1125.0,539.0,314.0,1616.0,1009.0,556.0,12615.0,13041.0,4158.0,3588.0,5442.0,10358.0,4596.0,3020.0,13091.0,7826.0,6791.0
2020-12-09,0.179887471,0.23113658,0.139692585,0.243421052,0.199590583,0.205265506,0.173777777,0.32287723,0.18436743,0.129062915,0.211737245,0.194109297,0.2875,0.165680473,0.212290502,0.262411347,0.146405228,0.211934156,0.173431734,0.16766467,0.161821705,0.121568627,91.0,26.0,15.0,23.0,30.0,45.0,35.0,15.0,106.0,53.0,18.0,12.3,5.5,14.0,12.9,12.0,12.1,14.2,12.1,13.1,13.3,9.3,2158.0,817.0,719.0,508.0,601.0,1252.0,1122.0,464.0,2609.0,1161.0,603.0,18927.0,13202.0,5953.0,4881.0,5962.0,12255.0,7591.0,4082.0,19447.0,10293.0,7524.0
2020-12-10,0.180015923,0.215218083,0.129438202,0.245614035,0.210669384,0.203257474,0.173333333,0.314424635,0.179253112,0.118857142,0.215784215,0.197802197,0.285416666,0.144970414,0.193668528,0.264184397,0.143624161,0.20781893,0.162361623,0.162929061,0.153100775,0.127201565,90.0,25.0,13.0,22.0,32.0,41.0,33.0,15.0,105.0,49.0,19.0,12.5,5.5,13.1,12.1,11.9,11.6,13.5,11.4,13.0,12.7,9.1,2620.0,790.0,692.0,655.0,602.0,1090.0,594.0,415.0,1914.0,935.0,575.0,18607.0,13477.0,5645.0,5890.0,5228.0,10751.0,5486.0,4415.0,14678.0,8652.0,6495.0
2020-12-11,0.181461932,0.222222222,0.129512635,0.267982456,0.232076112,0.20928157,0.168,0.30802139,0.179974419,0.13326978,0.226502822,0.200853181,0.283333333,0.144970414,0.193668528,0.283687943,0.146206896,0.19787234,0.155555555,0.16643929,0.166011787,0.123505976,87.0,25.0,14.0,21.0,31.0,39.0,33.0,15.0,106.0,45.0,19.0,12.5,5.1,13.0,11.1,11.5,10.9,12.8,11.7,12.8,11.8,9.5,2376.0,765.0,552.0,723.0,612.0,1165.0,788.0,420.0,2306.0,1163.0,744.0,19037.0,19735.0,4249.0,7975.0,6172.0,13951.0,7127.0,3158.0,19460.0,12911.0,8245.0
2020-12-12,0.183542269,0.268642447,0.127901684,0.282017543,0.234794427,0.212533452,0.184,0.321485411,0.189027702,0.156064947,0.242595673,0.194454319,0.279166666,0.170588235,0.186219739,0.304964539,0.151773049,0.191489361,0.141791044,0.178262846,0.190802348,0.154618473,90.0,24.0,14.0,21.0,32.0,42.0,32.0,16.0,107.0,47.0,21.0,12.4,5.1,12.7,10.7,11.2,10.6,12.6,11.8,12.6,11.6,9.2,1340.0,409.0,522.0,349.0,332.0,697.0,469.0,220.0,1161.0,610.0,291.0,11356.0,8586.0,4638.0,3133.0,3079.0,6406.0,3565.0,1859.0,10543.0,5542.0,2839.0
2020-12-13,0.186134318,0.297004461,0.142594296,0.292982456,0.239686327,0.225590726,0.180888888,0.329080276,0.20287887,0.188181296,0.262420806,0.201137171,0.2875,0.219941348,0.20670391,0.289007092,0.173049645,0.187234042,0.148148148,0.190086402,0.244618395,0.178861788,90.0,25.0,13.0,20.0,35.0,42.0,33.0,16.0,107.0,49.0,20.0,12.0,4.9,12.4,10.6,11.2,10.0,12.2,11.4,12.2,11.0,9.0,2175.0,392.0,508.0,417.0,802.0,854.0,501.0,269.0,1799.0,998.0,523.0,19130.0,8978.0,4797.0,3434.0,5720.0,9455.0,4953.0,2324.0,16629.0,9505.0,5952.0
2020-12-14,0.187927015,0.294773741,0.150478796,0.2809482,0.227583846,0.24131016,0.181777777,0.34847675,0.207858048,0.196698762,0.263563295,0.210959885,0.302083333,0.234604105,0.230912476,0.268421052,0.192907801,0.183127572,0.154716981,0.18963165,0.269685039,0.19301848,,,,,,,,,,,,,,,,,,,,,,,,,,,,,,,,,,,,,,,,,,,,
2020-12-15,0.179334726,0.277565328,0.158204895,0.26142355,0.217107523,0.244652406,0.163555555,0.347521551,0.193282636,0.193353474,0.247070639,0.221346704,0.308333333,0.226470588,0.24953445,0.247386759,0.204255319,0.179012345,0.153256704,0.172351068,0.265120967,0.185185185,,,,,,,,,,,,,,,,,,,,,,,,,,,,,,,,,,,,,,,,,,,,
