date,deathIncreasefirst,positiveIncreasefirst,totalTestResultsIncreasefirst,hospitalizedIncreasefirst,populationfirst,maxfirst,deaths_per_millionfirst,deathIncreasesecond,positiveIncreasesecond,totalTestResultsIncreasesecond,hospitalizedIncreasesecond,populationsecond,maxsecond,deaths_per_millionsecond
2020-01-22,,,,,,,,,,,,,,
2020-01-23,,,,,,,,,,,,,,
2020-01-24,,,,,,,,,,,,,,
2020-01-25,,,,,,,,,,,,,,
2020-01-26,,,,,,,,,,,,,,
2020-01-27,,,,,,,,,,,,,,
2020-01-28,0.0,0.0,0.2857142857142857,0.0,14507396.0,170.64285714285714,0.0,,,,,,,
2020-01-29,0.0,0.0,0.42857142857142855,0.0,14507396.0,170.64285714285714,0.0,,,,,,,
2020-01-30,0.0,0.0,0.2857142857142857,0.0,14507396.0,170.64285714285714,0.0,,,,,,,
2020-01-31,0.0,0.0,0.2857142857142857,0.0,14507396.0,170.64285714285714,0.0,,,,,,,
2020-02-01,0.0,0.0,0.2857142857142857,0.0,14507396.0,170.64285714285714,0.0,,,,,,,
2020-02-02,0.0,0.0,0.2857142857142857,0.0,14507396.0,170.64285714285714,0.0,,,,,,,
2020-02-03,0.0,0.0,0.5714285714285714,0.0,14507396.0,170.64285714285714,0.0,,,,,,,
2020-02-04,0.0,0.0,0.8571428571428571,0.0,14507396.0,170.64285714285714,0.0,,,,,,,
2020-02-05,0.0,0.0,0.7142857142857143,0.0,14507396.0,170.64285714285714,0.0,,,,,,,
2020-02-06,0.0,0.0,0.8571428571428571,0.0,14507396.0,170.64285714285714,0.0,,,,,,,
2020-02-07,0.0,0.0,0.8571428571428571,0.0,14507396.0,170.64285714285714,0.0,,,,,,,
2020-02-08,0.0,0.0,1.0,0.0,14507396.0,170.64285714285714,0.0,,,,,,,
2020-02-09,0.0,0.0,1.0,0.0,14507396.0,170.64285714285714,0.0,,,,,,,
2020-02-10,0.0,0.0,0.7142857142857143,0.0,15776280.285714285,215.27551020408163,0.0,,,,,,,
2020-02-11,0.0,0.0,0.42857142857142855,0.0,17045164.57142857,259.90816326530614,0.0,,,,,,,
2020-02-12,0.0,0.0,0.5714285714285714,0.0,18314048.85714286,304.5408163265306,0.0,,,,,,,
2020-02-13,0.0,0.0,0.42857142857142855,0.0,19582933.14285714,349.17346938775506,0.0,,,,,,,
2020-02-14,0.0,0.0,0.42857142857142855,0.0,20851817.42857143,393.80612244897947,0.0,,,,,,,
2020-02-15,0.0,0.0,0.2857142857142857,0.0,22120701.714285713,438.4387755102039,0.0,,,,,,,
2020-02-16,0.0,0.0,0.2857142857142857,0.0,23389586.0,483.0714285714284,0.0,,,,,,,
2020-02-17,0.0,0.0,0.14285714285714285,0.0,23389586.0,483.0714285714284,0.0,,,,,,,
2020-02-18,0.0,0.0,0.14285714285714285,0.0,23389586.0,483.0714285714284,0.0,,,,,,,
2020-02-19,0.0,0.0,0.0,0.0,23389586.0,483.0714285714284,0.0,,,,,,,
2020-02-20,0.0,0.0,0.14285714285714285,0.0,23389586.0,483.0714285714284,0.0,,,,,,,
2020-02-21,0.0,0.0,0.14285714285714285,0.0,23389586.0,483.0714285714284,0.0,,,,,,,
2020-02-22,0.0,0.0,0.14285714285714285,0.0,23389586.0,483.0714285714284,0.0,,,,,,,
2020-02-23,0.0,0.0,0.14285714285714285,0.0,23389586.0,483.0714285714284,0.0,,,,,,,
2020-02-24,0.0,0.0,0.42857142857142855,0.0,23389586.0,483.0714285714284,0.0,,,,,,,
2020-02-25,0.0,0.0,0.42857142857142855,0.0,23389586.0,483.0714285714284,0.0,,,,,,,
2020-02-26,0.2857142857142857,0.0,0.42857142857142855,0.0,23389586.0,483.0714285714284,0.012215448606669895,,,,,,,
2020-02-27,0.2857142857142857,0.0,0.2857142857142857,0.0,24608945.85714286,487.2040816326529,0.011610179784736932,,,,,,,
2020-02-28,0.5714285714285714,0.0,0.5714285714285714,0.0,25828305.714285713,491.3367346938774,0.022124121409656094,,,,,,,
2020-02-29,0.7142857142857143,2.5714285714285716,6.714285714285714,0.0,27047665.57142857,495.4693877551019,0.026408405279908526,,,,,,,
2020-03-01,1.1428571428571428,4.857142857142857,18.0,0.0,29845056.57142857,523.1530612244896,0.03829301312000959,,,,,,,
2020-03-02,1.5714285714285714,10.571428571428571,47.285714285714285,0.0,32642447.57142857,550.8367346938775,0.04814064778659608,,,,,,,
2020-03-03,2.0,16.428571428571427,84.14285714285714,0.0,35439838.571428575,578.5204081632653,0.056433665632224135,,,,,,,
2020-03-04,2.0,24.428571428571427,126.0,0.0,43852590.571428575,726.0612244897959,0.04560733981593021,,,,,,,
2020-03-05,2.5714285714285716,37.285714285714285,206.14285714285714,0.0,54779364.571428575,890.2551020408164,0.04694155530182544,,,,,,,
2020-03-06,3.142857142857143,48.57142857142857,301.0,0.0,70280923.14285715,1092.2142857142858,0.044718495465245756,,,,,,,
2020-03-07,3.142857142857143,64.0,400.0,0.0,88342653.28571428,1320.8775510204082,0.035575761265542245,,,,,,,
2020-03-08,3.2857142857142856,82.0,505.2857142857143,0.0,104826352.28571428,1525.9897959183672,0.03134435391549976,,,,,,,
2020-03-09,3.4285714285714284,106.42857142857143,680.5714285714286,0.0,121310051.28571428,1731.1020408163263,0.02826288005184599,,,,,,,
2020-03-10,3.2857142857142856,142.57142857142858,987.0,0.0,137793750.2857143,1936.2142857142856,0.023845161909748315,0.0,24.714285714285715,130.71428571428572,0.5714285714285714,156497131.2857143,906.4693877551019,0.0
2020-03-11,3.5714285714285716,190.0,1392.857142857143,0.0,148662088.2857143,2021.4693877551017,0.024023801983493114,0.2857142857142857,33.42857142857143,243.14285714285714,1.0,162517958.57142857,930.4795918367346,0.001758047468881483
2020-03-12,3.5714285714285716,250.28571428571428,2072.285714285714,0.0,155797044.42857143,2085.938775510204,0.02292359642975109,0.8571428571428571,45.857142857142854,304.42857142857144,1.5714285714285714,167123167.2857143,947.8265306122448,0.005128809315093239
2020-03-13,3.142857142857143,361.42857142857144,3331.4285714285716,0.0,158357216.0,2112.6428571428564,0.01984663043619776,1.0,57.142857142857146,383.42857142857144,2.2857142857142856,169882307.0,959.7857142857141,0.0058864281846608075
2020-03-14,3.7142857142857144,435.57142857142856,3937.8571428571427,0.0,158357216.0,2112.642857142857,0.023455108697324627,1.5714285714285714,76.0,451.7142857142857,2.857142857142857,169882307.0,959.7857142857143,0.00925010143303841
2020-03-15,5.0,545.0,4889.0,0.0,158357216.0,2112.642857142857,0.03157418478486007,1.8571428571428572,100.85714285714286,557.8571428571429,4.285714285714286,169882307.0,959.7857142857143,0.010931938057227215
2020-03-16,7.142857142857143,700.0,6310.142857142857,0.0,158357216.0,2112.642857142857,0.04510597826408582,2.142857142857143,121.28571428571429,1687.5714285714287,4.857142857142857,170338549.0,960.9693877551019,0.012579989411892565
2020-03-17,9.0,1118.0,8311.0,0.0,158357216.0,2112.642857142857,0.05683353261274813,3.2857142857142856,162.14285714285714,2103.1428571428573,6.714285714285714,170794791.0,962.1530612244896,0.019237789785487576
2020-03-18,11.857142857142858,1429.5714285714287,11028.285714285714,0.0,158357216.0,2112.642857142857,0.07487592391838246,4.142857142857143,227.28571428571428,2802.285714285714,8.0,171251033.0,963.3367346938774,0.024191720600348982
2020-03-19,15.571428571428571,1906.4285714285713,13617.714285714286,0.0,158357216.0,2112.642857142857,0.09833103261570708,6.142857142857143,327.57142857142856,3712.8571428571427,9.857142857142858,171707275.0,964.520408163265,0.035775171103595606
2020-03-20,23.571428571428573,2541.4285714285716,16480.85714285714,0.0,158357216.0,2112.642857142857,0.1488497282714832,7.428571428571429,434.57142857142856,5059.0,12.285714285714286,172163517.0,965.7040816326527,0.043148348488788305
2020-03-21,30.0,3265.8571428571427,20317.714285714286,246.14285714285714,158357216.0,2112.642857142857,0.18944510870916043,8.571428571428571,564.5714285714286,7166.428571428572,38.714285714285715,172619759.0,966.8877551020404,0.04965496778053416
2020-03-22,45.57142857142857,4265.142857142857,24109.85714285714,372.14285714285717,158357216.0,2112.642857142857,0.2877761413248675,11.571428571428571,707.8571428571429,8859.0,54.57142857142857,173076001.0,968.0714285714281,0.06685749904418331
2020-03-23,55.42857142857143,5514.714285714285,28702.14285714286,489.42857142857144,158357216.0,2112.6428571428564,0.35002239132930596,13.142857142857142,878.4285714285714,10042.42857142857,67.0,173076001.0,968.0714285714281,0.07593691249462796
2020-03-24,81.28571428571429,6364.0,33347.0,637.4285714285714,158357216.0,2112.642857142857,0.5133060326452967,17.428571428571427,1060.4285714285713,12462.285714285714,85.71428571428571,173076001.0,968.0714285714281,0.10069894917765881
2020-03-25,105.71428571428571,7522.285714285715,39526.28571428572,806.7142857142857,158357216.0,2112.642857142857,0.66756847830847,22.0,1304.5714285714287,14135.142857142857,186.71428571428572,173076001.0,968.0714285714281,0.12711178830622508
2020-03-26,139.71428571428572,9012.714285714286,45868.42857142857,1117.7142857142858,158357216.0,2112.642857142857,0.8822729348455187,26.857142857142858,1680.7142857142858,18294.85714285714,230.14285714285714,173076001.0,968.0714285714281,0.15517542988032673
2020-03-27,179.71428571428572,10494.0,51985.71428571428,1439.4285714285713,158357216.0,2112.642857142857,1.1348664131243993,35.0,2053.0,21062.14285714286,271.2857142857143,173076001.0,968.0714285714281,0.20222329957808535
2020-03-28,237.42857142857142,11946.42857142857,57935.42857142857,1500.142857142857,158357216.0,2112.642857142857,1.4993227174982124,45.285714285714285,2442.5714285714284,23315.714285714286,283.85714285714283,173076001.0,968.0714285714281,0.2616521876173594
2020-03-29,285.85714285714283,13076.857142857143,61329.57142857143,1733.4285714285713,158357216.0,2112.642857142857,1.805141250128714,50.57142857142857,2807.285714285714,25552.714285714286,303.7142857142857,173076001.0,968.0714285714281,0.29219203285976414
2020-03-30,348.7142857142857,14175.142857142857,66055.85714285714,1954.7142857142858,158357216.0,2112.642857142857,2.20207385885267,57.42857142857143,3224.285714285714,29359.0,314.14285714285717,173076001.0,968.0714285714281,0.3318112915526135
2020-03-31,431.0,15660.857142857143,69862.28571428571,2289.0,158357216.0,2112.642857142857,2.7216947284549384,68.71428571428571,3749.4285714285716,32213.714285714286,369.2857142857143,173076001.0,968.0714285714281,0.3970179881512614
2020-04-01,528.2857142857143,17136.714285714286,70913.85714285714,2633.5714285714284,158357216.0,2112.642857142857,3.3360381524117875,82.0,4113.0,34967.42857142857,356.7142857142857,173076001.0,968.0714285714281,0.4737803018686571
2020-04-02,633.8571428571429,18303.14285714286,73028.0,2824.0,158357216.0,2112.642857142857,4.002704511154976,98.0,4423.428571428572,35243.857142857145,405.7142857142857,173076001.0,968.0714285714281,0.566225238818639
2020-04-03,745.4285714285714,19756.0,74743.71428571429,3082.0,158357216.0,2112.642857142857,4.707259891639996,112.0,4820.428571428572,37924.0,432.14285714285717,173076001.0,968.0714285714281,0.6471145586498731
2020-04-04,866.1428571428571,21294.14285714286,77033.85714285714,3408.8571428571427,158357216.0,2112.642857142857,5.469550924303046,126.14285714285714,5213.428571428572,53332.0,485.42857142857144,173076001.0,968.0714285714281,0.7288292797038749
2020-04-05,968.8571428571429,21850.571428571428,79448.0,3555.4285714285716,158357216.0,2112.642857142857,6.118174891740601,140.28571428571428,5499.857142857143,55793.857142857145,500.0,173076001.0,968.0714285714281,0.8105440007578767
2020-04-06,1062.7142857142858,22782.714285714286,81503.0,3593.0,158357216.0,2112.642857142857,6.710867446130688,150.57142857142858,5563.0,58766.42857142857,521.0,173076001.0,968.0714285714281,0.869972888797151
2020-04-07,1197.142857142857,23289.0,83791.42857142857,3401.5714285714284,158357216.0,2112.642857142857,7.559761957060783,178.14285714285714,5918.857142857143,62446.71428571428,580.2857142857143,173076001.0,968.0714285714281,1.029275324791316
2020-04-08,1325.857142857143,23799.714285714286,87013.57142857143,3433.4285714285716,158357216.0,2112.642857142857,8.37257168537961,192.42857142857142,6094.857142857143,65015.857142857145,560.2857142857143,173076001.0,968.0714285714281,1.1118154470680854
2020-04-09,1439.5714285714287,24580.571428571428,89437.14285714286,3403.285714285714,158357216.0,2112.642857142857,9.090658859343858,203.28571428571428,6234.142857142857,69964.28571428571,554.4285714285714,173076001.0,968.0714285714281,1.1745459399984304
2020-04-10,1545.142857142857,24800.85714285714,92142.28571428571,3337.5714285714284,158357216.0,2112.642857142857,9.757325218087043,215.28571428571428,6343.571428571428,70820.14285714286,674.4285714285714,173076001.0,968.0714285714281,1.2438796427109167
2020-04-11,1619.4285714285713,24519.285714285714,91757.42857142857,3034.5714285714284,158357216.0,2112.642857142857,10.226427392033536,222.71428571428572,6239.571428571428,58377.42857142857,654.4285714285714,173076001.0,968.0714285714281,1.286800506294837
2020-04-12,1675.5714285714287,24905.285714285714,92881.14285714286,2959.0,158357216.0,2112.642857142857,10.580960381189252,218.57142857142858,6179.857142857143,59452.42857142857,642.1428571428571,173076001.0,968.0714285714281,1.262863870834574
2020-04-13,1719.142857142857,24336.714285714286,91041.85714285714,3103.8571428571427,158357216.0,2112.642857142857,10.856106848600174,221.57142857142858,6205.571428571428,58769.71428571428,688.5714285714286,173076001.0,968.0714285714281,1.2801972965126955
2020-04-14,1762.5714285714287,23987.571428571428,91090.85714285714,3159.4285714285716,158357216.0,2112.642857142857,11.130351196445817,222.85714285714286,5816.142857142857,58910.0,676.0,173076001.0,968.0714285714281,1.2876259075176046
2020-04-15,1821.142857142857,23974.571428571428,90926.28571428571,3150.1428571428573,158357216.0,2112.642857142857,11.50022021821132,240.57142857142858,5789.571428571428,58139.28571428572,702.8571428571429,173076001.0,968.0714285714281,1.389975659140799
2020-04-16,1840.0,23557.285714285714,90170.85714285714,3069.714285714286,158357216.0,2112.642857142857,11.619300000828506,244.14285714285714,5705.142857142857,57860.0,661.5714285714286,173076001.0,968.0714285714281,1.4106106897099913
2020-04-17,1828.2857142857142,23142.571428571428,89883.42857142857,2931.5714285714284,158357216.0,2112.642857142857,11.545326196475404,257.42857142857144,5782.142857142857,59108.57142857143,581.2857142857143,173076001.0,968.0714285714281,1.4873730034273869
2020-04-18,1800.142857142857,22746.285714285714,89895.28571428571,2982.5714285714284,158357216.0,2112.642857142857,11.367608642114908,262.42857142857144,5807.142857142857,59935.71428571428,635.7142857142857,173076001.0,968.0714285714281,1.5162620462242564
2020-04-19,1796.857142857143,22640.285714285714,89939.28571428571,2828.4285714285716,158357216.0,2112.642857142857,11.346859892113429,275.57142857142856,5859.428571428572,62395.57142857143,640.0,173076001.0,968.0714285714281,1.592198958718884
2020-04-20,1811.7142857142858,22802.85714285714,91310.42857142857,2582.4285714285716,158357216.0,2112.642857142857,11.440680326902728,282.7142857142857,5796.714285714285,63009.142857142855,589.7142857142857,173076001.0,968.0714285714281,1.6334690198572692
2020-04-21,1826.142857142857,22655.571428571428,90152.71428571429,2523.285714285714,158357216.0,2112.642857142857,11.53179440299618,287.0,6037.285714285715,64130.857142857145,563.1428571428571,173076001.0,968.0714285714281,1.6582310565402998
2020-04-22,1763.4285714285713,22316.428571428572,91915.0,2327.285714285714,158357216.0,2112.642857142857,11.135763913837506,286.0,6182.857142857143,89734.71428571429,566.7142857142857,173076001.0,968.0714285714281,1.652453247980926
2020-04-23,1693.5714285714287,22262.0,94393.42857142857,2257.4285714285716,158357216.0,2112.642857142857,10.69462744641475,297.42857142857144,6355.428571428572,91265.57142857143,598.1428571428571,173076001.0,968.0714285714281,1.718485345802342
2020-04-24,1671.2857142857142,22532.85714285714,100784.85714285714,2143.285714285714,158357216.0,2112.642857142857,10.553896794230798,287.7142857142857,6401.571428571428,95811.28571428571,559.8571428571429,173076001.0,968.0714285714281,1.6623580626541385
2020-04-25,1647.2857142857142,23459.285714285714,109055.14285714286,2025.5714285714287,158357216.0,2112.642857142857,10.40234070726347,291.14285714285717,6613.285714285715,106558.71428571429,519.4285714285714,173076001.0,968.0714285714281,1.6821676920005633
2020-04-26,1574.0,23465.0,114120.0,2007.857142857143,158357216.0,2112.642857142857,9.93955337027395,284.57142857142856,6596.428571428572,108707.14285714286,530.4285714285714,173076001.0,968.0714285714281,1.6441992357532489
2020-04-27,1504.142857142857,22937.285714285714,117927.0,2133.4285714285716,158357216.0,2112.642857142857,9.498416902851192,279.0,6666.428571428572,112189.28571428571,528.4285714285714,173076001.0,968.0714285714281,1.612008588065309
2020-04-28,1452.0,22895.14285714286,124066.42857142857,2085.5714285714284,158357216.0,2112.642857142857,9.169143261523365,274.7142857142857,6554.428571428572,113742.42857142857,490.14285714285717,173076001.0,968.0714285714281,1.5872465513822782
2020-04-29,1534.2857142857142,22645.428571428572,128952.14285714286,2029.5714285714287,158357216.0,2112.642857142857,9.688764131125632,280.2857142857143,6485.285714285715,95730.14285714286,593.0,173076001.0,968.0714285714281,1.619437199070218
2020-04-30,1577.7142857142858,22225.428571428572,133270.14285714287,1962.142857142857,158357216.0,2112.642857142857,9.963008478971275,286.7142857142857,6582.142857142857,98468.71428571429,587.2857142857143,173076001.0,968.0714285714281,1.6565802540947645
2020-05-01,1557.857142857143,21957.0,135582.2857142857,3027.1428571428573,158357216.0,2112.642857142857,9.837613859397118,289.7142857142857,6678.714285714285,104761.28571428571,586.7142857142857,173076001.0,968.0714285714281,1.6739136797728862
2020-05-02,1525.0,20855.428571428572,132735.85714285713,2985.714285714286,158357216.0,2112.6428571428564,9.630126359382322,296.2857142857143,6819.714285714285,103329.71428571429,567.4285714285714,173076001.0,968.0714285714281,1.7118821360202
2020-05-03,1533.0,20603.428571428572,135848.57142857142,2939.4285714285716,158357216.0,2112.642857142857,9.680645055038099,290.85714285714283,6842.571428571428,103688.14285714286,581.0,173076001.0,968.0714285714281,1.6805168895550273
2020-05-04,1498.7142857142858,20438.428571428572,137746.2857142857,2707.4285714285716,158357216.0,2112.642857142857,9.464136359370487,291.57142857142856,7000.714285714285,107038.14285714286,609.4285714285714,173076001.0,968.0714285714281,1.6846438956688659
2020-05-05,1538.5714285714287,20060.285714285714,139213.57142857142,2671.0,158357216.0,2112.642857142857,9.715827718084086,306.0,6973.857142857143,115187.28571428571,632.1428571428571,173076001.0,968.0714285714281,1.7680094191684033
2020-05-06,1424.0,19532.285714285714,140034.7142857143,2586.5714285714284,158357216.0,2112.642857142857,8.992327826728149,311.57142857142856,7269.142857142857,116721.42857142857,531.4285714285714,173076001.0,968.0714285714281,1.8002000668563434
2020-05-07,1520.0,19361.285714285714,143600.2857142857,2791.0,158357216.0,2112.642857142857,9.598552174597462,303.0,7156.714285714285,122359.85714285714,534.4285714285714,173076001.0,968.0714285714281,1.7506759934902818
2020-05-08,1507.2857142857142,18699.285714285714,144811.14285714287,2371.285714285714,158357216.0,2112.642857142857,9.518263533287389,318.7142857142857,7049.571428571428,121376.14285714286,540.2857142857143,173076001.0,968.0714285714281,1.8414701279947283
2020-05-09,1494.5714285714287,18168.714285714286,149762.57142857142,2319.5714285714284,158357216.0,2112.642857142857,9.437974891977317,314.42857142857144,6957.428571428572,122914.57142857143,545.8571428571429,173076001.0,968.0714285714281,1.8167080913116975
2020-05-10,1463.857142857143,17420.714285714286,150462.7142857143,2219.4285714285716,158357216.0,2112.642857142857,9.244019185441747,317.2857142857143,7089.0,126687.71428571429,516.2857142857143,173076001.0,968.0714285714281,1.8332161157670512
2020-05-11,1448.0,16887.0,167823.57142857142,2201.285714285714,158357216.0,2112.642857142857,9.143883913695477,312.57142857142856,6992.571428571428,131287.57142857142,475.42857142857144,173076001.0,968.0714285714281,1.8059778754157172
2020-05-12,1321.4285714285713,16730.571428571428,173001.57142857142,2143.5714285714284,158357216.0,2112.642857142857,8.344605978855874,301.0,7185.285714285715,132449.85714285713,475.42857142857144,173076001.0,968.0714285714281,1.739120376371534
2020-05-13,1301.5714285714287,16374.714285714286,178315.14285714287,2116.4285714285716,158357216.0,2112.642857142857,8.219211359281719,285.7142857142857,6995.285714285715,137376.7142857143,458.2857142857143,173076001.0,968.0714285714281,1.6508024455353907
2020-05-14,1172.4285714285713,16106.42857142857,184051.57142857142,2049.4285714285716,158357216.0,2112.642857142857,7.403695272267044,290.2857142857143,7154.571428571428,140879.14285714287,448.7142857142857,173076001.0,968.0714285714281,1.6772152846639568
2020-05-15,1142.142857142857,15719.42857142857,191888.57142857142,1277.142857142857,158357216.0,2112.642857142857,7.212445924427322,279.0,7118.428571428572,142486.42857142858,429.7142857142857,173076001.0,968.0714285714281,1.612008588065309
2020-05-16,1079.0,15549.42857142857,196264.2857142857,1250.7142857142858,158357216.0,2112.642857142857,6.8137090765728034,276.85714285714283,7272.571428571428,148075.2857142857,477.2857142857143,173076001.0,968.0714285714281,1.5996275697237932
2020-05-17,1053.4285714285713,15327.0,202100.14285714287,1278.142857142857,158357216.0,2112.642857142857,6.6522296743873754,275.7142857142857,7301.285714285715,157905.85714285713,470.42857142857144,173076001.0,968.0714285714281,1.593024359941652
2020-05-18,1044.7142857142858,15553.142857142857,193493.85714285713,1241.0,158357216.0,2112.642857142857,6.597200380905192,278.2857142857143,7472.285714285715,162963.42857142858,496.0,173076001.0,968.0714285714281,1.6078815819514705
2020-05-19,1028.7142857142858,15326.714285714286,196626.2857142857,1240.857142857143,158357216.0,2112.642857142857,6.49616298959364,271.57142857142856,7441.428571428572,172479.2857142857,498.7142857142857,173076001.0,968.0714285714281,1.5690877244813886
2020-05-20,983.1428571428571,15272.714285714286,201130.42857142858,1281.0,158357216.0,2112.642857142857,6.208386848268772,273.57142857142856,7500.428571428572,180251.42857142858,485.2857142857143,173076001.0,968.0714285714281,1.5806433416001364
2020-05-21,917.7142857142857,15199.714285714286,207406.85714285713,1468.2857142857142,158357216.0,2112.642857142857,5.795216087369745,269.57142857142856,7540.285714285715,187918.57142857142,501.42857142857144,173076001.0,968.0714285714281,1.557532107362641
2020-05-22,898.1428571428571,14939.714285714286,208664.57142857142,1823.4285714285713,158357216.0,2112.642857142857,5.67162570692615,265.42857142857144,7782.0,193489.14285714287,531.0,173076001.0,968.0714285714281,1.5335954719023779
2020-05-23,911.4285714285714,14506.714285714286,209980.7142857143,1809.0,158357216.0,2112.642857142857,5.755522826497351,262.85714285714283,7765.714285714285,196298.85714285713,477.14285714285717,173076001.0,968.0714285714281,1.5187382498925592
2020-05-24,890.1428571428571,14449.285714285714,214560.42857142858,1759.7142857142858,158357216.0,2112.642857142857,5.621107011270374,260.0,7824.857142857143,193255.42857142858,486.7142857142857,173076001.0,968.0714285714281,1.5022302254372055
2020-05-25,854.1428571428571,14097.714285714286,215601.0,1759.5714285714287,158357216.0,2112.642857142857,5.393772880819381,254.71428571428572,7844.285714285715,200320.57142857142,464.7142857142857,173076001.0,968.0714285714281,1.471690380194801
2020-05-26,777.8571428571429,13618.285714285714,214342.7142857143,4036.5714285714284,158357216.0,2112.642857142857,4.912041032958946,233.71428571428572,7742.0,187834.0,433.85714285714283,173076001.0,968.0714285714281,1.3503564004479496
2020-05-27,765.8571428571429,13251.0,216046.85714285713,3994.0,158357216.0,2112.642857142857,4.836262989475282,234.57142857142858,7842.0,172228.0,436.0,173076001.0,968.0714285714281,1.3553088077845559
2020-05-28,740.7142857142857,12567.285714285714,217726.42857142858,3574.1428571428573,158357216.0,2112.642857142857,4.677489945985698,236.42857142857142,7963.285714285715,166522.57142857142,427.2857142857143,173076001.0,968.0714285714281,1.3660390236805355
2020-05-29,714.7142857142857,12310.714285714286,222748.0,3246.1428571428573,158357216.0,2112.642857142857,4.513304185104427,240.0,8079.714285714285,173041.2857142857,422.2857142857143,173076001.0,968.0714285714281,1.3866740542497282
2020-05-30,698.8571428571429,12300.285714285714,233489.2857142857,3251.8571428571427,158357216.0,2112.642857142857,4.413168913358157,237.14285714285714,8397.285714285714,167463.7142857143,423.14285714285717,173076001.0,968.0714285714281,1.370166029794374
2020-05-31,683.2857142857143,11909.285714285714,231697.85714285713,3264.5714285714284,158357216.0,2112.642857142857,4.31483788074245,248.71428571428572,9004.285714285714,171628.0,418.2857142857143,173076001.0,968.0714285714281,1.4370235288385576
2020-06-01,693.4285714285714,11968.857142857143,240423.2857142857,3499.1428571428573,158357216.0,2112.642857142857,4.378888369877451,254.14285714285714,9200.142857142857,162123.0,440.0,173076001.0,968.0714285714281,1.46838877530373
2020-06-02,720.7142857142857,11976.285714285714,248003.42857142858,1195.0,158357216.0,2112.642857142857,4.551193206846258,272.14285714285717,9661.285714285714,170916.7142857143,496.2857142857143,173076001.0,968.0714285714281,1.5723893293724598
2020-06-03,679.1428571428571,11727.857142857143,254186.7142857143,1279.2857142857142,158357216.0,2112.642857142857,4.288676413349279,266.85714285714283,10046.142857142857,187052.85714285713,489.42857142857144,173076001.0,968.0714285714281,1.5418494841300547
2020-06-04,645.7142857142857,11311.0,256927.14285714287,649.2857142857143,158357216.0,2112.642857142857,4.077580435073357,252.0,10212.57142857143,188887.2857142857,480.7142857142857,173076001.0,968.0714285714281,1.4560077569622145
2020-06-05,600.5714285714286,10847.857142857143,262082.0,604.0,158357216.0,2112.642857142857,3.7925106524443355,246.0,10650.857142857143,186410.57142857142,486.7142857142857,173076001.0,968.0714285714281,1.4213409056059714
2020-06-06,575.0,10439.142857142857,263275.85714285716,557.0,158357216.0,2112.642857142857,3.6310312502589084,242.42857142857142,10971.42857142857,202245.0,475.57142857142856,173076001.0,968.0714285714281,1.400705875036779
2020-06-07,557.5714285714286,10086.142857142857,266136.0,523.1428571428571,158357216.0,2112.642857142857,3.520972663294539,230.57142857142858,10921.714285714286,203320.14285714287,467.85714285714283,173076001.0,968.0714285714281,1.3321975735470604
2020-06-08,556.8571428571429,9370.0,261084.7142857143,229.57142857142858,158357216.0,2112.642857142857,3.5164620654681307,230.28571428571428,11170.57142857143,206929.42857142858,464.0,173076001.0,968.0714285714281,1.3305467711015246
2020-06-09,543.1428571428571,8883.857142857143,260927.7142857143,246.85714285714286,158357216.0,2112.642857142857,3.429858587201085,235.42857142857142,11257.0,207450.42857142858,438.42857142857144,173076001.0,968.0714285714281,1.3602612151211617
2020-06-10,525.7142857142857,8561.285714285714,256010.85714285713,125.28571428571429,158357216.0,2112.642857142857,3.319800000236716,237.71428571428572,11651.0,206725.7142857143,449.85714285714283,173076001.0,968.0714285714281,1.373467634685445
2020-06-11,514.0,8255.57142857143,254336.14285714287,720.8571428571429,158357216.0,2112.642857142857,3.2458261958836157,250.28571428571428,12139.142857142857,207541.57142857142,455.42857142857144,173076001.0,968.0714285714281,1.4461029422890022
2020-06-12,506.42857142857144,7879.714285714285,259347.2857142857,699.2857142857143,158357216.0,2112.642857142857,3.1980138589236846,250.57142857142858,12543.0,218927.42857142858,449.14285714285717,173076001.0,968.0714285714281,1.4477537447345377
2020-06-13,502.2857142857143,7710.285714285715,258613.85714285713,712.7142857142857,158357216.0,2112.642857142857,3.1718523915305146,249.85714285714286,13042.57142857143,213106.85714285713,448.2857142857143,173076001.0,968.0714285714281,1.4436267386206991
2020-06-14,489.57142857142856,7468.714285714285,258540.85714285713,704.0,158357216.0,2112.642857142857,3.0915637502204416,249.57142857142858,13664.142857142857,221729.2857142857,450.57142857142856,173076001.0,968.0714285714281,1.4419759361751638
2020-06-15,451.7142857142857,7300.0,260197.57142857142,687.2857142857143,158357216.0,2112.642857142857,2.8525020654207873,247.42857142857142,14035.857142857143,225381.14285714287,442.85714285714283,173076001.0,968.0714285714281,1.4295949178336482
2020-06-16,429.14285714285717,7194.0,261196.7142857143,645.0,158357216.0,2112.642857142857,2.7099671741062763,245.42857142857142,15025.714285714286,230581.7142857143,452.85714285714283,173076001.0,968.0714285714281,1.4180393007149004
2020-06-17,415.14285714285717,7194.142857142857,267771.0,597.1428571428571,158357216.0,2112.6428571428564,2.621559456708668,242.28571428571428,15469.57142857143,233429.85714285713,450.14285714285717,173076001.0,968.0714285714281,1.3998804738140112
2020-06-18,392.0,7087.285714285715,268889.71428571426,557.0,158357216.0,2112.642857142857,2.4754160871330297,237.71428571428572,16374.857142857143,241775.42857142858,443.57142857142856,173076001.0,968.0714285714281,1.373467634685445
2020-06-19,372.14285714285717,7086.714285714285,272104.28571428574,579.2857142857143,158357216.0,2112.642857142857,2.3500214675588715,240.42857142857142,17499.285714285714,232659.2857142857,473.85714285714283,173076001.0,968.0714285714281,1.389150257918031
2020-06-20,363.85714285714283,7069.0,273768.0,532.1428571428571,158357216.0,2112.642857142857,2.2976985327725314,239.42857142857142,18502.285714285714,239778.7142857143,469.57142857142856,173076001.0,968.0714285714281,1.3833724493586572
2020-06-21,353.2857142857143,7285.428571428572,279204.5714285714,511.0,158357216.0,2112.642857142857,2.2309416849416843,241.14285714285714,19218.285714285714,240348.42857142858,472.7142857142857,173076001.0,968.0714285714281,1.3932772640318696
2020-06-22,342.85714285714283,7320.0,279982.85714285716,525.8571428571429,158357216.0,2112.642857142857,2.165086956676119,238.0,20419.428571428572,244300.7142857143,494.57142857142856,173076001.0,968.0714285714281,1.3751184371309804
2020-06-23,330.42857142857144,7508.857142857143,278588.4285714286,511.2857142857143,158357216.0,2112.642857142857,2.08660255449661,247.57142857142858,21652.0,250743.0,502.85714285714283,173076001.0,968.0714285714281,1.4304203190564162
2020-06-24,322.0,7674.857142857143,276308.0,500.0,158357216.0,2112.642857142857,2.0333775001449887,249.85714285714286,23638.14285714286,257878.57142857142,539.8571428571429,173076001.0,968.0714285714281,1.4436267386206991
2020-06-25,308.57142857142856,8025.571428571428,283986.4285714286,498.14285714285717,158357216.0,2112.642857142857,1.9485782610085072,255.0,24985.0,266750.0,572.7142857142857,173076001.0,968.0714285714281,1.4733411826403362
2020-06-26,307.57142857142856,8475.142857142857,279729.14285714284,444.42857142857144,158357216.0,2112.642857142857,1.942263424051535,253.42857142857142,26403.428571428572,275423.0,614.0,173076001.0,968.0714285714281,1.4642617691898914
2020-06-27,285.57142857142856,8419.142857142857,279065.14285714284,455.57142857142856,158357216.0,2112.642857142857,1.8033370109981508,258.57142857142856,28015.428571428572,281417.4285714286,647.4285714285714,173076001.0,968.0714285714281,1.4939762132095284
2020-06-28,282.2857142857143,8781.57142857143,282129.5714285714,460.42857142857144,158357216.0,2112.642857142857,1.7825882609966714,258.57142857142856,29602.14285714286,286208.85714285716,652.0,173076001.0,968.0714285714281,1.4939762132095284
2020-06-29,285.42857142857144,9059.42857142857,287230.71428571426,444.57142857142856,158357216.0,2112.642857142857,1.8024348914328694,262.0,31113.85714285714,308099.71428571426,649.2857142857143,173076001.0,968.0714285714281,1.5137858425559532
2020-06-30,278.57142857142856,9306.42857142857,295891.28571428574,438.7142857142857,158357216.0,2112.642857142857,1.7591331522993467,252.57142857142858,32925.57142857143,318116.85714285716,701.5714285714286,173076001.0,968.0714285714281,1.4593093618532855
2020-07-01,257.14285714285717,9653.857142857143,302053.85714285716,452.85714285714283,158357216.0,2112.642857142857,1.6238152175070895,270.7142857142857,34278.57142857143,327818.28571428574,705.7142857142857,173076001.0,968.0714285714281,1.5641353171447827
2020-07-02,262.0,9972.142857142857,300945.0,517.8571428571429,158357216.0,2112.642857142857,1.654487282726668,272.7142857142857,36024.0,332688.28571428574,747.2857142857143,173076001.0,968.0714285714281,1.5756909342635304
2020-07-03,251.57142857142858,10110.57142857143,301038.85714285716,531.8571428571429,158357216.0,2112.642857142857,1.5886325544611026,277.57142857142856,37227.857142857145,345425.85714285716,720.2857142857143,173076001.0,968.0714285714281,1.6037545758376317
2020-07-04,233.42857142857142,10196.142857142857,298309.71428571426,506.85714285714283,158357216.0,2112.642857142857,1.4740633696703243,266.42857142857144,38736.42857142857,353019.85714285716,718.7142857142857,173076001.0,968.0714285714281,1.5393732804617517
2020-07-05,228.14285714285714,10183.714285714286,303439.0,500.0,158357216.0,2112.642857142857,1.440684945754901,262.85714285714283,39326.28571428572,362776.85714285716,727.0,173076001.0,968.0714285714281,1.5187382498925592
2020-07-06,215.85714285714286,10258.42857142857,298350.28571428574,501.85714285714283,158357216.0,2112.642857142857,1.3631026631406735,262.42857142857144,39551.28571428572,347544.28571428574,742.8571428571429,173076001.0,968.0714285714281,1.5162620462242564
2020-07-07,228.42857142857142,10588.57142857143,299862.0,524.4285714285714,158357216.0,2112.642857142857,1.4424891848854642,296.57142857142856,39773.28571428572,347308.71428571426,774.2857142857143,173076001.0,968.0714285714281,1.7135329384657352
2020-07-08,236.42857142857142,10843.142857142857,300485.28571428574,567.4285714285714,158357216.0,2112.642857142857,1.4930078805412403,303.7142857142857,41189.42857142857,347424.28571428574,816.5714285714286,173076001.0,968.0714285714281,1.7548029996041203
2020-07-09,225.42857142857142,11000.142857142857,301358.71428571426,522.2857142857143,158357216.0,2112.642857142857,1.4235446740145483,339.2857142857143,41755.71428571428,352988.4285714286,820.5714285714286,173076001.0,968.0714285714281,1.9603279040732762
2020-07-10,230.42857142857142,11474.57142857143,309132.28571428574,548.1428571428571,158357216.0,2112.642857142857,1.4551188587994084,370.85714285714283,43124.28571428572,361393.5714285714,920.8571428571429,173076001.0,968.0714285714281,2.142741574304937
2020-07-11,247.71428571428572,12425.57142857143,324215.5714285714,570.7142857142857,158357216.0,2112.642857142857,1.5642753261984963,418.0,43395.57142857143,357551.4285714286,1508.2857142857142,173076001.0,968.0714285714281,2.4151239778182765
2020-07-12,251.85714285714286,12689.142857142857,328758.85714285716,591.4285714285714,158357216.0,2112.642857142857,1.590436793591666,452.0,45372.57142857143,364838.14285714284,1537.4285714285713,173076001.0,968.0714285714281,2.611569468836988
2020-07-13,257.42857142857144,13135.42857142857,336441.5714285714,619.8571428571429,158357216.0,2112.642857142857,1.625619456637653,458.42857142857144,47235.142857142855,382795.71428571426,1569.0,173076001.0,968.0714285714281,2.6487125238615343
2020-07-14,222.28571428571428,13475.42857142857,342410.14285714284,597.0,158357216.0,2112.642857142857,1.4036980435783506,466.85714285714283,48467.57142857143,395116.4285714286,1635.0,173076001.0,968.0714285714281,2.697411196004828
2020-07-15,207.42857142857142,13933.57142857143,353517.71428571426,583.8571428571429,158357216.0,2112.642857142857,1.309877608789052,489.0,48451.42857142857,402780.28571428574,1702.5714285714287,173076001.0,968.0714285714281,2.8253483855338213
2020-07-16,210.71428571428572,14256.285714285714,362878.85714285716,579.0,158357216.0,2112.642857142857,1.3306263587905318,497.14285714285717,49828.142857142855,410325.14285714284,1778.857142857143,173076001.0,968.0714285714281,2.87239625523158
2020-07-17,198.0,14447.285714285714,362212.71428571426,625.2857142857143,158357216.0,2112.642857142857,1.2503377174804589,523.7142857142857,51064.42857142857,414205.28571428574,1784.0,173076001.0,968.0714285714281,3.025920882666371
2020-07-18,189.14285714285714,14116.857142857143,357034.14285714284,642.5714285714286,158357216.0,2112.642857142857,1.1944063044329924,549.0,51687.857142857145,426756.4285714286,1318.4285714285713,173076001.0,968.0714285714281,3.172016899096253
2020-07-19,195.0,14596.285714285714,357364.71428571426,636.7142857142857,158357216.0,2112.642857142857,1.2313932066095428,550.4285714285714,51629.857142857145,428651.71428571426,1325.0,173076001.0,968.0714285714281,3.1802709113239302
2020-07-20,192.28571428571428,14994.42857142857,362483.5714285714,624.8571428571429,158357216.0,2112.642857142857,1.2142529348691902,558.2857142857143,51083.71428571428,425844.0,1398.7142857142858,173076001.0,968.0714285714281,3.225667978576154
2020-07-21,211.14285714285714,15097.42857142857,362692.85714285716,641.7142857142857,158357216.0,2112.642857142857,1.3333327174863767,582.7142857142857,51150.42857142857,424003.14285714284,1423.142857142857,173076001.0,968.0714285714281,3.3668115876694285
2020-07-22,224.14285714285714,15214.57142857143,362815.85714285716,622.7142857142857,158357216.0,2112.642857142857,1.415425597927013,614.2857142857143,51542.142857142855,427402.4285714286,1418.142857142857,173076001.0,968.0714285714281,3.5492252579010906
2020-07-23,215.42857142857142,15546.857142857143,363531.28571428574,626.7142857142857,158357216.0,2112.642857142857,1.3603963044448282,638.5714285714286,51282.0,428757.0,1456.142857142857,173076001.0,968.0714285714281,3.6895434657715978
2020-07-24,226.0,15935.285714285714,371436.85714285716,567.8571428571429,158357216.0,2112.642857142857,1.4271531522756753,660.1428571428571,50665.57142857143,434299.85714285716,1565.5714285714287,173076001.0,968.0714285714281,3.81417905040952
2020-07-25,222.0,16175.42857142857,369574.5714285714,593.5714285714286,158357216.0,2112.642857142857,1.401893804447787,685.7142857142857,50396.0,440166.85714285716,1536.142857142857,173076001.0,968.0714285714281,3.961925869284937
2020-07-26,218.42857142857142,16643.714285714286,380875.0,630.0,158357216.0,2112.642857142857,1.379340815315744,693.8571428571429,49462.57142857143,438496.5714285714,1569.857142857143,173076001.0,968.0714285714281,4.0089737389826965
2020-07-27,225.14285714285714,16842.428571428572,389758.28571428574,639.1428571428571,158357216.0,2112.642857142857,1.4217404348839848,786.7142857142857,49019.57142857143,437332.0,1566.857142857143,173076001.0,968.0714285714281,4.545484533781697
2020-07-28,228.42857142857142,16835.0,392227.71428571426,723.2857142857143,158357216.0,2112.642857142857,1.4424891848854642,795.2857142857143,47958.0,432996.85714285716,1785.7142857142858,173076001.0,968.0714285714281,4.5950086071477605
2020-07-29,234.71428571428572,16979.85714285714,401026.0,729.4285714285714,158357216.0,2112.642857142857,1.48218244575786,834.8571428571429,47475.0,433277.14285714284,1877.5714285714287,173076001.0,968.0714285714281,4.823644745854412
2020-07-30,239.85714285714286,17024.571428571428,401722.71428571426,759.4285714285714,158357216.0,2112.642857142857,1.5146587501080018,858.7142857142857,47127.28571428572,428996.5714285714,1972.4285714285713,173076001.0,968.0714285714281,4.961486750056616
2020-07-31,236.71428571428572,16867.571428571428,374753.0,771.0,158357216.0,2112.642857142857,1.494812119671804,881.2857142857143,46194.142857142855,426861.0,1903.0,173076001.0,968.0714285714281,5.091900143253913
2020-08-01,243.85714285714286,16771.571428571428,378959.85714285716,719.8571428571429,158357216.0,2112.642857142857,1.53991809793589,898.0,45768.857142857145,416170.5714285714,2002.857142857143,173076001.0,968.0714285714281,5.1884720863177325
2020-08-02,249.85714285714286,16308.714285714286,369977.71428571426,690.5714285714286,158357216.0,2112.642857142857,1.577807119677722,883.2857142857143,44205.857142857145,403348.28571428574,1943.857142857143,173076001.0,968.0714285714281,5.103455760372661
2020-08-03,240.42857142857142,15912.42857142857,365594.0,725.0,158357216.0,2112.642857142857,1.5182672283691285,815.4285714285714,43798.28571428572,405557.0,1914.2857142857142,173076001.0,968.0714285714281,4.711390179558005
2020-08-04,232.28571428571428,16212.142857142857,368008.28571428574,659.8571428571429,158357216.0,2112.642857142857,1.4668464131480707,842.5714285714286,42841.57142857143,399265.5714285714,1953.4285714285713,173076001.0,968.0714285714281,4.868216411883867
2020-08-05,217.0,15846.857142857143,357771.14285714284,630.8571428571429,158357216.0,2112.642857142857,1.370319619662927,837.1428571428571,41112.71428571428,386372.0,1887.4285714285713,173076001.0,968.0714285714281,4.836851165418694
2020-08-06,223.85714285714286,15489.142857142857,361140.85714285716,624.5714285714286,158357216.0,2112.642857142857,1.4136213587964497,829.0,39291.142857142855,376253.71428571426,1793.5714285714287,173076001.0,968.0714285714281,4.789803295720936
2020-08-07,233.14285714285714,15387.57142857143,382819.0,660.4285714285714,158357216.0,2112.642857142857,1.472259130539761,822.7142857142857,38494.142857142855,363002.5714285714,2530.4285714285716,173076001.0,968.0714285714281,4.7534856419191565
2020-08-08,227.85714285714286,15386.0,380648.4285714286,653.4285714285714,158357216.0,2112.642857142857,1.4388807066243376,813.5714285714286,37442.71428571428,355922.85714285716,2408.285714285714,173076001.0,968.0714285714281,4.700659963662025
2020-08-09,222.42857142857142,15183.0,383564.28571428574,643.5714285714286,158357216.0,2112.642857142857,1.4046001631436322,835.8571428571429,38188.42857142857,355906.85714285716,2423.5714285714284,173076001.0,968.0714285714281,4.829422554413786
2020-08-10,219.14285714285714,15143.0,383893.14285714284,611.5714285714286,158357216.0,2112.642857142857,1.3838514131421529,825.8571428571429,37141.142857142855,353680.85714285716,2445.5714285714284,173076001.0,968.0714285714281,4.771644468820047
2020-08-11,222.57142857142858,14697.714285714286,379829.85714285716,640.2857142857143,158357216.0,2112.642857142857,1.4055022827089143,832.5714285714286,38132.28571428572,360994.4285714286,2163.285714285714,173076001.0,968.0714285714281,4.810438326290128
2020-08-12,228.42857142857142,14544.0,381039.0,684.2857142857143,158357216.0,2112.642857142857,1.4424891848854642,851.1428571428571,38823.71428571428,327778.5714285714,2231.5714285714284,173076001.0,968.0714285714281,4.9177404852499285
2020-08-13,220.0,14676.0,384031.71428571426,651.8571428571429,158357216.0,2112.642857142857,1.3892641305338431,847.1428571428571,38338.857142857145,344078.0,2264.4285714285716,173076001.0,968.0714285714281,4.894629251012433
2020-08-14,207.42857142857142,14701.57142857143,390173.28571428574,610.1428571428571,158357216.0,2112.642857142857,1.309877608789052,843.0,37495.857142857145,349415.5714285714,1474.142857142857,173076001.0,968.0714285714281,4.87069261555217
2020-08-15,215.0,14733.42857142857,400348.85714285716,650.5714285714286,158357216.0,2112.642857142857,1.357689945748983,854.0,37809.0,351975.4285714286,1521.857142857143,173076001.0,968.0714285714281,4.934248509705283
2020-08-16,220.57142857142858,14527.42857142857,398012.0,641.1428571428571,158357216.0,2112.642857142857,1.39287260879497,848.8571428571429,36851.857142857145,365988.28571428574,1501.857142857143,173076001.0,968.0714285714281,4.904534065685646
2020-08-17,226.57142857142858,14259.0,399141.28571428574,621.1428571428571,158357216.0,2112.642857142857,1.4307616305368023,840.1428571428571,36510.857142857145,354769.4285714286,1466.5714285714287,173076001.0,968.0714285714281,4.854184591096816
2020-08-18,228.42857142857142,13931.57142857143,396375.0,576.2857142857143,158357216.0,2112.642857142857,1.4424891848854642,819.7142857142857,34707.28571428572,345837.71428571426,1448.2857142857142,173076001.0,968.0714285714281,4.736152216241035
2020-08-19,238.85714285714286,13843.42857142857,396810.0,534.2857142857143,158357216.0,2112.642857142857,1.50834391315103,795.4285714285714,33201.857142857145,373652.28571428574,1344.142857142857,173076001.0,968.0714285714281,4.595834008370527
2020-08-20,235.85714285714286,13434.0,392549.5714285714,525.4285714285714,158357216.0,2112.642857142857,1.4893994022801138,794.0,32457.571428571428,349862.4285714286,1256.5714285714287,173076001.0,968.0714285714281,4.587579996142851
2020-08-21,235.28571428571428,13094.142857142857,391819.14285714284,497.14285714285717,158357216.0,2112.642857142857,1.4857909240189868,781.1428571428571,31489.85714285714,336533.0,1228.4285714285713,173076001.0,968.0714285714281,4.5132938860937575
2020-08-22,231.57142857142858,13245.285714285714,392371.14285714284,478.85714285714283,158357216.0,2112.642857142857,1.4623358153216623,757.7142857142857,29922.85714285714,337665.5714285714,1176.142857142857,173076001.0,968.0714285714281,4.377928085559855
2020-08-23,225.28571428571428,13202.0,390795.85714285716,499.57142857142856,158357216.0,2112.642857142857,1.4226425544492667,757.2857142857143,29258.571428571428,315074.4285714286,1173.2857142857142,173076001.0,968.0714285714281,4.3754518818915535
2020-08-24,223.71428571428572,13365.42857142857,397263.14285714284,498.57142857142856,158357216.0,2112.642857142857,1.4127192392311678,749.5714285714286,28626.0,313808.0,1143.142857142857,173076001.0,968.0714285714281,4.330880215862097
2020-08-25,221.14285714285714,13356.57142857143,398273.28571428574,485.85714285714283,158357216.0,2112.642857142857,1.3964810870560969,745.0,27999.0,311210.4285714286,1116.7142857142858,173076001.0,968.0714285714281,4.304467376733531
2020-08-26,217.42857142857142,13583.0,396686.14285714284,507.0,158357216.0,2112.642857142857,1.3730259783587722,730.7142857142857,27627.428571428572,311314.0,1072.857142857143,173076001.0,968.0714285714281,4.2219272544567605
2020-08-27,214.85714285714286,13873.714285714286,405054.85714285716,529.5714285714286,158357216.0,2112.642857142857,1.3567878261837014,732.7142857142857,27370.714285714286,311886.5714285714,1001.4285714285714,173076001.0,968.0714285714281,4.233482871575509
2020-08-28,216.28571428571428,14261.57142857143,408107.28571428574,528.5714285714286,158357216.0,2112.642857142857,1.3658090218365184,717.1428571428571,26987.85714285714,313359.14285714284,970.7142857142857,173076001.0,968.0714285714281,4.14351413829383
2020-08-29,215.28571428571428,14230.0,412794.5714285714,521.1428571428571,158357216.0,2112.642857142857,1.3594941848795465,716.1428571428571,26760.571428571428,311857.5714285714,943.7142857142857,173076001.0,968.0714285714281,4.137736329734456
2020-08-30,215.42857142857142,14892.857142857143,430781.28571428574,508.7142857142857,158357216.0,2112.642857142857,1.3603963044448282,702.1428571428571,26380.14285714286,313143.71428571426,942.7142857142857,173076001.0,968.0714285714281,4.056847009903222
2020-08-31,214.85714285714286,14763.857142857143,426595.4285714286,530.1428571428571,158357216.0,2112.642857142857,1.3567878261837014,706.1428571428571,26055.0,315204.0,888.0,173076001.0,968.0714285714281,4.079958244140718
2020-09-01,215.85714285714286,15081.714285714286,427566.0,524.4285714285714,158357216.0,2112.642857142857,1.3631026631406735,687.5714285714286,26606.714285714286,324184.4285714286,870.5714285714286,173076001.0,968.0714285714281,3.972656085180917
2020-09-02,200.0,13904.0,428790.71428571426,496.0,158357216.0,2112.642857142857,1.2629673913944028,666.0,25879.714285714286,323197.4285714286,866.7142857142857,173076001.0,968.0714285714281,3.8480205005429955
2020-09-03,200.42857142857142,14011.285714285714,429384.85714285716,476.57142857142856,158357216.0,2112.642857142857,1.265673750090248,657.2857142857143,25886.285714285714,323561.85714285716,867.2857142857143,173076001.0,968.0714285714281,3.7976710259541666
2020-09-04,197.57142857142858,14571.0,446866.0,479.7142857142857,158357216.0,2112.642857142857,1.247631358784614,656.2857142857143,26048.85714285714,324478.71428571426,813.2857142857143,173076001.0,968.0714285714281,3.791893217394793
2020-09-05,206.71428571428572,14930.142857142857,448821.0,493.14285714285717,158357216.0,2112.642857142857,1.3053670109626436,633.1428571428571,25752.428571428572,330789.85714285716,798.5714285714286,173076001.0,968.0714285714281,3.6581782193064254
2020-09-06,205.28571428571428,14516.57142857143,435411.5714285714,483.14285714285717,158357216.0,2112.642857142857,1.2963458153098264,630.5714285714286,25253.571428571428,345279.0,781.2857142857143,173076001.0,968.0714285714281,3.6433209972966067
2020-09-07,203.71428571428572,14496.142857142857,429535.0,454.57142857142856,158357216.0,2112.642857142857,1.2864225000917275,611.7142857142857,24891.14285714286,338262.28571428574,763.5714285714286,173076001.0,968.0714285714281,3.5343680358912706
2020-09-08,182.57142857142858,13864.714285714286,422574.28571428574,424.2857142857143,158357216.0,2112.642857142857,1.1529088044300337,537.5714285714286,22637.428571428572,317706.71428571426,668.4285714285714,173076001.0,968.0714285714281,3.1059848012748374
2020-09-09,195.57142857142858,14878.142857142857,420971.85714285716,460.57142857142856,158357216.0,2112.642857142857,1.2350016848706697,532.4285714285714,21679.14285714286,312006.71428571426,691.1428571428571,173076001.0,968.0714285714281,3.0762703572552006
2020-09-10,204.71428571428572,14758.42857142857,410918.14285714284,463.2857142857143,158357216.0,2112.642857142857,1.2927373370486996,537.5714285714286,20776.0,303879.14285714284,687.8571428571429,173076001.0,968.0714285714281,3.1059848012748374
2020-09-11,209.14285714285714,14259.142857142857,398341.0,465.42857142857144,158357216.0,2112.642857142857,1.3207030435724327,536.0,20329.571428571428,298804.0,730.5714285714286,173076001.0,968.0714285714281,3.0969053878243926
2020-09-12,193.14285714285714,14262.42857142857,403327.4285714286,453.57142857142856,158357216.0,2112.642857142857,1.2196656522608804,536.2857142857143,19928.14285714286,301224.71428571426,712.2857142857143,173076001.0,968.0714285714281,3.0985561902699286
2020-09-13,189.71428571428572,14393.0,404122.28571428574,456.2857142857143,158357216.0,2112.642857142857,1.1980147826941194,531.2857142857143,19989.14285714286,288311.4285714286,724.2857142857143,173076001.0,968.0714285714281,3.069667147473059
2020-09-14,197.28571428571428,14776.714285714286,416386.71428571426,458.14285714285717,158357216.0,2112.642857142857,1.2458271196540502,549.4285714285714,20341.571428571428,251303.85714285713,786.0,173076001.0,968.0714285714281,3.1744931027645564
2020-09-15,232.71428571428572,15449.57142857143,426932.85714285716,492.2857142857143,158357216.0,2112.642857142857,1.469552771843916,610.1428571428571,21557.714285714286,267211.85714285716,827.8571428571429,173076001.0,968.0714285714281,3.525288622440826
