,zip,date,count,tested,7daypos100k,percentage,count_14day,tested_14day,percentage_14day,7daypos100k_14day,Unknown tested,Unknown count,Unknown percentage,<20 tested,<20 count,<20 percentage,20-29 tested,20-29 count,20-29 percentage,30-39 tested,30-39 count,30-39 percentage,40-49 tested,40-49 count,40-49 percentage,50-59 tested,50-59 count,50-59 percentage,60-69 tested,60-69 count,60-69 percentage,70-79 tested,70-79 count,70-79 percentage,80+ tested,80+ count,80+ percentage,Unknown tested_14day,Unknown count_14day,Unknown percentage_14day,<20 tested_14day,<20 count_14day,<20 percentage_14day,20-29 tested_14day,20-29 count_14day,20-29 percentage_14day,30-39 tested_14day,30-39 count_14day,30-39 percentage_14day,40-49 tested_14day,40-49 count_14day,40-49 percentage_14day,50-59 tested_14day,50-59 count_14day,50-59 percentage_14day,60-69 tested_14day,60-69 count_14day,60-69 percentage_14day,70-79 tested_14day,70-79 count_14day,70-79 percentage_14day,80+ tested_14day,80+ count_14day,80+ percentage_14day,population
118,60301,2020-04-19,11.0,50.0,,0,,,0,,0.0,0.0,0,0.0,0.0,0,0.0,0.0,0,18.0,0.0,0,9.0,0.0,0,12.0,0.0,0,10.0,0.0,0,7.0,0.0,0,0.0,0.0,0,,,0,,,0,,,0,,,0,,,0,,,0,,,0,,,0,,,0,2536.0
119,60302,2020-04-19,84.0,512.0,,0,,,0,,0.0,0.0,0,23.0,0.0,0,52.0,0.0,0,95.0,9.0,0,106.0,13.0,0,102.0,19.0,0,100.0,14.0,0,66.0,10.0,0,52.0,13.0,0,,,0,,,0,,,0,,,0,,,0,,,0,,,0,,,0,,,0,32048.0
120,60304,2020-04-19,32.0,226.0,,0,,,0,,0.0,0.0,0,11.0,0.0,0,17.0,0.0,0,62.0,9.0,0,64.0,9.0,0,37.0,0.0,0,41.0,6.0,0,23.0,0.0,0,0.0,0.0,0,,,0,,,0,,,0,,,0,,,0,,,0,,,0,,,0,,,0,17641.0
507,60301,2020-04-20,,,,0,,,0,,,,0,,,0,,,0,,,0,,,0,,,0,,,0,,,0,,,0,,,0,,,0,,,0,,,0,,,0,,,0,,,0,,,0,,,0,2536.0
508,60302,2020-04-20,,,,0,,,0,,,,0,,,0,,,0,,,0,,,0,,,0,,,0,,,0,,,0,,,0,,,0,,,0,,,0,,,0,,,0,,,0,,,0,,,0,32048.0
509,60304,2020-04-20,,,,0,,,0,,,,0,,,0,,,0,,,0,,,0,,,0,,,0,,,0,,,0,,,0,,,0,,,0,,,0,,,0,,,0,,,0,,,0,,,0,17641.0
896,60301,2020-04-21,,,,0,,,0,,,,0,,,0,,,0,,,0,,,0,,,0,,,0,,,0,,,0,,,0,,,0,,,0,,,0,,,0,,,0,,,0,,,0,,,0,2536.0
897,60302,2020-04-21,,,,0,,,0,,,,0,,,0,,,0,,,0,,,0,,,0,,,0,,,0,,,0,,,0,,,0,,,0,,,0,,,0,,,0,,,0,,,0,,,0,32048.0
898,60304,2020-04-21,,,,0,,,0,,,,0,,,0,,,0,,,0,,,0,,,0,,,0,,,0,,,0,,,0,,,0,,,0,,,0,,,0,,,0,,,0,,,0,,,0,17641.0
1285,60301,2020-04-22,,,,0,,,0,,,,0,,,0,,,0,,,0,,,0,,,0,,,0,,,0,,,0,,,0,,,0,,,0,,,0,,,0,,,0,,,0,,,0,,,0,2536.0
1286,60302,2020-04-22,,,,0,,,0,,,,0,,,0,,,0,,,0,,,0,,,0,,,0,,,0,,,0,,,0,,,0,,,0,,,0,,,0,,,0,,,0,,,0,,,0,32048.0
1287,60304,2020-04-22,,,,0,,,0,,,,0,,,0,,,0,,,0,,,0,,,0,,,0,,,0,,,0,,,0,,,0,,,0,,,0,,,0,,,0,,,0,,,0,,,0,17641.0
1674,60301,2020-04-23,,,,0,,,0,,,,0,,,0,,,0,,,0,,,0,,,0,,,0,,,0,,,0,,,0,,,0,,,0,,,0,,,0,,,0,,,0,,,0,,,0,2536.0
1675,60302,2020-04-23,,,,0,,,0,,,,0,,,0,,,0,,,0,,,0,,,0,,,0,,,0,,,0,,,0,,,0,,,0,,,0,,,0,,,0,,,0,,,0,,,0,32048.0
1676,60304,2020-04-23,,,,0,,,0,,,,0,,,0,,,0,,,0,,,0,,,0,,,0,,,0,,,0,,,0,,,0,,,0,,,0,,,0,,,0,,,0,,,0,,,0,17641.0
2067,60301,2020-04-24,12.0,61.0,,0,,,0,,0.0,0.0,0,0.0,0.0,0,0.0,0.0,0,17.0,0.0,0,9.0,0.0,0,10.0,0.0,0,10.0,0.0,0,6.0,0.0,0,0.0,0.0,0,,,0,,,0,,,0,,,0,,,0,,,0,,,0,,,0,,,0,2536.0
2068,60302,2020-04-24,98.0,608.0,,0,,,0,,0.0,0.0,0,28.0,0.0,0,55.0,0.0,0,106.0,10.0,0,107.0,16.0,0,100.0,22.0,0,96.0,15.0,0,64.0,13.0,0,52.0,16.0,0,,,0,,,0,,,0,,,0,,,0,,,0,,,0,,,0,,,0,32048.0
2069,60304,2020-04-24,39.0,277.0,,0,,,0,,0.0,0.0,0,13.0,0.0,0,17.0,0.0,0,62.0,11.0,0,59.0,10.0,0,52.0,0.0,0,47.0,7.0,0,22.0,6.0,0,0.0,0.0,0,,,0,,,0,,,0,,,0,,,0,,,0,,,0,,,0,,,0,17641.0
2485,60301,2020-04-25,,,,0,,,0,,,,0,,,0,,,0,,,0,,,0,,,0,,,0,,,0,,,0,,,0,,,0,,,0,,,0,,,0,,,0,,,0,,,0,,,0,2536.0
2486,60302,2020-04-25,,,,0,,,0,,,,0,,,0,,,0,,,0,,,0,,,0,,,0,,,0,,,0,,,0,,,0,,,0,,,0,,,0,,,0,,,0,,,0,,,0,32048.0
2487,60304,2020-04-25,,,,0,,,0,,,,0,,,0,,,0,,,0,,,0,,,0,,,0,,,0,,,0,,,0,,,0,,,0,,,0,,,0,,,0,,,0,,,0,,,0,17641.0
2903,60301,2020-04-26,,,,0,,,0,,,,0,,,0,,,0,,,0,,,0,,,0,,,0,,,0,,,0,,,0,,,0,,,0,,,0,,,0,,,0,,,0,,,0,,,0,2536.0
2904,60302,2020-04-26,,,,0,,,0,,,,0,,,0,,,0,,,0,,,0,,,0,,,0,,,0,,,0,,,0,,,0,,,0,,,0,,,0,,,0,,,0,,,0,,,0,32048.0
2905,60304,2020-04-26,,,,0,,,0,,,,0,,,0,,,0,,,0,,,0,,,0,,,0,,,0,,,0,,,0,,,0,,,0,,,0,,,0,,,0,,,0,,,0,,,0,17641.0
3322,60301,2020-04-27,12.0,67.0,,0,,,0,,0.0,0.0,0,0.0,0.0,0,0.0,0.0,0,19.0,0.0,0,10.0,0.0,0,11.0,0.0,0,10.0,0.0,0,8.0,0.0,0,0.0,0.0,0,,,0,,,0,,,0,,,0,,,0,,,0,,,0,,,0,,,0,2536.0
3323,60302,2020-04-27,102.0,679.0,,0,,,0,,0.0,0.0,0,31.0,0.0,0,62.0,0.0,0,117.0,10.0,0,116.0,18.0,0,108.0,22.0,0,113.0,17.0,0,77.0,13.0,0,55.0,16.0,0,,,0,,,0,,,0,,,0,,,0,,,0,,,0,,,0,,,0,32048.0
3324,60304,2020-04-27,44.0,331.0,,0,,,0,,0.0,0.0,0,14.0,0.0,0,24.0,0.0,0,71.0,11.0,0,68.0,11.0,0,67.0,0.0,0,54.0,7.0,0,27.0,7.0,0,6.0,0.0,0,,,0,,,0,,,0,,,0,,,0,,,0,,,0,,,0,,,0,17641.0
3751,60301,2020-04-28,,,,0,,,0,,,,0,,,0,,,0,,,0,,,0,,,0,,,0,,,0,,,0,,,0,,,0,,,0,,,0,,,0,,,0,,,0,,,0,,,0,2536.0
3752,60302,2020-04-28,,,,0,,,0,,,,0,,,0,,,0,,,0,,,0,,,0,,,0,,,0,,,0,,,0,,,0,,,0,,,0,,,0,,,0,,,0,,,0,,,0,32048.0
3753,60304,2020-04-28,,,,0,,,0,,,,0,,,0,,,0,,,0,,,0,,,0,,,0,,,0,,,0,,,0,,,0,,,0,,,0,,,0,,,0,,,0,,,0,,,0,17641.0
4180,60301,2020-04-29,14.0,75.0,,0,,,0,,0.0,0.0,0,0.0,0.0,0,7.0,0.0,0,19.0,0.0,0,13.0,0.0,0,12.0,0.0,0,12.0,0.0,0,8.0,0.0,0,0.0,0.0,0,,,0,,,0,,,0,,,0,,,0,,,0,,,0,,,0,,,0,2536.0
4181,60302,2020-04-29,110.0,750.0,,0,,,0,,0.0,0.0,0,32.0,0.0,0,70.0,0.0,0,132.0,11.0,0,128.0,21.0,0,120.0,22.0,0,123.0,17.0,0,84.0,15.0,0,61.0,18.0,0,,,0,,,0,,,0,,,0,,,0,,,0,,,0,,,0,,,0,32048.0
4182,60304,2020-04-29,46.0,366.0,,0,,,0,,0.0,0.0,0,16.0,0.0,0,31.0,0.0,0,78.0,11.0,0,75.0,11.0,0,75.0,6.0,0,56.0,7.0,0,29.0,7.0,0,6.0,0.0,0,,,0,,,0,,,0,,,0,,,0,,,0,,,0,,,0,,,0,17641.0
4617,60301,2020-04-30,14.0,77.0,,0,,,0,,0.0,0.0,0,0.0,0.0,0,8.0,0.0,0,20.0,0.0,0,13.0,0.0,0,12.0,0.0,0,12.0,0.0,0,8.0,0.0,0,0.0,0.0,0,,,0,,,0,,,0,,,0,,,0,,,0,,,0,,,0,,,0,2536.0
4618,60302,2020-04-30,114.0,797.0,,0,,,0,,0.0,0.0,0,35.0,0.0,0,78.0,6.0,0,141.0,10.0,0,141.0,22.0,0,123.0,23.0,0,126.0,17.0,0,89.0,15.0,0,64.0,20.0,0,,,0,,,0,,,0,,,0,,,0,,,0,,,0,,,0,,,0,32048.0
4619,60304,2020-04-30,46.0,388.0,,0,,,0,,0.0,0.0,0,17.0,0.0,0,32.0,0.0,0,83.0,11.0,0,80.0,11.0,0,80.0,6.0,0,59.0,7.0,0,30.0,7.0,0,7.0,0.0,0,,,0,,,0,,,0,,,0,,,0,,,0,,,0,,,0,,,0,17641.0
5061,60301,2020-05-01,,,,0,,,0,,,,0,,,0,,,0,,,0,,,0,,,0,,,0,,,0,,,0,,,0,,,0,,,0,,,0,,,0,,,0,,,0,,,0,,,0,2536.0
5062,60302,2020-05-01,,,,0,,,0,,,,0,,,0,,,0,,,0,,,0,,,0,,,0,,,0,,,0,,,0,,,0,,,0,,,0,,,0,,,0,,,0,,,0,,,0,32048.0
5063,60304,2020-05-01,,,,0,,,0,,,,0,,,0,,,0,,,0,,,0,,,0,,,0,,,0,,,0,,,0,,,0,,,0,,,0,,,0,,,0,,,0,,,0,,,0,17641.0
5507,60301,2020-05-02,15.0,82.0,,0,,,0,,0.0,0.0,0,0.0,0.0,0,10.0,0.0,0,23.0,0.0,0,13.0,0.0,0,12.0,0.0,0,12.0,0.0,0,8.0,0.0,0,0.0,0.0,0,,,0,,,0,,,0,,,0,,,0,,,0,,,0,,,0,,,0,2536.0
5508,60302,2020-05-02,125.0,830.0,,0,,,0,,0.0,0.0,0,37.0,0.0,0,82.0,6.0,0,140.0,12.0,0,143.0,23.0,0,127.0,24.0,0,140.0,22.0,0,95.0,17.0,0,66.0,20.0,0,,,0,,,0,,,0,,,0,,,0,,,0,,,0,,,0,,,0,32048.0
5509,60304,2020-05-02,48.0,398.0,,0,,,0,,0.0,0.0,0,18.0,0.0,0,33.0,0.0,0,85.0,10.0,0,79.0,11.0,0,83.0,7.0,0,60.0,8.0,0,33.0,7.0,0,7.0,0.0,0,,,0,,,0,,,0,,,0,,,0,,,0,,,0,,,0,,,0,17641.0
5958,60301,2020-05-03,,,,0,,,0,,,,0,,,0,,,0,,,0,,,0,,,0,,,0,,,0,,,0,,,0,,,0,,,0,,,0,,,0,,,0,,,0,,,0,,,0,2536.0
5959,60302,2020-05-03,,,,0,,,0,,,,0,,,0,,,0,,,0,,,0,,,0,,,0,,,0,,,0,,,0,,,0,,,0,,,0,,,0,,,0,,,0,,,0,,,0,32048.0
5960,60304,2020-05-03,,,,0,,,0,,,,0,,,0,,,0,,,0,,,0,,,0,,,0,,,0,,,0,,,0,,,0,,,0,,,0,,,0,,,0,,,0,,,0,,,0,17641.0
6409,60301,2020-05-04,,,,0,,,0,,,,0,,,0,,,0,,,0,,,0,,,0,,,0,,,0,,,0,,,0,,,0,,,0,,,0,,,0,,,0,,,0,,,0,,,0,2536.0
6410,60302,2020-05-04,,,,0,,,0,,,,0,,,0,,,0,,,0,,,0,,,0,,,0,,,0,,,0,,,0,,,0,,,0,,,0,,,0,,,0,,,0,,,0,,,0,32048.0
6411,60304,2020-05-04,,,,0,,,0,,,,0,,,0,,,0,,,0,,,0,,,0,,,0,,,0,,,0,,,0,,,0,,,0,,,0,,,0,,,0,,,0,,,0,,,0,17641.0
6860,60301,2020-05-05,,,,0,,,0,,,,0,,,0,,,0,,,0,,,0,,,0,,,0,,,0,,,0,,,0,,,0,,,0,,,0,,,0,,,0,,,0,,,0,,,0,2536.0
6861,60302,2020-05-05,,,,0,,,0,,,,0,,,0,,,0,,,0,,,0,,,0,,,0,,,0,,,0,,,0,,,0,,,0,,,0,,,0,,,0,,,0,,,0,,,0,32048.0
6862,60304,2020-05-05,,,,0,,,0,,,,0,,,0,,,0,,,0,,,0,,,0,,,0,,,0,,,0,,,0,,,0,,,0,,,0,,,0,,,0,,,0,,,0,,,0,17641.0
7309,60301,2020-05-06,16.0,94.0,,0,,,0,,0.0,0.0,0,0.0,0.0,0,11.0,0.0,0,26.0,6.0,0,15.0,0.0,0,16.0,0.0,0,13.0,0.0,0,9.0,0.0,0,0.0,0.0,0,,,0,,,0,,,0,,,0,,,0,,,0,,,0,,,0,,,0,2536.0
7310,60302,2020-05-06,136.0,962.0,,0,,,0,,0.0,0.0,0,46.0,0.0,0,100.0,9.0,0,163.0,14.0,0,167.0,26.0,0,148.0,23.0,0,159.0,23.0,0,107.0,17.0,0,72.0,21.0,0,,,0,,,0,,,0,,,0,,,0,,,0,,,0,,,0,,,0,32048.0
7311,60304,2020-05-06,49.0,460.0,,0,,,0,,0.0,0.0,0,23.0,0.0,0,45.0,0.0,0,94.0,10.0,0,87.0,11.0,0,93.0,7.0,0,71.0,9.0,0,39.0,7.0,0,8.0,0.0,0,,,0,,,0,,,0,,,0,,,0,,,0,,,0,,,0,,,0,17641.0
7770,60301,2020-05-07,16.0,96.0,,0,,,0,,0.0,0.0,0,0.0,0.0,0,12.0,0.0,0,26.0,6.0,0,15.0,0.0,0,17.0,0.0,0,13.0,0.0,0,9.0,0.0,0,0.0,0.0,0,,,0,,,0,,,0,,,0,,,0,,,0,,,0,,,0,,,0,2536.0
7771,60302,2020-05-07,138.0,992.0,,0,,,0,,0.0,0.0,0,49.0,0.0,0,105.0,9.0,0,167.0,15.0,0,169.0,26.0,0,150.0,23.0,0,163.0,23.0,0,113.0,18.0,0,76.0,21.0,0,,,0,,,0,,,0,,,0,,,0,,,0,,,0,,,0,,,0,32048.0
7772,60304,2020-05-07,51.0,476.0,,0,,,0,,0.0,0.0,0,26.0,0.0,0,47.0,6.0,0,96.0,10.0,0,87.0,11.0,0,98.0,8.0,0,73.0,9.0,0,41.0,7.0,0,8.0,0.0,0,,,0,,,0,,,0,,,0,,,0,,,0,,,0,,,0,,,0,17641.0
8235,60301,2020-05-08,,,,0,,,0,,,,0,,,0,,,0,,,0,,,0,,,0,,,0,,,0,,,0,,,0,,,0,,,0,,,0,,,0,,,0,,,0,,,0,,,0,2536.0
8236,60302,2020-05-08,,,,0,,,0,,,,0,,,0,,,0,,,0,,,0,,,0,,,0,,,0,,,0,,,0,,,0,,,0,,,0,,,0,,,0,,,0,,,0,,,0,32048.0
8237,60304,2020-05-08,,,,0,,,0,,,,0,,,0,,,0,,,0,,,0,,,0,,,0,,,0,,,0,,,0,,,0,,,0,,,0,,,0,,,0,,,0,,,0,,,0,17641.0
8700,60301,2020-05-09,,,,0,,,0,,,,0,,,0,,,0,,,0,,,0,,,0,,,0,,,0,,,0,,,0,,,0,,,0,,,0,,,0,,,0,,,0,,,0,,,0,2536.0
8701,60302,2020-05-09,,,,0,,,0,,,,0,,,0,,,0,,,0,,,0,,,0,,,0,,,0,,,0,,,0,,,0,,,0,,,0,,,0,,,0,,,0,,,0,,,0,32048.0
8702,60304,2020-05-09,,,,0,,,0,,,,0,,,0,,,0,,,0,,,0,,,0,,,0,,,0,,,0,,,0,,,0,,,0,,,0,,,0,,,0,,,0,,,0,,,0,17641.0
9165,60301,2020-05-10,,,,0,,,0,,,,0,,,0,,,0,,,0,,,0,,,0,,,0,,,0,,,0,,,0,,,0,,,0,,,0,,,0,,,0,,,0,,,0,,,0,2536.0
9166,60302,2020-05-10,,,,0,,,0,,,,0,,,0,,,0,,,0,,,0,,,0,,,0,,,0,,,0,,,0,,,0,,,0,,,0,,,0,,,0,,,0,,,0,,,0,32048.0
9167,60304,2020-05-10,,,,0,,,0,,,,0,,,0,,,0,,,0,,,0,,,0,,,0,,,0,,,0,,,0,,,0,,,0,,,0,,,0,,,0,,,0,,,0,,,0,17641.0
9633,60301,2020-05-11,17.0,101.0,,0,,,0,,0.0,0.0,0,0.0,0.0,0,12.0,0.0,0,26.0,7.0,0,16.0,0.0,0,18.0,0.0,0,13.0,0.0,0,9.0,0.0,0,6.0,0.0,0,,,0,,,0,,,0,,,0,,,0,,,0,,,0,,,0,,,0,2536.0
9634,60302,2020-05-11,145.0,1092.0,,0,,,0,,0.0,0.0,0,61.0,0.0,0,113.0,12.0,0,180.0,16.0,0,188.0,28.0,0,170.0,23.0,0,176.0,22.0,0,123.0,18.0,0,81.0,23.0,0,,,0,,,0,,,0,,,0,,,0,,,0,,,0,,,0,,,0,32048.0
9635,60304,2020-05-11,57.0,528.0,,0,,,0,,0.0,0.0,0,32.0,0.0,0,53.0,6.0,0,100.0,11.0,0,98.0,12.0,0,110.0,11.0,0,83.0,10.0,0,44.0,7.0,0,8.0,0.0,0,,,0,,,0,,,0,,,0,,,0,,,0,,,0,,,0,,,0,17641.0
10114,60301,2020-05-12,,,,0,,,0,,,,0,,,0,,,0,,,0,,,0,,,0,,,0,,,0,,,0,,,0,,,0,,,0,,,0,,,0,,,0,,,0,,,0,,,0,2536.0
10115,60302,2020-05-12,,,,0,,,0,,,,0,,,0,,,0,,,0,,,0,,,0,,,0,,,0,,,0,,,0,,,0,,,0,,,0,,,0,,,0,,,0,,,0,,,0,32048.0
10116,60304,2020-05-12,,,,0,,,0,,,,0,,,0,,,0,,,0,,,0,,,0,,,0,,,0,,,0,,,0,,,0,,,0,,,0,,,0,,,0,,,0,,,0,,,0,17641.0
10595,60301,2020-05-13,,,,0,,,0,,,,0,,,0,,,0,,,0,,,0,,,0,,,0,,,0,,,0,,,0,,,0,,,0,,,0,,,0,,,0,,,0,,,0,,,0,2536.0
10596,60302,2020-05-13,,,,0,,,0,,,,0,,,0,,,0,,,0,,,0,,,0,,,0,,,0,,,0,,,0,,,0,,,0,,,0,,,0,,,0,,,0,,,0,,,0,32048.0
10597,60304,2020-05-13,,,,0,,,0,,,,0,,,0,,,0,,,0,,,0,,,0,,,0,,,0,,,0,,,0,,,0,,,0,,,0,,,0,,,0,,,0,,,0,,,0,17641.0
11076,60301,2020-05-14,,,,0,,,0,,,,0,,,0,,,0,,,0,,,0,,,0,,,0,,,0,,,0,,,0,,,0,,,0,,,0,,,0,,,0,,,0,,,0,,,0,2536.0
11077,60302,2020-05-14,,,,0,,,0,,,,0,,,0,,,0,,,0,,,0,,,0,,,0,,,0,,,0,,,0,,,0,,,0,,,0,,,0,,,0,,,0,,,0,,,0,32048.0
11078,60304,2020-05-14,,,,0,,,0,,,,0,,,0,,,0,,,0,,,0,,,0,,,0,,,0,,,0,,,0,,,0,,,0,,,0,,,0,,,0,,,0,,,0,,,0,17641.0
11557,60301,2020-05-15,,,,0,,,0,,,,0,,,0,,,0,,,0,,,0,,,0,,,0,,,0,,,0,,,0,,,0,,,0,,,0,,,0,,,0,,,0,,,0,,,0,2536.0
11558,60302,2020-05-15,,,,0,,,0,,,,0,,,0,,,0,,,0,,,0,,,0,,,0,,,0,,,0,,,0,,,0,,,0,,,0,,,0,,,0,,,0,,,0,,,0,32048.0
11559,60304,2020-05-15,,,,0,,,0,,,,0,,,0,,,0,,,0,,,0,,,0,,,0,,,0,,,0,,,0,,,0,,,0,,,0,,,0,,,0,,,0,,,0,,,0,17641.0
12038,60301,2020-05-16,19.0,139.0,,0,,,0,,0.0,0.0,0,10.0,0.0,0,17.0,0.0,0,31.0,7.0,0,21.0,0.0,0,23.0,6.0,0,17.0,0.0,0,13.0,0.0,0,7.0,0.0,0,,,0,,,0,,,0,,,0,,,0,,,0,,,0,,,0,,,0,2536.0
12039,60302,2020-05-16,171.0,1385.0,,0,,,0,,0.0,0.0,0,77.0,0.0,0,145.0,15.0,0,226.0,25.0,0,225.0,33.0,0,204.0,27.0,0,209.0,22.0,0,159.0,20.0,0,140.0,25.0,0,,,0,,,0,,,0,,,0,,,0,,,0,,,0,,,0,,,0,32048.0
12040,60304,2020-05-16,62.0,629.0,,0,,,0,,0.0,0.0,0,43.0,0.0,0,69.0,8.0,0,114.0,12.0,0,112.0,13.0,0,127.0,11.0,0,98.0,11.0,0,51.0,7.0,0,15.0,0.0,0,,,0,,,0,,,0,,,0,,,0,,,0,,,0,,,0,,,0,17641.0
12539,60301,2020-05-17,,,,0,,,0,,,,0,,,0,,,0,,,0,,,0,,,0,,,0,,,0,,,0,,,0,,,0,,,0,,,0,,,0,,,0,,,0,,,0,,,0,2536.0
12540,60302,2020-05-17,,,,0,,,0,,,,0,,,0,,,0,,,0,,,0,,,0,,,0,,,0,,,0,,,0,,,0,,,0,,,0,,,0,,,0,,,0,,,0,,,0,32048.0
12541,60304,2020-05-17,,,,0,,,0,,,,0,,,0,,,0,,,0,,,0,,,0,,,0,,,0,,,0,,,0,,,0,,,0,,,0,,,0,,,0,,,0,,,0,,,0,17641.0
13041,60301,2020-05-18,20.0,147.0,,0,,,0,,0.0,0.0,0,10.0,0.0,0,20.0,0.0,0,32.0,7.0,0,24.0,0.0,0,24.0,6.0,0,17.0,0.0,0,13.0,0.0,0,7.0,0.0,0,,,0,,,0,,,0,,,0,,,0,,,0,,,0,,,0,,,0,2536.0
13042,60302,2020-05-18,177.0,1444.0,,0,,,0,,0.0,0.0,0,80.0,0.0,0,154.0,19.0,0,234.0,26.0,0,235.0,33.0,0,216.0,30.0,0,213.0,22.0,0,169.0,19.0,0,143.0,24.0,0,,,0,,,0,,,0,,,0,,,0,,,0,,,0,,,0,,,0,32048.0
13043,60304,2020-05-18,62.0,654.0,,0,,,0,,0.0,0.0,0,44.0,0.0,0,73.0,9.0,0,117.0,11.0,0,115.0,13.0,0,134.0,11.0,0,103.0,11.0,0,52.0,7.0,0,16.0,0.0,0,,,0,,,0,,,0,,,0,,,0,,,0,,,0,,,0,,,0,17641.0
13546,60301,2020-05-19,,,,0,,,0,,,,0,,,0,,,0,,,0,,,0,,,0,,,0,,,0,,,0,,,0,,,0,,,0,,,0,,,0,,,0,,,0,,,0,,,0,2536.0
13547,60302,2020-05-19,,,,0,,,0,,,,0,,,0,,,0,,,0,,,0,,,0,,,0,,,0,,,0,,,0,,,0,,,0,,,0,,,0,,,0,,,0,,,0,,,0,32048.0
13548,60304,2020-05-19,,,,0,,,0,,,,0,,,0,,,0,,,0,,,0,,,0,,,0,,,0,,,0,,,0,,,0,,,0,,,0,,,0,,,0,,,0,,,0,,,0,17641.0
14051,60301,2020-05-20,,,,0,,,0,,,,0,,,0,,,0,,,0,,,0,,,0,,,0,,,0,,,0,,,0,,,0,,,0,,,0,,,0,,,0,,,0,,,0,,,0,2536.0
14052,60302,2020-05-20,,,,0,,,0,,,,0,,,0,,,0,,,0,,,0,,,0,,,0,,,0,,,0,,,0,,,0,,,0,,,0,,,0,,,0,,,0,,,0,,,0,32048.0
14053,60304,2020-05-20,,,,0,,,0,,,,0,,,0,,,0,,,0,,,0,,,0,,,0,,,0,,,0,,,0,,,0,,,0,,,0,,,0,,,0,,,0,,,0,,,0,17641.0
14556,60301,2020-05-21,,,,0,,,0,,,,0,,,0,,,0,,,0,,,0,,,0,,,0,,,0,,,0,,,0,,,0,,,0,,,0,,,0,,,0,,,0,,,0,,,0,2536.0
14557,60302,2020-05-21,,,,0,,,0,,,,0,,,0,,,0,,,0,,,0,,,0,,,0,,,0,,,0,,,0,,,0,,,0,,,0,,,0,,,0,,,0,,,0,,,0,32048.0
14558,60304,2020-05-21,,,,0,,,0,,,,0,,,0,,,0,,,0,,,0,,,0,,,0,,,0,,,0,,,0,,,0,,,0,,,0,,,0,,,0,,,0,,,0,,,0,17641.0
15062,60301,2020-05-22,21.0,164.0,,0,,,0,,0.0,0.0,0,11.0,0.0,0,23.0,0.0,0,36.0,7.0,0,28.0,0.0,0,27.0,6.0,0,18.0,0.0,0,14.0,0.0,0,7.0,0.0,0,,,0,,,0,,,0,,,0,,,0,,,0,,,0,,,0,,,0,2536.0
15063,60302,2020-05-22,186.0,1790.0,,0,,,0,,0.0,0.0,0,96.0,0.0,0,184.0,19.0,0,254.0,26.0,0,266.0,36.0,0,254.0,32.0,0,248.0,23.0,0,219.0,19.0,0,269.0,26.0,0,,,0,,,0,,,0,,,0,,,0,,,0,,,0,,,0,,,0,32048.0
15064,60304,2020-05-22,69.0,763.0,,0,,,0,,0.0,0.0,0,50.0,0.0,0,88.0,8.0,0,137.0,13.0,0,124.0,13.0,0,169.0,15.0,0,114.0,12.0,0,61.0,7.0,0,20.0,0.0,0,,,0,,,0,,,0,,,0,,,0,,,0,,,0,,,0,,,0,17641.0
15576,60301,2020-05-23,,,,0,,,0,,,,0,,,0,,,0,,,0,,,0,,,0,,,0,,,0,,,0,,,0,,,0,,,0,,,0,,,0,,,0,,,0,,,0,,,0,2536.0
15577,60302,2020-05-23,,,,0,,,0,,,,0,,,0,,,0,,,0,,,0,,,0,,,0,,,0,,,0,,,0,,,0,,,0,,,0,,,0,,,0,,,0,,,0,,,0,32048.0
15578,60304,2020-05-23,,,,0,,,0,,,,0,,,0,,,0,,,0,,,0,,,0,,,0,,,0,,,0,,,0,,,0,,,0,,,0,,,0,,,0,,,0,,,0,,,0,17641.0
16090,60301,2020-05-24,,,,0,,,0,,,,0,,,0,,,0,,,0,,,0,,,0,,,0,,,0,,,0,,,0,,,0,,,0,,,0,,,0,,,0,,,0,,,0,,,0,2536.0
16091,60302,2020-05-24,,,,0,,,0,,,,0,,,0,,,0,,,0,,,0,,,0,,,0,,,0,,,0,,,0,,,0,,,0,,,0,,,0,,,0,,,0,,,0,,,0,32048.0
16092,60304,2020-05-24,,,,0,,,0,,,,0,,,0,,,0,,,0,,,0,,,0,,,0,,,0,,,0,,,0,,,0,,,0,,,0,,,0,,,0,,,0,,,0,,,0,17641.0
16604,60301,2020-05-25,22.0,178.0,,0,,,0,,0.0,0.0,0,13.0,0.0,0,26.0,0.0,0,39.0,8.0,0,28.0,0.0,0,29.0,6.0,0,20.0,0.0,0,14.0,0.0,0,9.0,0.0,0,,,0,,,0,,,0,,,0,,,0,,,0,,,0,,,0,,,0,2536.0
16605,60302,2020-05-25,196.0,1923.0,,0,,,0,,0.0,0.0,0,108.0,6.0,0,201.0,21.0,0,276.0,26.0,0,290.0,38.0,0,277.0,34.0,0,258.0,24.0,0,235.0,20.0,0,278.0,27.0,0,,,0,,,0,,,0,,,0,,,0,,,0,,,0,,,0,,,0,32048.0
16606,60304,2020-05-25,69.0,819.0,,0,,,0,,0.0,0.0,0,54.0,0.0,0,93.0,8.0,0,148.0,13.0,0,131.0,14.0,0,181.0,15.0,0,128.0,11.0,0,63.0,7.0,0,21.0,0.0,0,,,0,,,0,,,0,,,0,,,0,,,0,,,0,,,0,,,0,17641.0
17125,60301,2020-05-26,,,,0,,,0,,,,0,,,0,,,0,,,0,,,0,,,0,,,0,,,0,,,0,,,0,,,0,,,0,,,0,,,0,,,0,,,0,,,0,,,0,2536.0
17126,60302,2020-05-26,,,,0,,,0,,,,0,,,0,,,0,,,0,,,0,,,0,,,0,,,0,,,0,,,0,,,0,,,0,,,0,,,0,,,0,,,0,,,0,,,0,32048.0
17127,60304,2020-05-26,,,,0,,,0,,,,0,,,0,,,0,,,0,,,0,,,0,,,0,,,0,,,0,,,0,,,0,,,0,,,0,,,0,,,0,,,0,,,0,,,0,17641.0
17646,60301,2020-05-27,,,,0,,,0,,,,0,,,0,,,0,,,0,,,0,,,0,,,0,,,0,,,0,,,0,,,0,,,0,,,0,,,0,,,0,,,0,,,0,,,0,2536.0
17647,60302,2020-05-27,,,,0,,,0,,,,0,,,0,,,0,,,0,,,0,,,0,,,0,,,0,,,0,,,0,,,0,,,0,,,0,,,0,,,0,,,0,,,0,,,0,32048.0
17648,60304,2020-05-27,,,,0,,,0,,,,0,,,0,,,0,,,0,,,0,,,0,,,0,,,0,,,0,,,0,,,0,,,0,,,0,,,0,,,0,,,0,,,0,,,0,17641.0
18167,60301,2020-05-28,,,,0,,,0,,,,0,,,0,,,0,,,0,,,0,,,0,,,0,,,0,,,0,,,0,,,0,,,0,,,0,,,0,,,0,,,0,,,0,,,0,2536.0
18168,60302,2020-05-28,,,,0,,,0,,,,0,,,0,,,0,,,0,,,0,,,0,,,0,,,0,,,0,,,0,,,0,,,0,,,0,,,0,,,0,,,0,,,0,,,0,32048.0
18169,60304,2020-05-28,,,,0,,,0,,,,0,,,0,,,0,,,0,,,0,,,0,,,0,,,0,,,0,,,0,,,0,,,0,,,0,,,0,,,0,,,0,,,0,,,0,17641.0
18688,60301,2020-05-29,22.0,195.0,,0,,,0,,0.0,0.0,0,15.0,0.0,0,28.0,0.0,0,45.0,8.0,0,28.0,0.0,0,31.0,6.0,0,21.0,0.0,0,17.0,0.0,0,10.0,0.0,0,,,0,,,0,,,0,,,0,,,0,,,0,,,0,,,0,,,0,2536.0
18689,60302,2020-05-29,202.0,2084.0,,0,,,0,,0.0,0.0,0,114.0,6.0,0,223.0,24.0,0,294.0,26.0,0,310.0,38.0,0,301.0,35.0,0,290.0,26.0,0,263.0,20.0,0,289.0,27.0,0,,,0,,,0,,,0,,,0,,,0,,,0,,,0,,,0,,,0,32048.0
18690,60304,2020-05-29,70.0,871.0,,0,,,0,,0.0,0.0,0,64.0,0.0,0,97.0,8.0,0,151.0,13.0,0,141.0,14.0,0,191.0,15.0,0,136.0,12.0,0,69.0,7.0,0,22.0,0.0,0,,,0,,,0,,,0,,,0,,,0,,,0,,,0,,,0,,,0,17641.0
19212,60301,2020-05-30,,,,0,,,0,,,,0,,,0,,,0,,,0,,,0,,,0,,,0,,,0,,,0,,,0,,,0,,,0,,,0,,,0,,,0,,,0,,,0,,,0,2536.0
19213,60302,2020-05-30,,,,0,,,0,,,,0,,,0,,,0,,,0,,,0,,,0,,,0,,,0,,,0,,,0,,,0,,,0,,,0,,,0,,,0,,,0,,,0,,,0,32048.0
19214,60304,2020-05-30,,,,0,,,0,,,,0,,,0,,,0,,,0,,,0,,,0,,,0,,,0,,,0,,,0,,,0,,,0,,,0,,,0,,,0,,,0,,,0,,,0,17641.0
19736,60301,2020-05-31,23.0,200.0,,0,,,0,,0.0,0.0,0,15.0,0.0,0,28.0,0.0,0,46.0,8.0,0,28.0,0.0,0,33.0,7.0,0,22.0,0.0,0,18.0,0.0,0,10.0,0.0,0,,,0,,,0,,,0,,,0,,,0,,,0,,,0,,,0,,,0,2536.0
19737,60302,2020-05-31,203.0,2165.0,,0,,,0,,0.0,0.0,0,118.0,6.0,0,228.0,24.0,0,305.0,26.0,0,320.0,38.0,0,317.0,35.0,0,305.0,26.0,0,276.0,21.0,0,296.0,27.0,0,,,0,,,0,,,0,,,0,,,0,,,0,,,0,,,0,,,0,32048.0
19738,60304,2020-05-31,72.0,904.0,,0,,,0,,0.0,0.0,0,65.0,0.0,0,103.0,10.0,0,154.0,13.0,0,143.0,14.0,0,201.0,15.0,0,141.0,12.0,0,71.0,7.0,0,26.0,0.0,0,,,0,,,0,,,0,,,0,,,0,,,0,,,0,,,0,,,0,17641.0
20264,60301,2020-06-01,23.0,203.0,,0,,,0,,0.0,0.0,0,15.0,0.0,0,29.0,0.0,0,46.0,8.0,0,29.0,0.0,0,33.0,7.0,0,22.0,0.0,0,19.0,0.0,0,10.0,0.0,0,,,0,,,0,,,0,,,0,,,0,,,0,,,0,,,0,,,0,2536.0
20265,60302,2020-06-01,203.0,2210.0,,0,,,0,,0.0,0.0,0,121.0,6.0,0,230.0,24.0,0,310.0,26.0,0,328.0,38.0,0,325.0,35.0,0,317.0,26.0,0,281.0,21.0,0,298.0,27.0,0,,,0,,,0,,,0,,,0,,,0,,,0,,,0,,,0,,,0,32048.0
20266,60304,2020-06-01,72.0,926.0,,0,,,0,,0.0,0.0,0,67.0,0.0,0,104.0,10.0,0,157.0,13.0,0,149.0,14.0,0,205.0,15.0,0,147.0,12.0,0,71.0,7.0,0,26.0,0.0,0,,,0,,,0,,,0,,,0,,,0,,,0,,,0,,,0,,,0,17641.0
20792,60301,2020-06-02,,,,0,,,0,,,,0,,,0,,,0,,,0,,,0,,,0,,,0,,,0,,,0,,,0,,,0,,,0,,,0,,,0,,,0,,,0,,,0,,,0,2536.0
20793,60302,2020-06-02,,,,0,,,0,,,,0,,,0,,,0,,,0,,,0,,,0,,,0,,,0,,,0,,,0,,,0,,,0,,,0,,,0,,,0,,,0,,,0,,,0,32048.0
20794,60304,2020-06-02,,,,0,,,0,,,,0,,,0,,,0,,,0,,,0,,,0,,,0,,,0,,,0,,,0,,,0,,,0,,,0,,,0,,,0,,,0,,,0,,,0,17641.0
21320,60301,2020-06-03,25.0,214.0,,0,,,0,,0.0,0.0,0,15.0,0.0,0,32.0,0.0,0,49.0,8.0,0,30.0,0.0,0,33.0,7.0,0,25.0,0.0,0,20.0,0.0,0,10.0,0.0,0,,,0,,,0,,,0,,,0,,,0,,,0,,,0,,,0,,,0,2536.0
21321,60302,2020-06-03,204.0,2303.0,,0,,,0,,0.0,0.0,0,123.0,6.0,0,237.0,24.0,0,322.0,26.0,0,345.0,38.0,0,341.0,35.0,0,335.0,26.0,0,294.0,21.0,0,306.0,28.0,0,,,0,,,0,,,0,,,0,,,0,,,0,,,0,,,0,,,0,32048.0
21322,60304,2020-06-03,73.0,962.0,,0,,,0,,0.0,0.0,0,71.0,0.0,0,106.0,11.0,0,161.0,13.0,0,158.0,14.0,0,208.0,15.0,0,154.0,12.0,0,76.0,7.0,0,28.0,0.0,0,,,0,,,0,,,0,,,0,,,0,,,0,,,0,,,0,,,0,17641.0
21853,60301,2020-06-04,,,,0,,,0,,,,0,,,0,,,0,,,0,,,0,,,0,,,0,,,0,,,0,,,0,,,0,,,0,,,0,,,0,,,0,,,0,,,0,,,0,2536.0
21854,60302,2020-06-04,,,,0,,,0,,,,0,,,0,,,0,,,0,,,0,,,0,,,0,,,0,,,0,,,0,,,0,,,0,,,0,,,0,,,0,,,0,,,0,,,0,32048.0
21855,60304,2020-06-04,,,,0,,,0,,,,0,,,0,,,0,,,0,,,0,,,0,,,0,,,0,,,0,,,0,,,0,,,0,,,0,,,0,,,0,,,0,,,0,,,0,17641.0
22386,60301,2020-06-05,,,,0,,,0,,,,0,,,0,,,0,,,0,,,0,,,0,,,0,,,0,,,0,,,0,,,0,,,0,,,0,,,0,,,0,,,0,,,0,,,0,2536.0
22387,60302,2020-06-05,,,,0,,,0,,,,0,,,0,,,0,,,0,,,0,,,0,,,0,,,0,,,0,,,0,,,0,,,0,,,0,,,0,,,0,,,0,,,0,,,0,32048.0
22388,60304,2020-06-05,,,,0,,,0,,,,0,,,0,,,0,,,0,,,0,,,0,,,0,,,0,,,0,,,0,,,0,,,0,,,0,,,0,,,0,,,0,,,0,,,0,17641.0
22919,60301,2020-06-06,,,,0,,,0,,,,0,,,0,,,0,,,0,,,0,,,0,,,0,,,0,,,0,,,0,,,0,,,0,,,0,,,0,,,0,,,0,,,0,,,0,2536.0
22920,60302,2020-06-06,,,,0,,,0,,,,0,,,0,,,0,,,0,,,0,,,0,,,0,,,0,,,0,,,0,,,0,,,0,,,0,,,0,,,0,,,0,,,0,,,0,32048.0
22921,60304,2020-06-06,,,,0,,,0,,,,0,,,0,,,0,,,0,,,0,,,0,,,0,,,0,,,0,,,0,,,0,,,0,,,0,,,0,,,0,,,0,,,0,,,0,17641.0
23452,60301,2020-06-07,,,,0,,,0,,,,0,,,0,,,0,,,0,,,0,,,0,,,0,,,0,,,0,,,0,,,0,,,0,,,0,,,0,,,0,,,0,,,0,,,0,2536.0
23453,60302,2020-06-07,,,,0,,,0,,,,0,,,0,,,0,,,0,,,0,,,0,,,0,,,0,,,0,,,0,,,0,,,0,,,0,,,0,,,0,,,0,,,0,,,0,32048.0
23454,60304,2020-06-07,,,,0,,,0,,,,0,,,0,,,0,,,0,,,0,,,0,,,0,,,0,,,0,,,0,,,0,,,0,,,0,,,0,,,0,,,0,,,0,,,0,17641.0
23985,60301,2020-06-08,25.0,227.0,,0,,,0,,0.0,0.0,0,15.0,0.0,0,34.0,0.0,0,50.0,8.0,0,31.0,0.0,0,35.0,7.0,0,26.0,0.0,0,25.0,0.0,0,11.0,0.0,0,,,0,,,0,,,0,,,0,,,0,,,0,,,0,,,0,,,0,2536.0
23986,60302,2020-06-08,211.0,2564.0,,0,,,0,,0.0,0.0,0,143.0,7.0,0,270.0,24.0,0,362.0,28.0,0,381.0,39.0,0,390.0,38.0,0,371.0,26.0,0,326.0,21.0,0,321.0,28.0,0,,,0,,,0,,,0,,,0,,,0,,,0,,,0,,,0,,,0,32048.0
23987,60304,2020-06-08,73.0,1066.0,,0,,,0,,0.0,0.0,0,80.0,0.0,0,117.0,11.0,0,180.0,13.0,0,172.0,14.0,0,224.0,15.0,0,174.0,12.0,0,88.0,7.0,0,31.0,0.0,0,,,0,,,0,,,0,,,0,,,0,,,0,,,0,,,0,,,0,17641.0
24524,60301,2020-06-09,,,,0,,,0,,,,0,,,0,,,0,,,0,,,0,,,0,,,0,,,0,,,0,,,0,,,0,,,0,,,0,,,0,,,0,,,0,,,0,,,0,2536.0
24525,60302,2020-06-09,,,,0,,,0,,,,0,,,0,,,0,,,0,,,0,,,0,,,0,,,0,,,0,,,0,,,0,,,0,,,0,,,0,,,0,,,0,,,0,,,0,32048.0
24526,60304,2020-06-09,,,,0,,,0,,,,0,,,0,,,0,,,0,,,0,,,0,,,0,,,0,,,0,,,0,,,0,,,0,,,0,,,0,,,0,,,0,,,0,,,0,17641.0
25063,60301,2020-06-10,25.0,238.0,,0,,,0,,0.0,0.0,0,16.0,0.0,0,37.0,0.0,0,52.0,8.0,0,32.0,0.0,0,36.0,7.0,0,26.0,0.0,0,26.0,0.0,0,13.0,0.0,0,,,0,,,0,,,0,,,0,,,0,,,0,,,0,,,0,,,0,2536.0
25064,60302,2020-06-10,213.0,2654.0,,0,,,0,,0.0,0.0,0,147.0,7.0,0,283.0,24.0,0,374.0,27.0,0,390.0,39.0,0,412.0,38.0,0,382.0,28.0,0,340.0,21.0,0,326.0,29.0,0,,,0,,,0,,,0,,,0,,,0,,,0,,,0,,,0,,,0,32048.0
25065,60304,2020-06-10,75.0,1108.0,,0,,,0,,0.0,0.0,0,81.0,0.0,0,120.0,11.0,0,187.0,14.0,0,180.0,15.0,0,232.0,15.0,0,183.0,12.0,0,94.0,7.0,0,31.0,0.0,0,,,0,,,0,,,0,,,0,,,0,,,0,,,0,,,0,,,0,17641.0
25602,60301,2020-06-11,,,,0,,,0,,,,0,,,0,,,0,,,0,,,0,,,0,,,0,,,0,,,0,,,0,,,0,,,0,,,0,,,0,,,0,,,0,,,0,,,0,2536.0
25603,60302,2020-06-11,,,,0,,,0,,,,0,,,0,,,0,,,0,,,0,,,0,,,0,,,0,,,0,,,0,,,0,,,0,,,0,,,0,,,0,,,0,,,0,,,0,32048.0
25604,60304,2020-06-11,,,,0,,,0,,,,0,,,0,,,0,,,0,,,0,,,0,,,0,,,0,,,0,,,0,,,0,,,0,,,0,,,0,,,0,,,0,,,0,,,0,17641.0
26141,60301,2020-06-12,25.0,244.0,,0,,,0,,0.0,0.0,0,16.0,0.0,0,37.0,0.0,0,53.0,8.0,0,33.0,0.0,0,39.0,7.0,0,27.0,0.0,0,26.0,0.0,0,13.0,0.0,0,,,0,,,0,,,0,,,0,,,0,,,0,,,0,,,0,,,0,2536.0
26142,60302,2020-06-12,215.0,2764.0,,0,,,0,,0.0,0.0,0,159.0,8.0,0,300.0,25.0,0,386.0,27.0,0,403.0,39.0,0,430.0,38.0,0,393.0,28.0,0,362.0,21.0,0,331.0,29.0,0,,,0,,,0,,,0,,,0,,,0,,,0,,,0,,,0,,,0,32048.0
26143,60304,2020-06-12,75.0,1158.0,,0,,,0,,0.0,0.0,0,88.0,0.0,0,126.0,11.0,0,192.0,14.0,0,189.0,15.0,0,242.0,15.0,0,190.0,12.0,0,97.0,7.0,0,34.0,0.0,0,,,0,,,0,,,0,,,0,,,0,,,0,,,0,,,0,,,0,17641.0
26685,60301,2020-06-13,,,,0,,,0,,,,0,,,0,,,0,,,0,,,0,,,0,,,0,,,0,,,0,,,0,,,0,,,0,,,0,,,0,,,0,,,0,,,0,,,0,2536.0
26686,60302,2020-06-13,,,,0,,,0,,,,0,,,0,,,0,,,0,,,0,,,0,,,0,,,0,,,0,,,0,,,0,,,0,,,0,,,0,,,0,,,0,,,0,,,0,32048.0
26687,60304,2020-06-13,,,,0,,,0,,,,0,,,0,,,0,,,0,,,0,,,0,,,0,,,0,,,0,,,0,,,0,,,0,,,0,,,0,,,0,,,0,,,0,,,0,17641.0
27229,60301,2020-06-14,,,,0,,,0,,,,0,,,0,,,0,,,0,,,0,,,0,,,0,,,0,,,0,,,0,,,0,,,0,,,0,,,0,,,0,,,0,,,0,,,0,2536.0
27230,60302,2020-06-14,,,,0,,,0,,,,0,,,0,,,0,,,0,,,0,,,0,,,0,,,0,,,0,,,0,,,0,,,0,,,0,,,0,,,0,,,0,,,0,,,0,32048.0
27231,60304,2020-06-14,,,,0,,,0,,,,0,,,0,,,0,,,0,,,0,,,0,,,0,,,0,,,0,,,0,,,0,,,0,,,0,,,0,,,0,,,0,,,0,,,0,17641.0
27773,60301,2020-06-15,27.0,275.0,,0,,,0,,0.0,0.0,0,35.0,0.0,0,38.0,0.0,0,56.0,8.0,0,39.0,0.0,0,40.0,7.0,0,27.0,0.0,0,27.0,0.0,0,13.0,0.0,0,,,0,,,0,,,0,,,0,,,0,,,0,,,0,,,0,,,0,2536.0
27774,60302,2020-06-15,214.0,2946.0,,0,,,0,,0.0,0.0,0,172.0,8.0,0,336.0,25.0,0,412.0,27.0,0,433.0,39.0,0,451.0,37.0,0,419.0,28.0,0,382.0,21.0,0,341.0,29.0,0,,,0,,,0,,,0,,,0,,,0,,,0,,,0,,,0,,,0,32048.0
27775,60304,2020-06-15,80.0,1231.0,,0,,,0,,0.0,0.0,0,99.0,0.0,0,134.0,11.0,0,202.0,15.0,0,209.0,17.0,0,255.0,15.0,0,197.0,13.0,0,99.0,7.0,0,36.0,0.0,0,,,0,,,0,,,0,,,0,,,0,,,0,,,0,,,0,,,0,17641.0
28323,60301,2020-06-16,,,,0,,,0,,,,0,,,0,,,0,,,0,,,0,,,0,,,0,,,0,,,0,,,0,,,0,,,0,,,0,,,0,,,0,,,0,,,0,,,0,2536.0
28324,60302,2020-06-16,,,,0,,,0,,,,0,,,0,,,0,,,0,,,0,,,0,,,0,,,0,,,0,,,0,,,0,,,0,,,0,,,0,,,0,,,0,,,0,,,0,32048.0
28325,60304,2020-06-16,,,,0,,,0,,,,0,,,0,,,0,,,0,,,0,,,0,,,0,,,0,,,0,,,0,,,0,,,0,,,0,,,0,,,0,,,0,,,0,,,0,17641.0
28873,60301,2020-06-17,,,,0,,,0,,,,0,,,0,,,0,,,0,,,0,,,0,,,0,,,0,,,0,,,0,,,0,,,0,,,0,,,0,,,0,,,0,,,0,,,0,2536.0
28874,60302,2020-06-17,,,,0,,,0,,,,0,,,0,,,0,,,0,,,0,,,0,,,0,,,0,,,0,,,0,,,0,,,0,,,0,,,0,,,0,,,0,,,0,,,0,32048.0
28875,60304,2020-06-17,,,,0,,,0,,,,0,,,0,,,0,,,0,,,0,,,0,,,0,,,0,,,0,,,0,,,0,,,0,,,0,,,0,,,0,,,0,,,0,,,0,17641.0
29423,60301,2020-06-18,27.0,292.0,,0,,,0,,0.0,0.0,0,40.0,0.0,0,39.0,0.0,0,59.0,8.0,0,40.0,0.0,0,42.0,7.0,0,30.0,0.0,0,29.0,0.0,0,13.0,0.0,0,,,0,,,0,,,0,,,0,,,0,,,0,,,0,,,0,,,0,2536.0
29424,60302,2020-06-18,219.0,3099.0,,0,,,0,,0.0,0.0,0,183.0,8.0,0,362.0,27.0,0,437.0,28.0,0,450.0,39.0,0,475.0,38.0,0,443.0,28.0,0,399.0,22.0,0,350.0,29.0,0,,,0,,,0,,,0,,,0,,,0,,,0,,,0,,,0,,,0,32048.0
29425,60304,2020-06-18,79.0,1313.0,,0,,,0,,0.0,0.0,0,106.0,0.0,0,145.0,11.0,0,216.0,15.0,0,230.0,17.0,0,264.0,15.0,0,211.0,13.0,0,103.0,7.0,0,38.0,0.0,0,,,0,,,0,,,0,,,0,,,0,,,0,,,0,,,0,,,0,17641.0
29979,60301,2020-06-19,,,,0,,,0,,,,0,,,0,,,0,,,0,,,0,,,0,,,0,,,0,,,0,,,0,,,0,,,0,,,0,,,0,,,0,,,0,,,0,,,0,2536.0
29980,60302,2020-06-19,,,,0,,,0,,,,0,,,0,,,0,,,0,,,0,,,0,,,0,,,0,,,0,,,0,,,0,,,0,,,0,,,0,,,0,,,0,,,0,,,0,32048.0
29981,60304,2020-06-19,,,,0,,,0,,,,0,,,0,,,0,,,0,,,0,,,0,,,0,,,0,,,0,,,0,,,0,,,0,,,0,,,0,,,0,,,0,,,0,,,0,17641.0
30535,60301,2020-06-20,,,,0,,,0,,,,0,,,0,,,0,,,0,,,0,,,0,,,0,,,0,,,0,,,0,,,0,,,0,,,0,,,0,,,0,,,0,,,0,,,0,2536.0
30536,60302,2020-06-20,,,,0,,,0,,,,0,,,0,,,0,,,0,,,0,,,0,,,0,,,0,,,0,,,0,,,0,,,0,,,0,,,0,,,0,,,0,,,0,,,0,32048.0
30537,60304,2020-06-20,,,,0,,,0,,,,0,,,0,,,0,,,0,,,0,,,0,,,0,,,0,,,0,,,0,,,0,,,0,,,0,,,0,,,0,,,0,,,0,,,0,17641.0
31091,60301,2020-06-21,,,,0,,,0,,,,0,,,0,,,0,,,0,,,0,,,0,,,0,,,0,,,0,,,0,,,0,,,0,,,0,,,0,,,0,,,0,,,0,,,0,2536.0
31092,60302,2020-06-21,,,,0,,,0,,,,0,,,0,,,0,,,0,,,0,,,0,,,0,,,0,,,0,,,0,,,0,,,0,,,0,,,0,,,0,,,0,,,0,,,0,32048.0
31093,60304,2020-06-21,,,,0,,,0,,,,0,,,0,,,0,,,0,,,0,,,0,,,0,,,0,,,0,,,0,,,0,,,0,,,0,,,0,,,0,,,0,,,0,,,0,17641.0
31647,60301,2020-06-22,,,,0,,,0,,,,0,,,0,,,0,,,0,,,0,,,0,,,0,,,0,,,0,,,0,,,0,,,0,,,0,,,0,,,0,,,0,,,0,,,0,2536.0
31648,60302,2020-06-22,,,,0,,,0,,,,0,,,0,,,0,,,0,,,0,,,0,,,0,,,0,,,0,,,0,,,0,,,0,,,0,,,0,,,0,,,0,,,0,,,0,32048.0
31649,60304,2020-06-22,,,,0,,,0,,,,0,,,0,,,0,,,0,,,0,,,0,,,0,,,0,,,0,,,0,,,0,,,0,,,0,,,0,,,0,,,0,,,0,,,0,17641.0
32203,60301,2020-06-23,28.0,317.0,,0,,,0,,0.0,0.0,0,41.0,0.0,0,46.0,6.0,0,64.0,8.0,0,42.0,0.0,0,46.0,7.0,0,33.0,0.0,0,31.0,0.0,0,14.0,0.0,0,,,0,,,0,,,0,,,0,,,0,,,0,,,0,,,0,,,0,2536.0
32204,60302,2020-06-23,222.0,3418.0,,0,,,0,,0.0,0.0,0,220.0,8.0,0,407.0,29.0,0,488.0,28.0,0,499.0,40.0,0,527.0,37.0,0,484.0,28.0,0,427.0,23.0,0,366.0,29.0,0,,,0,,,0,,,0,,,0,,,0,,,0,,,0,,,0,,,0,32048.0
32205,60304,2020-06-23,80.0,1436.0,,0,,,0,,0.0,0.0,0,120.0,0.0,0,156.0,11.0,0,234.0,15.0,0,257.0,17.0,0,285.0,15.0,0,232.0,13.0,0,112.0,7.0,0,40.0,0.0,0,,,0,,,0,,,0,,,0,,,0,,,0,,,0,,,0,,,0,17641.0
32770,60301,2020-06-24,,,,0,,,0,,,,0,,,0,,,0,,,0,,,0,,,0,,,0,,,0,,,0,,,0,,,0,,,0,,,0,,,0,,,0,,,0,,,0,,,0,2536.0
32771,60302,2020-06-24,,,,0,,,0,,,,0,,,0,,,0,,,0,,,0,,,0,,,0,,,0,,,0,,,0,,,0,,,0,,,0,,,0,,,0,,,0,,,0,,,0,32048.0
32772,60304,2020-06-24,,,,0,,,0,,,,0,,,0,,,0,,,0,,,0,,,0,,,0,,,0,,,0,,,0,,,0,,,0,,,0,,,0,,,0,,,0,,,0,,,0,17641.0
33337,60301,2020-06-25,,,,0,,,0,,,,0,,,0,,,0,,,0,,,0,,,0,,,0,,,0,,,0,,,0,,,0,,,0,,,0,,,0,,,0,,,0,,,0,,,0,2536.0
33338,60302,2020-06-25,,,,0,,,0,,,,0,,,0,,,0,,,0,,,0,,,0,,,0,,,0,,,0,,,0,,,0,,,0,,,0,,,0,,,0,,,0,,,0,,,0,32048.0
33339,60304,2020-06-25,,,,0,,,0,,,,0,,,0,,,0,,,0,,,0,,,0,,,0,,,0,,,0,,,0,,,0,,,0,,,0,,,0,,,0,,,0,,,0,,,0,17641.0
33904,60301,2020-06-26,29.0,342.0,,0,,,0,,0.0,0.0,0,42.0,0.0,0,55.0,7.0,0,69.0,8.0,0,46.0,0.0,0,49.0,7.0,0,35.0,0.0,0,32.0,0.0,0,14.0,0.0,0,,,0,,,0,,,0,,,0,,,0,,,0,,,0,,,0,,,0,2536.0
33905,60302,2020-06-26,224.0,3651.0,,0,,,0,,0.0,0.0,0,234.0,8.0,0,440.0,30.0,0,530.0,29.0,0,531.0,40.0,0,570.0,37.0,0,519.0,28.0,0,451.0,24.0,0,376.0,28.0,0,,,0,,,0,,,0,,,0,,,0,,,0,,,0,,,0,,,0,32048.0
33906,60304,2020-06-26,82.0,1534.0,,0,,,0,,0.0,0.0,0,127.0,0.0,0,172.0,11.0,0,251.0,16.0,0,273.0,17.0,0,307.0,15.0,0,238.0,13.0,0,119.0,7.0,0,47.0,0.0,0,,,0,,,0,,,0,,,0,,,0,,,0,,,0,,,0,,,0,17641.0
34478,60301,2020-06-27,,,,0,,,0,,,,0,,,0,,,0,,,0,,,0,,,0,,,0,,,0,,,0,,,0,,,0,,,0,,,0,,,0,,,0,,,0,,,0,,,0,2536.0
34479,60302,2020-06-27,,,,0,,,0,,,,0,,,0,,,0,,,0,,,0,,,0,,,0,,,0,,,0,,,0,,,0,,,0,,,0,,,0,,,0,,,0,,,0,,,0,32048.0
34480,60304,2020-06-27,,,,0,,,0,,,,0,,,0,,,0,,,0,,,0,,,0,,,0,,,0,,,0,,,0,,,0,,,0,,,0,,,0,,,0,,,0,,,0,,,0,17641.0
35052,60301,2020-06-28,,,,0,,,0,,,,0,,,0,,,0,,,0,,,0,,,0,,,0,,,0,,,0,,,0,,,0,,,0,,,0,,,0,,,0,,,0,,,0,,,0,2536.0
35053,60302,2020-06-28,,,,0,,,0,,,,0,,,0,,,0,,,0,,,0,,,0,,,0,,,0,,,0,,,0,,,0,,,0,,,0,,,0,,,0,,,0,,,0,,,0,32048.0
35054,60304,2020-06-28,,,,0,,,0,,,,0,,,0,,,0,,,0,,,0,,,0,,,0,,,0,,,0,,,0,,,0,,,0,,,0,,,0,,,0,,,0,,,0,,,0,17641.0
35626,60301,2020-06-29,,,,0,,,0,,,,0,,,0,,,0,,,0,,,0,,,0,,,0,,,0,,,0,,,0,,,0,,,0,,,0,,,0,,,0,,,0,,,0,,,0,2536.0
35627,60302,2020-06-29,,,,0,,,0,,,,0,,,0,,,0,,,0,,,0,,,0,,,0,,,0,,,0,,,0,,,0,,,0,,,0,,,0,,,0,,,0,,,0,,,0,32048.0
35628,60304,2020-06-29,,,,0,,,0,,,,0,,,0,,,0,,,0,,,0,,,0,,,0,,,0,,,0,,,0,,,0,,,0,,,0,,,0,,,0,,,0,,,0,,,0,17641.0
36200,60301,2020-06-30,30.0,368.0,,0,,,0,,0.0,0.0,0,43.0,0.0,0,61.0,7.0,0,72.0,8.0,0,53.0,0.0,0,51.0,7.0,0,37.0,0.0,0,36.0,0.0,0,15.0,0.0,0,,,0,,,0,,,0,,,0,,,0,,,0,,,0,,,0,,,0,2536.0
36201,60302,2020-06-30,229.0,3989.0,,0,,,0,,0.0,0.0,0,262.0,9.0,0,465.0,30.0,0,581.0,31.0,0,588.0,41.0,0,630.0,38.0,0,569.0,28.0,0,490.0,24.0,0,404.0,28.0,0,,,0,,,0,,,0,,,0,,,0,,,0,,,0,,,0,,,0,32048.0
36202,60304,2020-06-30,86.0,1656.0,,0,,,0,,0.0,0.0,0,134.0,0.0,0,184.0,12.0,0,274.0,18.0,0,298.0,18.0,0,331.0,15.0,0,246.0,13.0,0,136.0,7.0,0,51.0,0.0,0,,,0,,,0,,,0,,,0,,,0,,,0,,,0,,,0,,,0,17641.0
36780,60301,2020-07-01,30.0,379.0,,0,,,0,,0.0,0.0,0,45.0,0.0,0,61.0,7.0,0,72.0,8.0,0,56.0,0.0,0,54.0,7.0,0,37.0,0.0,0,37.0,0.0,0,17.0,0.0,0,,,0,,,0,,,0,,,0,,,0,,,0,,,0,,,0,,,0,2536.0
36781,60302,2020-07-01,230.0,4076.0,,0,,,0,,0.0,0.0,0,270.0,9.0,0,481.0,30.0,0,597.0,31.0,0,602.0,41.0,0,645.0,38.0,0,577.0,28.0,0,498.0,25.0,0,406.0,28.0,0,,,0,,,0,,,0,,,0,,,0,,,0,,,0,,,0,,,0,32048.0
36782,60304,2020-07-01,86.0,1687.0,,0,,,0,,0.0,0.0,0,134.0,0.0,0,187.0,12.0,0,280.0,18.0,0,308.0,18.0,0,336.0,15.0,0,250.0,13.0,0,138.0,7.0,0,52.0,0.0,0,,,0,,,0,,,0,,,0,,,0,,,0,,,0,,,0,,,0,17641.0
37365,60301,2020-07-02,,,,0,,,0,,,,0,,,0,,,0,,,0,,,0,,,0,,,0,,,0,,,0,,,0,,,0,,,0,,,0,,,0,,,0,,,0,,,0,,,0,2536.0
37366,60302,2020-07-02,,,,0,,,0,,,,0,,,0,,,0,,,0,,,0,,,0,,,0,,,0,,,0,,,0,,,0,,,0,,,0,,,0,,,0,,,0,,,0,,,0,32048.0
37367,60304,2020-07-02,,,,0,,,0,,,,0,,,0,,,0,,,0,,,0,,,0,,,0,,,0,,,0,,,0,,,0,,,0,,,0,,,0,,,0,,,0,,,0,,,0,17641.0
37950,60301,2020-07-03,,,,0,,,0,,,,0,,,0,,,0,,,0,,,0,,,0,,,0,,,0,,,0,,,0,,,0,,,0,,,0,,,0,,,0,,,0,,,0,,,0,2536.0
37951,60302,2020-07-03,,,,0,,,0,,,,0,,,0,,,0,,,0,,,0,,,0,,,0,,,0,,,0,,,0,,,0,,,0,,,0,,,0,,,0,,,0,,,0,,,0,32048.0
37952,60304,2020-07-03,,,,0,,,0,,,,0,,,0,,,0,,,0,,,0,,,0,,,0,,,0,,,0,,,0,,,0,,,0,,,0,,,0,,,0,,,0,,,0,,,0,17641.0
38535,60301,2020-07-04,,,,0,,,0,,,,0,,,0,,,0,,,0,,,0,,,0,,,0,,,0,,,0,,,0,,,0,,,0,,,0,,,0,,,0,,,0,,,0,,,0,2536.0
38536,60302,2020-07-04,,,,0,,,0,,,,0,,,0,,,0,,,0,,,0,,,0,,,0,,,0,,,0,,,0,,,0,,,0,,,0,,,0,,,0,,,0,,,0,,,0,32048.0
38537,60304,2020-07-04,,,,0,,,0,,,,0,,,0,,,0,,,0,,,0,,,0,,,0,,,0,,,0,,,0,,,0,,,0,,,0,,,0,,,0,,,0,,,0,,,0,17641.0
39120,60301,2020-07-05,,,,0,,,0,,,,0,,,0,,,0,,,0,,,0,,,0,,,0,,,0,,,0,,,0,,,0,,,0,,,0,,,0,,,0,,,0,,,0,,,0,2536.0
39121,60302,2020-07-05,,,,0,,,0,,,,0,,,0,,,0,,,0,,,0,,,0,,,0,,,0,,,0,,,0,,,0,,,0,,,0,,,0,,,0,,,0,,,0,,,0,32048.0
39122,60304,2020-07-05,,,,0,,,0,,,,0,,,0,,,0,,,0,,,0,,,0,,,0,,,0,,,0,,,0,,,0,,,0,,,0,,,0,,,0,,,0,,,0,,,0,17641.0
39705,60301,2020-07-06,,,,0,,,0,,,,0,,,0,,,0,,,0,,,0,,,0,,,0,,,0,,,0,,,0,,,0,,,0,,,0,,,0,,,0,,,0,,,0,,,0,2536.0
39706,60302,2020-07-06,,,,0,,,0,,,,0,,,0,,,0,,,0,,,0,,,0,,,0,,,0,,,0,,,0,,,0,,,0,,,0,,,0,,,0,,,0,,,0,,,0,32048.0
39707,60304,2020-07-06,,,,0,,,0,,,,0,,,0,,,0,,,0,,,0,,,0,,,0,,,0,,,0,,,0,,,0,,,0,,,0,,,0,,,0,,,0,,,0,,,0,17641.0
40290,60301,2020-07-07,,,,0,,,0,,,,0,,,0,,,0,,,0,,,0,,,0,,,0,,,0,,,0,,,0,,,0,,,0,,,0,,,0,,,0,,,0,,,0,,,0,2536.0
40291,60302,2020-07-07,,,,0,,,0,,,,0,,,0,,,0,,,0,,,0,,,0,,,0,,,0,,,0,,,0,,,0,,,0,,,0,,,0,,,0,,,0,,,0,,,0,32048.0
40292,60304,2020-07-07,,,,0,,,0,,,,0,,,0,,,0,,,0,,,0,,,0,,,0,,,0,,,0,,,0,,,0,,,0,,,0,,,0,,,0,,,0,,,0,,,0,17641.0
40875,60301,2020-07-08,,,,0,,,0,,,,0,,,0,,,0,,,0,,,0,,,0,,,0,,,0,,,0,,,0,,,0,,,0,,,0,,,0,,,0,,,0,,,0,,,0,2536.0
40876,60302,2020-07-08,,,,0,,,0,,,,0,,,0,,,0,,,0,,,0,,,0,,,0,,,0,,,0,,,0,,,0,,,0,,,0,,,0,,,0,,,0,,,0,,,0,32048.0
40877,60304,2020-07-08,,,,0,,,0,,,,0,,,0,,,0,,,0,,,0,,,0,,,0,,,0,,,0,,,0,,,0,,,0,,,0,,,0,,,0,,,0,,,0,,,0,17641.0
41460,60301,2020-07-09,32.0,442.0,,0,,,0,,0.0,0.0,0,51.0,0.0,0,71.0,7.0,0,83.0,8.0,0,64.0,0.0,0,66.0,8.0,0,44.0,0.0,0,41.0,0.0,0,22.0,0.0,0,,,0,,,0,,,0,,,0,,,0,,,0,,,0,,,0,,,0,2536.0
41461,60302,2020-07-09,244.0,4755.0,,0,,,0,,0.0,0.0,0,352.0,14.0,0,575.0,31.0,0,701.0,34.0,0,705.0,44.0,0,756.0,38.0,0,671.0,29.0,0,561.0,26.0,0,434.0,28.0,0,,,0,,,0,,,0,,,0,,,0,,,0,,,0,,,0,,,0,32048.0
41462,60304,2020-07-09,87.0,2017.0,,0,,,0,,0.0,0.0,0,196.0,0.0,0,218.0,13.0,0,323.0,18.0,0,391.0,18.0,0,392.0,15.0,0,279.0,13.0,0,156.0,7.0,0,60.0,0.0,0,,,0,,,0,,,0,,,0,,,0,,,0,,,0,,,0,,,0,17641.0
42073,60301,2020-07-10,,,,0,,,0,,,,0,,,0,,,0,,,0,,,0,,,0,,,0,,,0,,,0,,,0,,,0,,,0,,,0,,,0,,,0,,,0,,,0,,,0,2536.0
42074,60302,2020-07-10,,,,0,,,0,,,,0,,,0,,,0,,,0,,,0,,,0,,,0,,,0,,,0,,,0,,,0,,,0,,,0,,,0,,,0,,,0,,,0,,,0,32048.0
42075,60304,2020-07-10,,,,0,,,0,,,,0,,,0,,,0,,,0,,,0,,,0,,,0,,,0,,,0,,,0,,,0,,,0,,,0,,,0,,,0,,,0,,,0,,,0,17641.0
42686,60301,2020-07-11,,,,0,,,0,,,,0,,,0,,,0,,,0,,,0,,,0,,,0,,,0,,,0,,,0,,,0,,,0,,,0,,,0,,,0,,,0,,,0,,,0,2536.0
42687,60302,2020-07-11,,,,0,,,0,,,,0,,,0,,,0,,,0,,,0,,,0,,,0,,,0,,,0,,,0,,,0,,,0,,,0,,,0,,,0,,,0,,,0,,,0,32048.0
42688,60304,2020-07-11,,,,0,,,0,,,,0,,,0,,,0,,,0,,,0,,,0,,,0,,,0,,,0,,,0,,,0,,,0,,,0,,,0,,,0,,,0,,,0,,,0,17641.0
43299,60301,2020-07-12,,,,0,,,0,,,,0,,,0,,,0,,,0,,,0,,,0,,,0,,,0,,,0,,,0,,,0,,,0,,,0,,,0,,,0,,,0,,,0,,,0,2536.0
43300,60302,2020-07-12,,,,0,,,0,,,,0,,,0,,,0,,,0,,,0,,,0,,,0,,,0,,,0,,,0,,,0,,,0,,,0,,,0,,,0,,,0,,,0,,,0,32048.0
43301,60304,2020-07-12,,,,0,,,0,,,,0,,,0,,,0,,,0,,,0,,,0,,,0,,,0,,,0,,,0,,,0,,,0,,,0,,,0,,,0,,,0,,,0,,,0,17641.0
43912,60301,2020-07-13,32.0,479.0,,0,,,0,,0.0,0.0,0,54.0,0.0,0,77.0,8.0,0,89.0,9.0,0,70.0,0.0,0,71.0,7.0,0,49.0,0.0,0,47.0,0.0,0,22.0,0.0,0,,,0,,,0,,,0,,,0,,,0,,,0,,,0,,,0,,,0,2536.0
43913,60302,2020-07-13,251.0,5241.0,,0,,,0,,0.0,0.0,0,423.0,17.0,0,645.0,32.0,0,758.0,35.0,0,780.0,44.0,0,837.0,39.0,0,729.0,30.0,0,607.0,26.0,0,461.0,28.0,0,,,0,,,0,,,0,,,0,,,0,,,0,,,0,,,0,,,0,32048.0
43914,60304,2020-07-13,91.0,2262.0,,0,,,0,,0.0,0.0,0,245.0,0.0,0,248.0,15.0,0,352.0,19.0,0,451.0,18.0,0,423.0,15.0,0,299.0,14.0,0,175.0,7.0,0,67.0,0.0,0,,,0,,,0,,,0,,,0,,,0,,,0,,,0,,,0,,,0,17641.0
44545,60301,2020-07-14,32.0,483.0,,0,,,0,,0.0,0.0,0,54.0,0.0,0,78.0,8.0,0,90.0,9.0,0,70.0,0.0,0,72.0,7.0,0,49.0,0.0,0,48.0,0.0,0,22.0,0.0,0,,,0,,,0,,,0,,,0,,,0,,,0,,,0,,,0,,,0,2536.0
44546,60302,2020-07-14,251.0,5284.0,,0,,,0,,0.0,0.0,0,427.0,17.0,0,651.0,32.0,0,768.0,35.0,0,780.0,44.0,0,847.0,39.0,0,735.0,30.0,0,612.0,26.0,0,463.0,28.0,0,,,0,,,0,,,0,,,0,,,0,,,0,,,0,,,0,,,0,32048.0
44547,60304,2020-07-14,91.0,2284.0,,0,,,0,,0.0,0.0,0,252.0,0.0,0,249.0,15.0,0,354.0,19.0,0,456.0,18.0,0,426.0,15.0,0,302.0,14.0,0,176.0,7.0,0,67.0,0.0,0,,,0,,,0,,,0,,,0,,,0,,,0,,,0,,,0,,,0,17641.0
45179,60301,2020-07-15,33.0,488.0,,0,,,0,,0.0,0.0,0,54.0,0.0,0,78.0,8.0,0,90.0,10.0,0,73.0,0.0,0,73.0,7.0,0,49.0,0.0,0,46.0,0.0,0,25.0,0.0,0,,,0,,,0,,,0,,,0,,,0,,,0,,,0,,,0,,,0,2536.0
45180,60302,2020-07-15,251.0,5397.0,,0,,,0,,0.0,0.0,0,440.0,17.0,0,664.0,32.0,0,783.0,35.0,0,799.0,44.0,0,869.0,39.0,0,755.0,30.0,0,618.0,26.0,0,468.0,28.0,0,,,0,,,0,,,0,,,0,,,0,,,0,,,0,,,0,,,0,32048.0
45181,60304,2020-07-15,92.0,2346.0,,0,,,0,,0.0,0.0,0,261.0,0.0,0,259.0,15.0,0,360.0,19.0,0,469.0,18.0,0,437.0,15.0,0,307.0,14.0,0,181.0,7.0,0,70.0,0.0,0,,,0,,,0,,,0,,,0,,,0,,,0,,,0,,,0,,,0,17641.0
45822,60301,2020-07-16,35.0,500.0,,0,,,0,,0.0,0.0,0,54.0,0.0,0,79.0,9.0,0,92.0,10.0,0,77.0,0.0,0,77.0,7.0,0,50.0,0.0,0,46.0,0.0,0,25.0,0.0,0,,,0,,,0,,,0,,,0,,,0,,,0,,,0,,,0,,,0,2536.0
45823,60302,2020-07-16,256.0,5507.0,,0,,,0,,0.0,0.0,0,456.0,17.0,0,677.0,32.0,0,810.0,35.0,0,809.0,46.0,0,889.0,40.0,0,764.0,30.0,0,629.0,26.0,0,472.0,30.0,0,,,0,,,0,,,0,,,0,,,0,,,0,,,0,,,0,,,0,32048.0
45824,60304,2020-07-16,92.0,2414.0,,0,,,0,,0.0,0.0,0,273.0,0.0,0,268.0,15.0,0,367.0,19.0,0,478.0,18.0,0,451.0,15.0,0,317.0,14.0,0,183.0,7.0,0,75.0,0.0,0,,,0,,,0,,,0,,,0,,,0,,,0,,,0,,,0,,,0,17641.0
46468,60301,2020-07-17,36.0,505.0,,0,,,0,,0.0,0.0,0,54.0,0.0,0,80.0,9.0,0,94.0,11.0,0,77.0,0.0,0,77.0,7.0,0,51.0,0.0,0,47.0,0.0,0,25.0,0.0,0,,,0,,,0,,,0,,,0,,,0,,,0,,,0,,,0,,,0,2536.0
46469,60302,2020-07-17,256.0,5629.0,,0,,,0,,0.0,0.0,0,482.0,17.0,0,686.0,32.0,0,826.0,35.0,0,834.0,46.0,0,910.0,40.0,0,775.0,30.0,0,636.0,26.0,0,479.0,30.0,0,,,0,,,0,,,0,,,0,,,0,,,0,,,0,,,0,,,0,32048.0
46470,60304,2020-07-17,93.0,2467.0,,0,,,0,,0.0,0.0,0,285.0,0.0,0,272.0,15.0,0,373.0,19.0,0,487.0,18.0,0,461.0,15.0,0,324.0,14.0,0,188.0,7.0,0,75.0,0.0,0,,,0,,,0,,,0,,,0,,,0,,,0,,,0,,,0,,,0,17641.0
47117,60301,2020-07-18,,,,0,,,0,,,,0,,,0,,,0,,,0,,,0,,,0,,,0,,,0,,,0,,,0,,,0,,,0,,,0,,,0,,,0,,,0,,,0,,,0,2536.0
47118,60302,2020-07-18,,,,0,,,0,,,,0,,,0,,,0,,,0,,,0,,,0,,,0,,,0,,,0,,,0,,,0,,,0,,,0,,,0,,,0,,,0,,,0,,,0,32048.0
47119,60304,2020-07-18,,,,0,,,0,,,,0,,,0,,,0,,,0,,,0,,,0,,,0,,,0,,,0,,,0,,,0,,,0,,,0,,,0,,,0,,,0,,,0,,,0,17641.0
47766,60301,2020-07-19,,,,0,,,0,,,,0,,,0,,,0,,,0,,,0,,,0,,,0,,,0,,,0,,,0,,,0,,,0,,,0,,,0,,,0,,,0,,,0,,,0,2536.0
47767,60302,2020-07-19,,,,0,,,0,,,,0,,,0,,,0,,,0,,,0,,,0,,,0,,,0,,,0,,,0,,,0,,,0,,,0,,,0,,,0,,,0,,,0,,,0,32048.0
47768,60304,2020-07-19,,,,0,,,0,,,,0,,,0,,,0,,,0,,,0,,,0,,,0,,,0,,,0,,,0,,,0,,,0,,,0,,,0,,,0,,,0,,,0,,,0,17641.0
48415,60301,2020-07-20,37.0,537.0,,0,,,0,,0.0,0.0,0,56.0,0.0,0,86.0,11.0,0,102.0,10.0,0,80.0,0.0,0,81.0,7.0,0,57.0,0.0,0,50.0,0.0,0,25.0,0.0,0,,,0,,,0,,,0,,,0,,,0,,,0,,,0,,,0,,,0,2536.0
48416,60302,2020-07-20,267.0,6001.0,,0,,,0,,0.0,0.0,0,542.0,19.0,0,747.0,38.0,0,875.0,36.0,0,888.0,47.0,0,970.0,41.0,0,814.0,30.0,0,661.0,26.0,0,503.0,30.0,0,,,0,,,0,,,0,,,0,,,0,,,0,,,0,,,0,,,0,32048.0
48417,60304,2020-07-20,96.0,2659.0,,0,,,0,,0.0,0.0,0,325.0,0.0,0,301.0,16.0,0,405.0,20.0,0,524.0,18.0,0,490.0,16.0,0,341.0,14.0,0,195.0,7.0,0,76.0,0.0,0,,,0,,,0,,,0,,,0,,,0,,,0,,,0,,,0,,,0,17641.0
49081,60301,2020-07-21,,,,0,,,0,,,,0,,,0,,,0,,,0,,,0,,,0,,,0,,,0,,,0,,,0,,,0,,,0,,,0,,,0,,,0,,,0,,,0,,,0,2536.0
49082,60302,2020-07-21,,,,0,,,0,,,,0,,,0,,,0,,,0,,,0,,,0,,,0,,,0,,,0,,,0,,,0,,,0,,,0,,,0,,,0,,,0,,,0,,,0,32048.0
49083,60304,2020-07-21,,,,0,,,0,,,,0,,,0,,,0,,,0,,,0,,,0,,,0,,,0,,,0,,,0,,,0,,,0,,,0,,,0,,,0,,,0,,,0,,,0,17641.0
49747,60301,2020-07-22,37.0,546.0,,0,,,0,,0.0,0.0,0,57.0,0.0,0,87.0,11.0,0,105.0,10.0,0,81.0,0.0,0,82.0,7.0,0,59.0,0.0,0,50.0,0.0,0,25.0,0.0,0,,,0,,,0,,,0,,,0,,,0,,,0,,,0,,,0,,,0,2536.0
49748,60302,2020-07-22,274.0,6168.0,,0,,,0,,0.0,0.0,0,570.0,19.0,0,773.0,39.0,0,893.0,38.0,0,921.0,49.0,0,996.0,42.0,0,829.0,31.0,0,678.0,26.0,0,507.0,30.0,0,,,0,,,0,,,0,,,0,,,0,,,0,,,0,,,0,,,0,32048.0
49749,60304,2020-07-22,99.0,2775.0,,0,,,0,,0.0,0.0,0,353.0,0.0,0,308.0,17.0,0,427.0,22.0,0,550.0,18.0,0,508.0,16.0,0,350.0,14.0,0,200.0,7.0,0,77.0,0.0,0,,,0,,,0,,,0,,,0,,,0,,,0,,,0,,,0,,,0,17641.0
50430,60301,2020-07-23,,,,0,,,0,,,,0,,,0,,,0,,,0,,,0,,,0,,,0,,,0,,,0,,,0,,,0,,,0,,,0,,,0,,,0,,,0,,,0,,,0,2536.0
50431,60302,2020-07-23,,,,0,,,0,,,,0,,,0,,,0,,,0,,,0,,,0,,,0,,,0,,,0,,,0,,,0,,,0,,,0,,,0,,,0,,,0,,,0,,,0,32048.0
50432,60304,2020-07-23,,,,0,,,0,,,,0,,,0,,,0,,,0,,,0,,,0,,,0,,,0,,,0,,,0,,,0,,,0,,,0,,,0,,,0,,,0,,,0,,,0,17641.0
51114,60301,2020-07-24,37.0,559.0,,0,,,0,,0.0,0.0,0,57.0,0.0,0,91.0,11.0,0,107.0,10.0,0,84.0,0.0,0,84.0,7.0,0,60.0,0.0,0,51.0,0.0,0,25.0,0.0,0,,,0,,,0,,,0,,,0,,,0,,,0,,,0,,,0,,,0,2536.0
51115,60302,2020-07-24,279.0,6427.0,,0,,,0,,0.0,0.0,0,611.0,19.0,0,804.0,39.0,0,933.0,41.0,0,968.0,50.0,0,1030.0,42.0,0,858.0,32.0,0,704.0,26.0,0,518.0,30.0,0,,,0,,,0,,,0,,,0,,,0,,,0,,,0,,,0,,,0,32048.0
51116,60304,2020-07-24,102.0,2915.0,,0,,,0,,0.0,0.0,0,387.0,6.0,0,320.0,18.0,0,449.0,22.0,0,573.0,19.0,0,531.0,16.0,0,367.0,14.0,0,206.0,7.0,0,80.0,0.0,0,,,0,,,0,,,0,,,0,,,0,,,0,,,0,,,0,,,0,17641.0
51812,60301,2020-07-25,,,,0,,,0,,,,0,,,0,,,0,,,0,,,0,,,0,,,0,,,0,,,0,,,0,,,0,,,0,,,0,,,0,,,0,,,0,,,0,,,0,2536.0
51813,60302,2020-07-25,,,,0,,,0,,,,0,,,0,,,0,,,0,,,0,,,0,,,0,,,0,,,0,,,0,,,0,,,0,,,0,,,0,,,0,,,0,,,0,,,0,32048.0
51814,60304,2020-07-25,,,,0,,,0,,,,0,,,0,,,0,,,0,,,0,,,0,,,0,,,0,,,0,,,0,,,0,,,0,,,0,,,0,,,0,,,0,,,0,,,0,17641.0
52510,60301,2020-07-26,,,,0,,,0,,,,0,,,0,,,0,,,0,,,0,,,0,,,0,,,0,,,0,,,0,,,0,,,0,,,0,,,0,,,0,,,0,,,0,,,0,2536.0
52511,60302,2020-07-26,,,,0,,,0,,,,0,,,0,,,0,,,0,,,0,,,0,,,0,,,0,,,0,,,0,,,0,,,0,,,0,,,0,,,0,,,0,,,0,,,0,32048.0
52512,60304,2020-07-26,,,,0,,,0,,,,0,,,0,,,0,,,0,,,0,,,0,,,0,,,0,,,0,,,0,,,0,,,0,,,0,,,0,,,0,,,0,,,0,,,0,17641.0
53208,60301,2020-07-27,,,,0,,,0,,,,0,,,0,,,0,,,0,,,0,,,0,,,0,,,0,,,0,,,0,,,0,,,0,,,0,,,0,,,0,,,0,,,0,,,0,2536.0
53209,60302,2020-07-27,,,,0,,,0,,,,0,,,0,,,0,,,0,,,0,,,0,,,0,,,0,,,0,,,0,,,0,,,0,,,0,,,0,,,0,,,0,,,0,,,0,32048.0
53210,60304,2020-07-27,,,,0,,,0,,,,0,,,0,,,0,,,0,,,0,,,0,,,0,,,0,,,0,,,0,,,0,,,0,,,0,,,0,,,0,,,0,,,0,,,0,17641.0
53906,60301,2020-07-28,,,,0,,,0,,,,0,,,0,,,0,,,0,,,0,,,0,,,0,,,0,,,0,,,0,,,0,,,0,,,0,,,0,,,0,,,0,,,0,,,0,2536.0
53907,60302,2020-07-28,,,,0,,,0,,,,0,,,0,,,0,,,0,,,0,,,0,,,0,,,0,,,0,,,0,,,0,,,0,,,0,,,0,,,0,,,0,,,0,,,0,32048.0
53908,60304,2020-07-28,,,,0,,,0,,,,0,,,0,,,0,,,0,,,0,,,0,,,0,,,0,,,0,,,0,,,0,,,0,,,0,,,0,,,0,,,0,,,0,,,0,17641.0
54604,60301,2020-07-29,,,,0,,,0,,,,0,,,0,,,0,,,0,,,0,,,0,,,0,,,0,,,0,,,0,,,0,,,0,,,0,,,0,,,0,,,0,,,0,,,0,2536.0
54605,60302,2020-07-29,,,,0,,,0,,,,0,,,0,,,0,,,0,,,0,,,0,,,0,,,0,,,0,,,0,,,0,,,0,,,0,,,0,,,0,,,0,,,0,,,0,32048.0
54606,60304,2020-07-29,,,,0,,,0,,,,0,,,0,,,0,,,0,,,0,,,0,,,0,,,0,,,0,,,0,,,0,,,0,,,0,,,0,,,0,,,0,,,0,,,0,17641.0
55303,60301,2020-07-30,38.0,599.0,,0,,,0,,0.0,0.0,0,59.0,0.0,0,98.0,12.0,0,119.0,10.0,0,91.0,0.0,0,86.0,7.0,0,65.0,0.0,0,56.0,0.0,0,25.0,0.0,0,,,0,,,0,,,0,,,0,,,0,,,0,,,0,,,0,,,0,2536.0
55304,60302,2020-07-30,302.0,7098.0,,0,,,0,,0.0,0.0,0,719.0,22.0,0,934.0,44.0,0,1014.0,45.0,0,1064.0,56.0,0,1124.0,43.0,0,935.0,35.0,0,758.0,26.0,0,549.0,31.0,0,,,0,,,0,,,0,,,0,,,0,,,0,,,0,,,0,,,0,32048.0
55305,60304,2020-07-30,106.0,3233.0,,0,,,0,,0.0,0.0,0,443.0,6.0,0,375.0,20.0,0,499.0,22.0,0,615.0,20.0,0,575.0,17.0,0,402.0,14.0,0,233.0,7.0,0,89.0,0.0,0,,,0,,,0,,,0,,,0,,,0,,,0,,,0,,,0,,,0,17641.0
56039,60301,2020-07-31,38.0,608.0,,0,,,0,,0.0,0.0,0,59.0,0.0,0,101.0,12.0,0,121.0,10.0,0,92.0,0.0,0,87.0,7.0,0,65.0,0.0,0,58.0,0.0,0,25.0,0.0,0,,,0,,,0,,,0,,,0,,,0,,,0,,,0,,,0,,,0,2536.0
56040,60302,2020-07-31,302.0,7239.0,,0,,,0,,0.0,0.0,0,744.0,22.0,0,955.0,44.0,0,1033.0,45.0,0,1087.0,56.0,0,1149.0,43.0,0,951.0,35.0,0,768.0,26.0,0,551.0,31.0,0,,,0,,,0,,,0,,,0,,,0,,,0,,,0,,,0,,,0,32048.0
56041,60304,2020-07-31,106.0,3297.0,,0,,,0,,0.0,0.0,0,457.0,6.0,0,382.0,20.0,0,510.0,22.0,0,638.0,20.0,0,581.0,17.0,0,401.0,14.0,0,237.0,7.0,0,89.0,0.0,0,,,0,,,0,,,0,,,0,,,0,,,0,,,0,,,0,,,0,17641.0
56782,60301,2020-08-01,,,,0,,,0,,,,0,,,0,,,0,,,0,,,0,,,0,,,0,,,0,,,0,,,0,,,0,,,0,,,0,,,0,,,0,,,0,,,0,,,0,2536.0
56783,60302,2020-08-01,,,,0,,,0,,,,0,,,0,,,0,,,0,,,0,,,0,,,0,,,0,,,0,,,0,,,0,,,0,,,0,,,0,,,0,,,0,,,0,,,0,32048.0
56784,60304,2020-08-01,,,,0,,,0,,,,0,,,0,,,0,,,0,,,0,,,0,,,0,,,0,,,0,,,0,,,0,,,0,,,0,,,0,,,0,,,0,,,0,,,0,17641.0
57525,60301,2020-08-02,,,,0,,,0,,,,0,,,0,,,0,,,0,,,0,,,0,,,0,,,0,,,0,,,0,,,0,,,0,,,0,,,0,,,0,,,0,,,0,,,0,2536.0
57526,60302,2020-08-02,,,,0,,,0,,,,0,,,0,,,0,,,0,,,0,,,0,,,0,,,0,,,0,,,0,,,0,,,0,,,0,,,0,,,0,,,0,,,0,,,0,32048.0
57527,60304,2020-08-02,,,,0,,,0,,,,0,,,0,,,0,,,0,,,0,,,0,,,0,,,0,,,0,,,0,,,0,,,0,,,0,,,0,,,0,,,0,,,0,,,0,17641.0
58268,60301,2020-08-03,,,,0,,,0,,,,0,,,0,,,0,,,0,,,0,,,0,,,0,,,0,,,0,,,0,,,0,,,0,,,0,,,0,,,0,,,0,,,0,,,0,2536.0
58269,60302,2020-08-03,,,,0,,,0,,,,0,,,0,,,0,,,0,,,0,,,0,,,0,,,0,,,0,,,0,,,0,,,0,,,0,,,0,,,0,,,0,,,0,,,0,32048.0
58270,60304,2020-08-03,,,,0,,,0,,,,0,,,0,,,0,,,0,,,0,,,0,,,0,,,0,,,0,,,0,,,0,,,0,,,0,,,0,,,0,,,0,,,0,,,0,17641.0
59011,60301,2020-08-04,,,,0,,,0,,,,0,,,0,,,0,,,0,,,0,,,0,,,0,,,0,,,0,,,0,,,0,,,0,,,0,,,0,,,0,,,0,,,0,,,0,2536.0
59012,60302,2020-08-04,,,,0,,,0,,,,0,,,0,,,0,,,0,,,0,,,0,,,0,,,0,,,0,,,0,,,0,,,0,,,0,,,0,,,0,,,0,,,0,,,0,32048.0
59013,60304,2020-08-04,,,,0,,,0,,,,0,,,0,,,0,,,0,,,0,,,0,,,0,,,0,,,0,,,0,,,0,,,0,,,0,,,0,,,0,,,0,,,0,,,0,17641.0
59754,60301,2020-08-05,,,,0,,,0,,,,0,,,0,,,0,,,0,,,0,,,0,,,0,,,0,,,0,,,0,,,0,,,0,,,0,,,0,,,0,,,0,,,0,,,0,2536.0
59755,60302,2020-08-05,,,,0,,,0,,,,0,,,0,,,0,,,0,,,0,,,0,,,0,,,0,,,0,,,0,,,0,,,0,,,0,,,0,,,0,,,0,,,0,,,0,32048.0
59756,60304,2020-08-05,,,,0,,,0,,,,0,,,0,,,0,,,0,,,0,,,0,,,0,,,0,,,0,,,0,,,0,,,0,,,0,,,0,,,0,,,0,,,0,,,0,17641.0
60497,60301,2020-08-06,,,,0,,,0,,,,0,,,0,,,0,,,0,,,0,,,0,,,0,,,0,,,0,,,0,,,0,,,0,,,0,,,0,,,0,,,0,,,0,,,0,2536.0
60498,60302,2020-08-06,,,,0,,,0,,,,0,,,0,,,0,,,0,,,0,,,0,,,0,,,0,,,0,,,0,,,0,,,0,,,0,,,0,,,0,,,0,,,0,,,0,32048.0
60499,60304,2020-08-06,,,,0,,,0,,,,0,,,0,,,0,,,0,,,0,,,0,,,0,,,0,,,0,,,0,,,0,,,0,,,0,,,0,,,0,,,0,,,0,,,0,17641.0
61240,60301,2020-08-07,,,,0,,,0,,,,0,,,0,,,0,,,0,,,0,,,0,,,0,,,0,,,0,,,0,,,0,,,0,,,0,,,0,,,0,,,0,,,0,,,0,2536.0
61241,60302,2020-08-07,,,,0,,,0,,,,0,,,0,,,0,,,0,,,0,,,0,,,0,,,0,,,0,,,0,,,0,,,0,,,0,,,0,,,0,,,0,,,0,,,0,32048.0
61242,60304,2020-08-07,,,,0,,,0,,,,0,,,0,,,0,,,0,,,0,,,0,,,0,,,0,,,0,,,0,,,0,,,0,,,0,,,0,,,0,,,0,,,0,,,0,17641.0
61983,60301,2020-08-08,,,,0,,,0,,,,0,,,0,,,0,,,0,,,0,,,0,,,0,,,0,,,0,,,0,,,0,,,0,,,0,,,0,,,0,,,0,,,0,,,0,2536.0
61984,60302,2020-08-08,,,,0,,,0,,,,0,,,0,,,0,,,0,,,0,,,0,,,0,,,0,,,0,,,0,,,0,,,0,,,0,,,0,,,0,,,0,,,0,,,0,32048.0
61985,60304,2020-08-08,,,,0,,,0,,,,0,,,0,,,0,,,0,,,0,,,0,,,0,,,0,,,0,,,0,,,0,,,0,,,0,,,0,,,0,,,0,,,0,,,0,17641.0
62726,60301,2020-08-09,,,,0,,,0,,,,0,,,0,,,0,,,0,,,0,,,0,,,0,,,0,,,0,,,0,,,0,,,0,,,0,,,0,,,0,,,0,,,0,,,0,2536.0
62727,60302,2020-08-09,,,,0,,,0,,,,0,,,0,,,0,,,0,,,0,,,0,,,0,,,0,,,0,,,0,,,0,,,0,,,0,,,0,,,0,,,0,,,0,,,0,32048.0
62728,60304,2020-08-09,,,,0,,,0,,,,0,,,0,,,0,,,0,,,0,,,0,,,0,,,0,,,0,,,0,,,0,,,0,,,0,,,0,,,0,,,0,,,0,,,0,17641.0
63469,60301,2020-08-10,41.0,697.0,,0,,,0,,0.0,0.0,0,64.0,0.0,0,128.0,12.0,0,143.0,12.0,0,98.0,0.0,0,102.0,7.0,0,72.0,0.0,0,65.0,0.0,0,25.0,0.0,0,,,0,,,0,,,0,,,0,,,0,,,0,,,0,,,0,,,0,2536.0
63470,60302,2020-08-10,330.0,8419.0,,0,,,0,,0.0,0.0,0,956.0,33.0,0,1122.0,48.0,0,1204.0,49.0,0,1308.0,60.0,0,1296.0,46.0,0,1081.0,36.0,0,865.0,27.0,0,586.0,31.0,0,,,0,,,0,,,0,,,0,,,0,,,0,,,0,,,0,,,0,32048.0
63471,60304,2020-08-10,126.0,3913.0,,0,,,0,,0.0,0.0,0,599.0,8.0,0,453.0,26.0,0,596.0,25.0,0,773.0,24.0,0,661.0,19.0,0,465.0,16.0,0,267.0,8.0,0,97.0,0.0,0,,,0,,,0,,,0,,,0,,,0,,,0,,,0,,,0,,,0,17641.0
64287,60301,2020-08-11,41.0,704.0,,0,,,0,,0.0,0.0,0,64.0,0.0,0,129.0,12.0,0,143.0,12.0,0,101.0,0.0,0,104.0,7.0,0,73.0,0.0,0,65.0,0.0,0,25.0,0.0,0,,,0,,,0,,,0,,,0,,,0,,,0,,,0,,,0,,,0,2536.0
64288,60302,2020-08-11,329.0,8539.0,,0,,,0,,0.0,0.0,0,979.0,33.0,0,1141.0,48.0,0,1223.0,49.0,0,1328.0,60.0,0,1308.0,46.0,0,1095.0,35.0,0,871.0,27.0,0,593.0,31.0,0,,,0,,,0,,,0,,,0,,,0,,,0,,,0,,,0,,,0,32048.0
64289,60304,2020-08-11,127.0,3965.0,,0,,,0,,0.0,0.0,0,604.0,8.0,0,456.0,26.0,0,608.0,25.0,0,785.0,25.0,0,672.0,19.0,0,472.0,16.0,0,269.0,8.0,0,97.0,0.0,0,,,0,,,0,,,0,,,0,,,0,,,0,,,0,,,0,,,0,17641.0
65108,60301,2020-08-12,42.0,708.0,,0,,,0,,0.0,0.0,0,64.0,0.0,0,130.0,13.0,0,143.0,12.0,0,103.0,0.0,0,104.0,7.0,0,74.0,0.0,0,65.0,0.0,0,25.0,0.0,0,,,0,,,0,,,0,,,0,,,0,,,0,,,0,,,0,,,0,2536.0
65109,60302,2020-08-12,331.0,8647.0,,0,,,0,,0.0,0.0,0,1002.0,33.0,0,1158.0,49.0,0,1236.0,49.0,0,1338.0,60.0,0,1325.0,46.0,0,1108.0,36.0,0,879.0,27.0,0,600.0,31.0,0,,,0,,,0,,,0,,,0,,,0,,,0,,,0,,,0,,,0,32048.0
65110,60304,2020-08-12,128.0,4019.0,,0,,,0,,0.0,0.0,0,614.0,9.0,0,464.0,26.0,0,617.0,25.0,0,795.0,25.0,0,680.0,19.0,0,478.0,16.0,0,272.0,8.0,0,97.0,0.0,0,,,0,,,0,,,0,,,0,,,0,,,0,,,0,,,0,,,0,17641.0
65938,60301,2020-08-13,42.0,716.0,,0,,,0,,0.0,0.0,0,64.0,0.0,0,131.0,13.0,0,145.0,12.0,0,103.0,0.0,0,107.0,7.0,0,75.0,0.0,0,66.0,0.0,0,25.0,0.0,0,,,0,,,0,,,0,,,0,,,0,,,0,,,0,,,0,,,0,2536.0
65939,60302,2020-08-13,332.0,8783.0,,0,,,0,,0.0,0.0,0,1022.0,33.0,0,1179.0,50.0,0,1254.0,49.0,0,1361.0,60.0,0,1347.0,46.0,0,1120.0,36.0,0,894.0,27.0,0,604.0,31.0,0,,,0,,,0,,,0,,,0,,,0,,,0,,,0,,,0,,,0,32048.0
65940,60304,2020-08-13,129.0,4082.0,,0,,,0,,0.0,0.0,0,626.0,9.0,0,468.0,27.0,0,633.0,24.0,0,804.0,25.0,0,689.0,19.0,0,484.0,16.0,0,278.0,9.0,0,98.0,0.0,0,,,0,,,0,,,0,,,0,,,0,,,0,,,0,,,0,,,0,17641.0
66775,60301,2020-08-14,42.0,722.0,,0,,,0,,0.0,0.0,0,64.0,0.0,0,134.0,13.0,0,145.0,12.0,0,103.0,0.0,0,109.0,7.0,0,76.0,0.0,0,66.0,0.0,0,25.0,0.0,0,,,0,,,0,,,0,,,0,,,0,,,0,,,0,,,0,,,0,2536.0
66776,60302,2020-08-14,337.0,8892.0,,0,,,0,,0.0,0.0,0,1049.0,35.0,0,1200.0,50.0,0,1264.0,50.0,0,1375.0,60.0,0,1364.0,47.0,0,1129.0,36.0,0,902.0,28.0,0,607.0,31.0,0,,,0,,,0,,,0,,,0,,,0,,,0,,,0,,,0,,,0,32048.0
66777,60304,2020-08-14,132.0,4153.0,,0,,,0,,0.0,0.0,0,644.0,9.0,0,476.0,28.0,0,642.0,24.0,0,821.0,27.0,0,698.0,19.0,0,491.0,16.0,0,280.0,9.0,0,99.0,0.0,0,,,0,,,0,,,0,,,0,,,0,,,0,,,0,,,0,,,0,17641.0
67625,60301,2020-08-15,42.0,727.0,,0,,,0,,0.0,0.0,0,65.0,0.0,0,135.0,13.0,0,146.0,12.0,0,104.0,0.0,0,110.0,7.0,0,76.0,0.0,0,66.0,0.0,0,25.0,0.0,0,,,0,,,0,,,0,,,0,,,0,,,0,,,0,,,0,,,0,2536.0
67626,60302,2020-08-15,340.0,9020.0,,0,,,0,,0.0,0.0,0,1074.0,36.0,0,1224.0,50.0,0,1279.0,50.0,0,1389.0,60.0,0,1384.0,48.0,0,1148.0,36.0,0,909.0,29.0,0,611.0,31.0,0,,,0,,,0,,,0,,,0,,,0,,,0,,,0,,,0,,,0,32048.0
67627,60304,2020-08-15,129.0,4232.0,,0,,,0,,0.0,0.0,0,663.0,9.0,0,486.0,27.0,0,649.0,24.0,0,845.0,25.0,0,709.0,19.0,0,497.0,16.0,0,282.0,9.0,0,99.0,0.0,0,,,0,,,0,,,0,,,0,,,0,,,0,,,0,,,0,,,0,17641.0
68483,60301,2020-08-16,,,,0,,,0,,,,0,,,0,,,0,,,0,,,0,,,0,,,0,,,0,,,0,,,0,,,0,,,0,,,0,,,0,,,0,,,0,,,0,,,0,2536.0
68484,60302,2020-08-16,,,,0,,,0,,,,0,,,0,,,0,,,0,,,0,,,0,,,0,,,0,,,0,,,0,,,0,,,0,,,0,,,0,,,0,,,0,,,0,,,0,32048.0
68485,60304,2020-08-16,,,,0,,,0,,,,0,,,0,,,0,,,0,,,0,,,0,,,0,,,0,,,0,,,0,,,0,,,0,,,0,,,0,,,0,,,0,,,0,,,0,17641.0
69341,60301,2020-08-17,42.0,741.0,,0,,,0,,0.0,0.0,0,66.0,0.0,0,137.0,13.0,0,149.0,12.0,0,107.0,0.0,0,113.0,7.0,0,77.0,0.0,0,67.0,0.0,0,25.0,0.0,0,,,0,,,0,,,0,,,0,,,0,,,0,,,0,,,0,,,0,2536.0
69342,60302,2020-08-17,340.0,9191.0,,0,,,0,,0.0,0.0,0,1114.0,36.0,0,1254.0,50.0,0,1296.0,50.0,0,1406.0,60.0,0,1415.0,48.0,0,1169.0,36.0,0,922.0,29.0,0,613.0,31.0,0,,,0,,,0,,,0,,,0,,,0,,,0,,,0,,,0,,,0,32048.0
69343,60304,2020-08-17,131.0,4332.0,,0,,,0,,0.0,0.0,0,683.0,11.0,0,500.0,27.0,0,670.0,24.0,0,865.0,25.0,0,720.0,19.0,0,507.0,16.0,0,286.0,9.0,0,99.0,0.0,0,,,0,,,0,,,0,,,0,,,0,,,0,,,0,,,0,,,0,17641.0
70207,60301,2020-08-18,42.0,751.0,,0,,,0,,0.0,0.0,0,67.0,0.0,0,138.0,13.0,0,152.0,12.0,0,108.0,0.0,0,114.0,7.0,0,78.0,0.0,0,69.0,0.0,0,25.0,0.0,0,,,0,,,0,,,0,,,0,,,0,,,0,,,0,,,0,,,0,2536.0
70208,60302,2020-08-18,345.0,9284.0,,0,,,0,,0.0,0.0,0,1128.0,39.0,0,1274.0,51.0,0,1308.0,50.0,0,1415.0,60.0,0,1428.0,48.0,0,1182.0,36.0,0,932.0,29.0,0,615.0,32.0,0,,,0,,,0,,,0,,,0,,,0,,,0,,,0,,,0,,,0,32048.0
70209,60304,2020-08-18,134.0,4385.0,,0,,,0,,0.0,0.0,0,701.0,13.0,0,507.0,28.0,0,675.0,24.0,0,873.0,25.0,0,725.0,19.0,0,509.0,16.0,0,294.0,9.0,0,99.0,0.0,0,,,0,,,0,,,0,,,0,,,0,,,0,,,0,,,0,,,0,17641.0
71079,60301,2020-08-19,42.0,772.0,,0,,,0,,0.0,0.0,0,68.0,0.0,0,143.0,13.0,0,156.0,12.0,0,109.0,0.0,0,118.0,7.0,0,80.0,0.0,0,73.0,0.0,0,25.0,0.0,0,,,0,,,0,,,0,,,0,,,0,,,0,,,0,,,0,,,0,2536.0
71080,60302,2020-08-19,345.0,9388.0,,0,,,0,,0.0,0.0,0,1152.0,40.0,0,1287.0,51.0,0,1326.0,50.0,0,1434.0,60.0,0,1437.0,48.0,0,1191.0,36.0,0,937.0,29.0,0,622.0,31.0,0,,,0,,,0,,,0,,,0,,,0,,,0,,,0,,,0,,,0,32048.0
71081,60304,2020-08-19,134.0,4429.0,,0,,,0,,0.0,0.0,0,714.0,13.0,0,519.0,28.0,0,678.0,24.0,0,875.0,25.0,0,731.0,19.0,0,514.0,16.0,0,297.0,9.0,0,99.0,0.0,0,,,0,,,0,,,0,,,0,,,0,,,0,,,0,,,0,,,0,17641.0
71963,60301,2020-08-20,42.0,785.0,,0,,,0,,0.0,0.0,0,71.0,0.0,0,145.0,13.0,0,157.0,12.0,0,114.0,0.0,0,119.0,7.0,0,80.0,0.0,0,73.0,0.0,0,26.0,0.0,0,,,0,,,0,,,0,,,0,,,0,,,0,,,0,,,0,,,0,2536.0
71964,60302,2020-08-20,346.0,9498.0,,0,,,0,,0.0,0.0,0,1177.0,40.0,0,1309.0,52.0,0,1334.0,50.0,0,1455.0,60.0,0,1442.0,48.0,0,1207.0,36.0,0,939.0,29.0,0,633.0,31.0,0,,,0,,,0,,,0,,,0,,,0,,,0,,,0,,,0,,,0,32048.0
71965,60304,2020-08-20,135.0,4494.0,,0,,,0,,0.0,0.0,0,730.0,14.0,0,533.0,28.0,0,685.0,24.0,0,885.0,25.0,0,736.0,19.0,0,520.0,16.0,0,302.0,9.0,0,101.0,0.0,0,,,0,,,0,,,0,,,0,,,0,,,0,,,0,,,0,,,0,17641.0
72852,60301,2020-08-21,44.0,801.0,,0,,,0,,0.0,0.0,0,72.0,0.0,0,150.0,15.0,0,160.0,12.0,0,115.0,0.0,0,121.0,7.0,0,80.0,0.0,0,77.0,0.0,0,26.0,0.0,0,,,0,,,0,,,0,,,0,,,0,,,0,,,0,,,0,,,0,2536.0
72853,60302,2020-08-21,350.0,9615.0,,0,,,0,,0.0,0.0,0,1198.0,40.0,0,1332.0,53.0,0,1348.0,50.0,0,1474.0,60.0,0,1457.0,49.0,0,1221.0,37.0,0,949.0,30.0,0,634.0,31.0,0,,,0,,,0,,,0,,,0,,,0,,,0,,,0,,,0,,,0,32048.0
72854,60304,2020-08-21,139.0,4549.0,,0,,,0,,0.0,0.0,0,741.0,16.0,0,545.0,28.0,0,692.0,24.0,0,892.0,26.0,0,747.0,20.0,0,523.0,16.0,0,306.0,9.0,0,101.0,0.0,0,,,0,,,0,,,0,,,0,,,0,,,0,,,0,,,0,,,0,17641.0
73754,60301,2020-08-22,,,,0,,,0,,,,0,,,0,,,0,,,0,,,0,,,0,,,0,,,0,,,0,,,0,,,0,,,0,,,0,,,0,,,0,,,0,,,0,,,0,2536.0
73755,60302,2020-08-22,,,,0,,,0,,,,0,,,0,,,0,,,0,,,0,,,0,,,0,,,0,,,0,,,0,,,0,,,0,,,0,,,0,,,0,,,0,,,0,,,0,32048.0
73756,60304,2020-08-22,,,,0,,,0,,,,0,,,0,,,0,,,0,,,0,,,0,,,0,,,0,,,0,,,0,,,0,,,0,,,0,,,0,,,0,,,0,,,0,,,0,17641.0
74656,60301,2020-08-23,45.0,831.0,,0,,,0,,0.0,0.0,0,73.0,0.0,0,158.0,16.0,0,167.0,12.0,0,118.0,0.0,0,124.0,7.0,0,82.0,0.0,0,83.0,0.0,0,26.0,0.0,0,,,0,,,0,,,0,,,0,,,0,,,0,,,0,,,0,,,0,2536.0
74657,60302,2020-08-23,358.0,9808.0,,0,,,0,,0.0,0.0,0,1233.0,45.0,0,1363.0,53.0,0,1385.0,53.0,0,1494.0,60.0,0,1481.0,49.0,0,1240.0,37.0,0,965.0,30.0,0,645.0,31.0,0,,,0,,,0,,,0,,,0,,,0,,,0,,,0,,,0,,,0,32048.0
74658,60304,2020-08-23,139.0,4655.0,,0,,,0,,0.0,0.0,0,762.0,16.0,0,554.0,28.0,0,712.0,24.0,0,917.0,26.0,0,765.0,20.0,0,528.0,16.0,0,311.0,9.0,0,104.0,0.0,0,,,0,,,0,,,0,,,0,,,0,,,0,,,0,,,0,,,0,17641.0
75572,60301,2020-08-24,45.0,838.0,,0,,,0,,0.0,0.0,0,73.0,0.0,0,161.0,16.0,0,170.0,12.0,0,119.0,0.0,0,124.0,7.0,0,82.0,0.0,0,83.0,0.0,0,26.0,0.0,0,,,0,,,0,,,0,,,0,,,0,,,0,,,0,,,0,,,0,2536.0
75573,60302,2020-08-24,360.0,9884.0,,0,,,0,,0.0,0.0,0,1246.0,47.0,0,1374.0,53.0,0,1394.0,53.0,0,1505.0,60.0,0,1493.0,49.0,0,1249.0,37.0,0,972.0,30.0,0,649.0,31.0,0,,,0,,,0,,,0,,,0,,,0,,,0,,,0,,,0,,,0,32048.0
75574,60304,2020-08-24,139.0,4710.0,,0,,,0,,0.0,0.0,0,780.0,16.0,0,561.0,28.0,0,719.0,24.0,0,921.0,26.0,0,774.0,20.0,0,535.0,16.0,0,314.0,9.0,0,104.0,0.0,0,,,0,,,0,,,0,,,0,,,0,,,0,,,0,,,0,,,0,17641.0
76493,60301,2020-08-25,45.0,845.0,,0,,,0,,0.0,0.0,0,74.0,0.0,0,163.0,16.0,0,172.0,12.0,0,120.0,0.0,0,125.0,7.0,0,82.0,0.0,0,83.0,0.0,0,26.0,0.0,0,,,0,,,0,,,0,,,0,,,0,,,0,,,0,,,0,,,0,2536.0
76494,60302,2020-08-25,361.0,9956.0,,0,,,0,,0.0,0.0,0,1253.0,47.0,0,1385.0,54.0,0,1403.0,53.0,0,1514.0,60.0,0,1506.0,49.0,0,1256.0,37.0,0,981.0,30.0,0,656.0,31.0,0,,,0,,,0,,,0,,,0,,,0,,,0,,,0,,,0,,,0,32048.0
76495,60304,2020-08-25,142.0,4759.0,,0,,,0,,0.0,0.0,0,798.0,17.0,0,566.0,30.0,0,722.0,24.0,0,930.0,26.0,0,781.0,20.0,0,540.0,16.0,0,316.0,9.0,0,104.0,0.0,0,,,0,,,0,,,0,,,0,,,0,,,0,,,0,,,0,,,0,17641.0
77418,60301,2020-08-26,45.0,856.0,,0,,,0,,0.0,0.0,0,76.0,0.0,0,164.0,16.0,0,173.0,12.0,0,121.0,0.0,0,126.0,7.0,0,85.0,0.0,0,84.0,0.0,0,27.0,0.0,0,,,0,,,0,,,0,,,0,,,0,,,0,,,0,,,0,,,0,2536.0
77419,60302,2020-08-26,371.0,10068.0,,0,,,0,,0.0,0.0,0,1278.0,52.0,0,1400.0,54.0,0,1423.0,54.0,0,1528.0,62.0,0,1518.0,51.0,0,1267.0,37.0,0,987.0,30.0,0,665.0,31.0,0,,,0,,,0,,,0,,,0,,,0,,,0,,,0,,,0,,,0,32048.0
77420,60304,2020-08-26,143.0,4826.0,,0,,,0,,0.0,0.0,0,817.0,17.0,0,571.0,30.0,0,730.0,25.0,0,949.0,26.0,0,788.0,20.0,0,546.0,16.0,0,317.0,9.0,0,106.0,0.0,0,,,0,,,0,,,0,,,0,,,0,,,0,,,0,,,0,,,0,17641.0
78353,60301,2020-08-27,45.0,860.0,,0,,,0,,0.0,0.0,0,76.0,0.0,0,164.0,16.0,0,174.0,12.0,0,121.0,0.0,0,124.0,7.0,0,90.0,0.0,0,84.0,0.0,0,27.0,0.0,0,,,0,,,0,,,0,,,0,,,0,,,0,,,0,,,0,,,0,2536.0
78354,60302,2020-08-27,373.0,10163.0,,0,,,0,,0.0,0.0,0,1298.0,54.0,0,1415.0,55.0,0,1435.0,54.0,0,1541.0,61.0,0,1530.0,51.0,0,1275.0,37.0,0,998.0,30.0,0,669.0,31.0,0,,,0,,,0,,,0,,,0,,,0,,,0,,,0,,,0,,,0,32048.0
78355,60304,2020-08-27,143.0,4874.0,,0,,,0,,0.0,0.0,0,827.0,17.0,0,576.0,30.0,0,737.0,25.0,0,955.0,26.0,0,801.0,20.0,0,547.0,16.0,0,322.0,9.0,0,107.0,0.0,0,,,0,,,0,,,0,,,0,,,0,,,0,,,0,,,0,,,0,17641.0
79292,60301,2020-08-28,45.0,865.0,,0,,,0,,0.0,0.0,0,76.0,0.0,0,165.0,16.0,0,175.0,12.0,0,122.0,0.0,0,124.0,7.0,0,92.0,0.0,0,84.0,0.0,0,27.0,0.0,0,,,0,,,0,,,0,,,0,,,0,,,0,,,0,,,0,,,0,2536.0
79293,60302,2020-08-28,374.0,10295.0,,0,,,0,,0.0,0.0,0,1317.0,54.0,0,1426.0,56.0,0,1454.0,54.0,0,1559.0,61.0,0,1542.0,51.0,0,1291.0,37.0,0,1016.0,30.0,0,688.0,31.0,0,,,0,,,0,,,0,,,0,,,0,,,0,,,0,,,0,,,0,32048.0
79294,60304,2020-08-28,143.0,4915.0,,0,,,0,,0.0,0.0,0,831.0,18.0,0,583.0,29.0,0,741.0,25.0,0,959.0,26.0,0,809.0,20.0,0,552.0,16.0,0,329.0,9.0,0,109.0,0.0,0,,,0,,,0,,,0,,,0,,,0,,,0,,,0,,,0,,,0,17641.0
80245,60301,2020-08-29,,,,0,,,0,,,,0,,,0,,,0,,,0,,,0,,,0,,,0,,,0,,,0,,,0,,,0,,,0,,,0,,,0,,,0,,,0,,,0,,,0,2536.0
80246,60302,2020-08-29,,,,0,,,0,,,,0,,,0,,,0,,,0,,,0,,,0,,,0,,,0,,,0,,,0,,,0,,,0,,,0,,,0,,,0,,,0,,,0,,,0,32048.0
80247,60304,2020-08-29,,,,0,,,0,,,,0,,,0,,,0,,,0,,,0,,,0,,,0,,,0,,,0,,,0,,,0,,,0,,,0,,,0,,,0,,,0,,,0,,,0,17641.0
81199,60301,2020-08-30,45.0,883.0,,0,,,0,,0.0,0.0,0,79.0,0.0,0,168.0,16.0,0,181.0,12.0,0,125.0,0.0,0,125.0,7.0,0,92.0,0.0,0,86.0,0.0,0,27.0,0.0,0,,,0,,,0,,,0,,,0,,,0,,,0,,,0,,,0,,,0,2536.0
81200,60302,2020-08-30,385.0,10580.0,,0,,,0,,0.0,0.0,0,1344.0,55.0,0,1471.0,60.0,0,1504.0,56.0,0,1601.0,63.0,0,1590.0,51.0,0,1330.0,39.0,0,1041.0,30.0,0,697.0,31.0,0,,,0,,,0,,,0,,,0,,,0,,,0,,,0,,,0,,,0,32048.0
81201,60304,2020-08-30,147.0,5023.0,,0,,,0,,0.0,0.0,0,844.0,20.0,0,601.0,29.0,0,754.0,25.0,0,983.0,28.0,0,830.0,20.0,0,559.0,16.0,0,340.0,9.0,0,110.0,0.0,0,,,0,,,0,,,0,,,0,,,0,,,0,,,0,,,0,,,0,17641.0
82167,60301,2020-08-31,45.0,887.0,,0,,,0,,0.0,0.0,0,79.0,0.0,0,169.0,16.0,0,182.0,12.0,0,126.0,0.0,0,125.0,7.0,0,92.0,0.0,0,87.0,0.0,0,27.0,0.0,0,,,0,,,0,,,0,,,0,,,0,,,0,,,0,,,0,,,0,2536.0
82168,60302,2020-08-31,387.0,10675.0,,0,,,0,,0.0,0.0,0,1360.0,55.0,0,1479.0,60.0,0,1517.0,56.0,0,1616.0,64.0,0,1610.0,51.0,0,1343.0,40.0,0,1047.0,30.0,0,701.0,31.0,0,,,0,,,0,,,0,,,0,,,0,,,0,,,0,,,0,,,0,32048.0
82169,60304,2020-08-31,148.0,5083.0,,0,,,0,,0.0,0.0,0,854.0,20.0,0,604.0,29.0,0,764.0,25.0,0,997.0,28.0,0,843.0,20.0,0,567.0,17.0,0,341.0,9.0,0,111.0,0.0,0,,,0,,,0,,,0,,,0,,,0,,,0,,,0,,,0,,,0,17641.0
83145,60301,2020-09-01,46.0,891.0,,0,,,0,,0.0,0.0,0,79.0,0.0,0,170.0,17.0,0,184.0,12.0,0,124.0,0.0,0,128.0,7.0,0,92.0,0.0,0,87.0,0.0,0,27.0,0.0,0,,,0,,,0,,,0,,,0,,,0,,,0,,,0,,,0,,,0,2536.0
83146,60302,2020-09-01,389.0,10725.0,,0,,,0,,0.0,0.0,0,1369.0,55.0,0,1484.0,62.0,0,1525.0,56.0,0,1623.0,64.0,0,1617.0,51.0,0,1351.0,40.0,0,1051.0,30.0,0,703.0,31.0,0,,,0,,,0,,,0,,,0,,,0,,,0,,,0,,,0,,,0,32048.0
83148,60304,2020-09-01,150.0,5116.0,,0,,,0,,0.0,0.0,0,857.0,21.0,0,610.0,29.0,0,771.0,25.0,0,1000.0,28.0,0,850.0,21.0,0,569.0,17.0,0,344.0,9.0,0,113.0,0.0,0,,,0,,,0,,,0,,,0,,,0,,,0,,,0,,,0,,,0,17641.0
84124,60301,2020-09-02,46.0,898.0,,0,,,0,,0.0,0.0,0,79.0,0.0,0,173.0,17.0,0,186.0,12.0,0,124.0,0.0,0,128.0,7.0,0,92.0,0.0,0,87.0,0.0,0,29.0,0.0,0,,,0,,,0,,,0,,,0,,,0,,,0,,,0,,,0,,,0,2536.0
84125,60302,2020-09-02,388.0,10832.0,,0,,,0,,0.0,0.0,0,1375.0,55.0,0,1509.0,60.0,0,1544.0,56.0,0,1637.0,64.0,0,1633.0,52.0,0,1363.0,40.0,0,1059.0,30.0,0,710.0,31.0,0,,,0,,,0,,,0,,,0,,,0,,,0,,,0,,,0,,,0,32048.0
84127,60304,2020-09-02,155.0,5183.0,,0,,,0,,0.0,0.0,0,866.0,22.0,0,619.0,31.0,0,780.0,25.0,0,1014.0,28.0,0,864.0,23.0,0,572.0,17.0,0,352.0,9.0,0,114.0,0.0,0,,,0,,,0,,,0,,,0,,,0,,,0,,,0,,,0,,,0,17641.0
85110,60301,2020-09-03,47.0,904.0,,0,,,0,,0.0,0.0,0,79.0,0.0,0,176.0,17.0,0,186.0,12.0,0,124.0,0.0,0,129.0,8.0,0,93.0,0.0,0,88.0,0.0,0,29.0,0.0,0,,,0,,,0,,,0,,,0,,,0,,,0,,,0,,,0,,,0,2536.0
85111,60302,2020-09-03,391.0,10892.0,,0,,,0,,0.0,0.0,0,1380.0,56.0,0,1519.0,61.0,0,1554.0,57.0,0,1643.0,64.0,0,1648.0,52.0,0,1369.0,40.0,0,1066.0,30.0,0,711.0,31.0,0,,,0,,,0,,,0,,,0,,,0,,,0,,,0,,,0,,,0,32048.0
85113,60304,2020-09-03,156.0,5226.0,,0,,,0,,0.0,0.0,0,873.0,22.0,0,623.0,31.0,0,787.0,25.0,0,1019.0,28.0,0,874.0,24.0,0,581.0,17.0,0,353.0,9.0,0,114.0,0.0,0,,,0,,,0,,,0,,,0,,,0,,,0,,,0,,,0,,,0,17641.0
86101,60301,2020-09-04,47.0,928.0,,0,,,0,,0.0,0.0,0,79.0,0.0,0,181.0,17.0,0,192.0,12.0,0,128.0,0.0,0,134.0,8.0,0,96.0,0.0,0,89.0,0.0,0,29.0,0.0,0,,,0,,,0,,,0,,,0,,,0,,,0,,,0,,,0,,,0,2536.0
86102,60302,2020-09-04,394.0,11235.0,,0,,,0,,0.0,0.0,0,1407.0,57.0,0,1548.0,61.0,0,1601.0,57.0,0,1701.0,64.0,0,1701.0,53.0,0,1442.0,41.0,0,1106.0,30.0,0,727.0,31.0,0,,,0,,,0,,,0,,,0,,,0,,,0,,,0,,,0,,,0,32048.0
86104,60304,2020-09-04,156.0,5326.0,,0,,,0,,0.0,0.0,0,885.0,22.0,0,647.0,31.0,0,801.0,25.0,0,1033.0,28.0,0,894.0,24.0,0,591.0,17.0,0,357.0,9.0,0,116.0,0.0,0,,,0,,,0,,,0,,,0,,,0,,,0,,,0,,,0,,,0,17641.0
87108,60301,2020-09-05,,,,0,,,0,,,,0,,,0,,,0,,,0,,,0,,,0,,,0,,,0,,,0,,,0,,,0,,,0,,,0,,,0,,,0,,,0,,,0,,,0,2536.0
87109,60302,2020-09-05,,,,0,,,0,,,,0,,,0,,,0,,,0,,,0,,,0,,,0,,,0,,,0,,,0,,,0,,,0,,,0,,,0,,,0,,,0,,,0,,,0,32048.0
87111,60304,2020-09-05,,,,0,,,0,,,,0,,,0,,,0,,,0,,,0,,,0,,,0,,,0,,,0,,,0,,,0,,,0,,,0,,,0,,,0,,,0,,,0,,,0,17641.0
88115,60301,2020-09-06,48.0,953.0,,0,,,0,,0.0,0.0,0,84.0,0.0,0,188.0,17.0,0,196.0,12.0,0,129.0,0.0,0,138.0,7.0,0,98.0,0.0,0,90.0,0.0,0,30.0,0.0,0,,,0,,,0,,,0,,,0,,,0,,,0,,,0,,,0,,,0,2536.0
88116,60302,2020-09-06,400.0,11609.0,,0,,,0,,0.0,0.0,0,1454.0,61.0,0,1599.0,61.0,0,1662.0,56.0,0,1759.0,66.0,0,1759.0,54.0,0,1490.0,41.0,0,1136.0,30.0,0,748.0,31.0,0,,,0,,,0,,,0,,,0,,,0,,,0,,,0,,,0,,,0,32048.0
88117,60304,2020-09-06,161.0,5489.0,,0,,,0,,0.0,0.0,0,920.0,25.0,0,667.0,31.0,0,819.0,26.0,0,1070.0,28.0,0,917.0,25.0,0,609.0,17.0,0,367.0,9.0,0,118.0,0.0,0,,,0,,,0,,,0,,,0,,,0,,,0,,,0,,,0,,,0,17641.0
89131,60301,2020-09-07,48.0,956.0,,0,,,0,,0.0,0.0,0,84.0,0.0,0,188.0,17.0,0,197.0,12.0,0,129.0,0.0,0,139.0,7.0,0,99.0,0.0,0,90.0,0.0,0,30.0,0.0,0,,,0,,,0,,,0,,,0,,,0,,,0,,,0,,,0,,,0,2536.0
89132,60302,2020-09-07,405.0,11685.0,,0,,,0,,0.0,0.0,0,1470.0,65.0,0,1610.0,62.0,0,1674.0,56.0,0,1766.0,66.0,0,1771.0,54.0,0,1499.0,41.0,0,1144.0,30.0,0,749.0,31.0,0,,,0,,,0,,,0,,,0,,,0,,,0,,,0,,,0,,,0,32048.0
89133,60304,2020-09-07,164.0,5528.0,,0,,,0,,0.0,0.0,0,927.0,28.0,0,669.0,31.0,0,830.0,26.0,0,1082.0,28.0,0,920.0,25.0,0,612.0,17.0,0,368.0,9.0,0,118.0,0.0,0,,,0,,,0,,,0,,,0,,,0,,,0,,,0,,,0,,,0,17641.0
90152,60301,2020-09-08,49.0,971.0,,0,,,0,,0.0,0.0,0,85.0,0.0,0,194.0,18.0,0,200.0,12.0,0,130.0,0.0,0,140.0,7.0,0,100.0,0.0,0,92.0,0.0,0,30.0,0.0,0,,,0,,,0,,,0,,,0,,,0,,,0,,,0,,,0,,,0,2536.0
90153,60302,2020-09-08,407.0,11859.0,,0,,,0,,0.0,0.0,0,1498.0,66.0,0,1632.0,62.0,0,1692.0,56.0,0,1786.0,66.0,0,1811.0,54.0,0,1526.0,41.0,0,1159.0,31.0,0,753.0,31.0,0,,,0,,,0,,,0,,,0,,,0,,,0,,,0,,,0,,,0,32048.0
90154,60304,2020-09-08,164.0,5569.0,,0,,,0,,0.0,0.0,0,938.0,28.0,0,673.0,31.0,0,837.0,26.0,0,1089.0,28.0,0,926.0,25.0,0,616.0,17.0,0,370.0,9.0,0,118.0,0.0,0,,,0,,,0,,,0,,,0,,,0,,,0,,,0,,,0,,,0,17641.0
91174,60301,2020-09-09,52.0,978.0,,0,,,0,,0.0,0.0,0,85.0,0.0,0,196.0,18.0,0,202.0,13.0,0,130.0,0.0,0,141.0,7.0,0,101.0,0.0,0,93.0,0.0,0,30.0,0.0,0,,,0,,,0,,,0,,,0,,,0,,,0,,,0,,,0,,,0,2536.0
91175,60302,2020-09-09,407.0,11924.0,,0,,,0,,0.0,0.0,0,1513.0,66.0,0,1635.0,62.0,0,1702.0,56.0,0,1791.0,66.0,0,1823.0,54.0,0,1537.0,41.0,0,1163.0,31.0,0,758.0,31.0,0,,,0,,,0,,,0,,,0,,,0,,,0,,,0,,,0,,,0,32048.0
91176,60304,2020-09-09,165.0,5604.0,,0,,,0,,0.0,0.0,0,947.0,29.0,0,678.0,31.0,0,846.0,26.0,0,1091.0,28.0,0,929.0,25.0,0,620.0,17.0,0,372.0,9.0,0,119.0,0.0,0,,,0,,,0,,,0,,,0,,,0,,,0,,,0,,,0,,,0,17641.0
92198,60301,2020-09-10,53.0,985.0,,0,,,0,,0.0,0.0,0,85.0,0.0,0,198.0,19.0,0,203.0,13.0,0,130.0,0.0,0,141.0,7.0,0,102.0,0.0,0,96.0,0.0,0,30.0,0.0,0,,,0,,,0,,,0,,,0,,,0,,,0,,,0,,,0,,,0,2536.0
92199,60302,2020-09-10,412.0,12009.0,,0,,,0,,0.0,0.0,0,1526.0,68.0,0,1651.0,62.0,0,1710.0,58.0,0,1803.0,66.0,0,1840.0,54.0,0,1549.0,42.0,0,1169.0,31.0,0,759.0,31.0,0,,,0,,,0,,,0,,,0,,,0,,,0,,,0,,,0,,,0,32048.0
92200,60304,2020-09-10,166.0,5645.0,,0,,,0,,0.0,0.0,0,954.0,29.0,0,684.0,31.0,0,853.0,27.0,0,1104.0,28.0,0,935.0,25.0,0,622.0,17.0,0,372.0,9.0,0,119.0,0.0,0,,,0,,,0,,,0,,,0,,,0,,,0,,,0,,,0,,,0,17641.0
93227,60301,2020-09-11,53.0,993.0,,0,,,0,,0.0,0.0,0,87.0,0.0,0,199.0,19.0,0,205.0,13.0,0,131.0,0.0,0,143.0,7.0,0,102.0,0.0,0,96.0,0.0,0,30.0,0.0,0,,,0,,,0,,,0,,,0,,,0,,,0,,,0,,,0,,,0,2536.0
93228,60302,2020-09-11,414.0,12125.0,,0,,,0,,0.0,0.0,0,1545.0,69.0,0,1666.0,63.0,0,1734.0,58.0,0,1813.0,66.0,0,1860.0,54.0,0,1565.0,42.0,0,1177.0,31.0,0,763.0,31.0,0,,,0,,,0,,,0,,,0,,,0,,,0,,,0,,,0,,,0,32048.0
93229,60304,2020-09-11,170.0,5720.0,,0,,,0,,0.0,0.0,0,973.0,31.0,0,696.0,32.0,0,860.0,28.0,0,1117.0,28.0,0,946.0,25.0,0,623.0,17.0,0,383.0,9.0,0,120.0,0.0,0,,,0,,,0,,,0,,,0,,,0,,,0,,,0,,,0,,,0,17641.0
94260,60301,2020-09-12,55.0,1002.0,,0,,,0,,0.0,0.0,0,88.0,6.0,0,199.0,19.0,0,207.0,14.0,0,133.0,0.0,0,147.0,7.0,0,102.0,0.0,0,96.0,0.0,0,30.0,0.0,0,,,0,,,0,,,0,,,0,,,0,,,0,,,0,,,0,,,0,2536.0
94261,60302,2020-09-12,422.0,12236.0,,0,,,0,,0.0,0.0,0,1569.0,69.0,0,1683.0,66.0,0,1748.0,58.0,0,1828.0,68.0,0,1880.0,55.0,0,1574.0,44.0,0,1182.0,31.0,0,770.0,31.0,0,,,0,,,0,,,0,,,0,,,0,,,0,,,0,,,0,,,0,32048.0
94262,60304,2020-09-12,173.0,5774.0,,0,,,0,,0.0,0.0,0,982.0,31.0,0,707.0,33.0,0,870.0,28.0,0,1121.0,28.0,0,955.0,27.0,0,632.0,17.0,0,385.0,9.0,0,120.0,0.0,0,,,0,,,0,,,0,,,0,,,0,,,0,,,0,,,0,,,0,17641.0
95303,60301,2020-09-13,,,,0,,,0,,,,0,,,0,,,0,,,0,,,0,,,0,,,0,,,0,,,0,,,0,,,0,,,0,,,0,,,0,,,0,,,0,,,0,,,0,2536.0
95304,60302,2020-09-13,,,,0,,,0,,,,0,,,0,,,0,,,0,,,0,,,0,,,0,,,0,,,0,,,0,,,0,,,0,,,0,,,0,,,0,,,0,,,0,,,0,32048.0
95305,60304,2020-09-13,,,,0,,,0,,,,0,,,0,,,0,,,0,,,0,,,0,,,0,,,0,,,0,,,0,,,0,,,0,,,0,,,0,,,0,,,0,,,0,,,0,17641.0
96347,60301,2020-09-14,55.0,1025.0,,0,,,0,,0.0,0.0,0,91.0,6.0,0,205.0,19.0,0,212.0,14.0,0,137.0,0.0,0,149.0,7.0,0,105.0,0.0,0,96.0,0.0,0,30.0,0.0,0,,,0,,,0,,,0,,,0,,,0,,,0,,,0,,,0,,,0,2536.0
96348,60302,2020-09-14,425.0,12460.0,,0,,,0,,0.0,0.0,0,1600.0,69.0,0,1723.0,65.0,0,1796.0,58.0,0,1854.0,69.0,0,1913.0,56.0,0,1597.0,46.0,0,1199.0,31.0,0,776.0,31.0,0,,,0,,,0,,,0,,,0,,,0,,,0,,,0,,,0,,,0,32048.0
96349,60304,2020-09-14,176.0,5875.0,,0,,,0,,0.0,0.0,0,996.0,30.0,0,718.0,33.0,0,889.0,28.0,0,1140.0,30.0,0,968.0,28.0,0,650.0,18.0,0,389.0,9.0,0,123.0,0.0,0,,,0,,,0,,,0,,,0,,,0,,,0,,,0,,,0,,,0,17641.0
97400,60301,2020-09-15,55.0,1028.0,,0,,,0,,0.0,0.0,0,91.0,6.0,0,213.0,19.0,0,212.0,14.0,0,136.0,0.0,0,149.0,7.0,0,101.0,0.0,0,98.0,0.0,0,28.0,0.0,0,,,0,,,0,,,0,,,0,,,0,,,0,,,0,,,0,,,0,2536.0
97401,60302,2020-09-15,427.0,12527.0,,0,,,0,,0.0,0.0,0,1642.0,69.0,0,1740.0,65.0,0,1812.0,58.0,0,1860.0,70.0,0,1928.0,57.0,0,1582.0,46.0,0,1194.0,31.0,0,767.0,31.0,0,,,0,,,0,,,0,,,0,,,0,,,0,,,0,,,0,,,0,32048.0
97402,60304,2020-09-15,176.0,5908.0,,0,,,0,,0.0,0.0,0,1010.0,30.0,0,724.0,33.0,0,897.0,28.0,0,1148.0,30.0,0,965.0,27.0,0,654.0,19.0,0,387.0,9.0,0,121.0,0.0,0,,,0,,,0,,,0,,,0,,,0,,,0,,,0,,,0,,,0,17641.0
98455,60301,2020-09-16,55.0,1035.0,,0,,,0,,0.0,0.0,0,91.0,6.0,0,217.0,19.0,0,213.0,14.0,0,136.0,0.0,0,150.0,7.0,0,102.0,0.0,0,98.0,0.0,0,28.0,0.0,0,,,0,,,0,,,0,,,0,,,0,,,0,,,0,,,0,,,0,2536.0
98456,60302,2020-09-16,430.0,12629.0,,0,,,0,,0.0,0.0,0,1662.0,70.0,0,1751.0,65.0,0,1823.0,58.0,0,1874.0,70.0,0,1947.0,59.0,0,1597.0,46.0,0,1201.0,31.0,0,772.0,31.0,0,,,0,,,0,,,0,,,0,,,0,,,0,,,0,,,0,,,0,32048.0
98458,60304,2020-09-16,176.0,5966.0,,0,,,0,,0.0,0.0,0,1017.0,30.0,0,733.0,33.0,0,906.0,28.0,0,1161.0,30.0,0,972.0,27.0,0,664.0,19.0,0,388.0,9.0,0,123.0,0.0,0,,,0,,,0,,,0,,,0,,,0,,,0,,,0,,,0,,,0,17641.0
99518,60301,2020-09-17,55.0,1041.0,,0,,,0,,0.0,0.0,0,91.0,6.0,0,220.0,19.0,0,213.0,14.0,0,136.0,0.0,0,151.0,7.0,0,103.0,0.0,0,99.0,0.0,0,28.0,0.0,0,,,0,,,0,,,0,,,0,,,0,,,0,,,0,,,0,,,0,2536.0
99519,60302,2020-09-17,431.0,12739.0,,0,,,0,,0.0,0.0,0,1674.0,71.0,0,1766.0,65.0,0,1837.0,59.0,0,1886.0,70.0,0,1965.0,58.0,0,1618.0,46.0,0,1213.0,31.0,0,778.0,31.0,0,,,0,,,0,,,0,,,0,,,0,,,0,,,0,,,0,,,0,32048.0
99521,60304,2020-09-17,182.0,6018.0,,0,,,0,,0.0,0.0,0,1029.0,31.0,0,741.0,35.0,0,914.0,29.0,0,1169.0,30.0,0,979.0,28.0,0,665.0,19.0,0,395.0,10.0,0,124.0,0.0,0,,,0,,,0,,,0,,,0,,,0,,,0,,,0,,,0,,,0,17641.0
100590,60301,2020-09-18,54.0,1061.0,,0,,,0,,0.0,0.0,0,92.0,6.0,0,228.0,19.0,0,215.0,13.0,0,138.0,0.0,0,153.0,7.0,0,107.0,0.0,0,100.0,0.0,0,28.0,0.0,0,,,0,,,0,,,0,,,0,,,0,,,0,,,0,,,0,,,0,2536.0
100591,60302,2020-09-18,437.0,12856.0,,0,,,0,,0.0,0.0,0,1691.0,71.0,0,1783.0,68.0,0,1860.0,61.0,0,1914.0,71.0,0,1977.0,58.0,0,1628.0,46.0,0,1220.0,31.0,0,781.0,31.0,0,,,0,,,0,,,0,,,0,,,0,,,0,,,0,,,0,,,0,32048.0
100593,60304,2020-09-18,184.0,6077.0,,0,,,0,,0.0,0.0,0,1036.0,31.0,0,749.0,36.0,0,922.0,30.0,0,1182.0,30.0,0,989.0,28.0,0,669.0,19.0,0,403.0,10.0,0,125.0,0.0,0,,,0,,,0,,,0,,,0,,,0,,,0,,,0,,,0,,,0,17641.0
101663,60301,2020-09-19,54.0,1077.0,,0,,,0,,0.0,0.0,0,93.0,6.0,0,231.0,19.0,0,219.0,13.0,0,142.0,0.0,0,155.0,7.0,0,107.0,0.0,0,102.0,0.0,0,28.0,0.0,0,,,0,,,0,,,0,,,0,,,0,,,0,,,0,,,0,,,0,2536.0
101664,60302,2020-09-19,439.0,12994.0,,0,,,0,,0.0,0.0,0,1706.0,71.0,0,1804.0,68.0,0,1889.0,62.0,0,1932.0,71.0,0,2000.0,58.0,0,1649.0,47.0,0,1230.0,31.0,0,782.0,31.0,0,,,0,,,0,,,0,,,0,,,0,,,0,,,0,,,0,,,0,32048.0
101666,60304,2020-09-19,185.0,6131.0,,0,,,0,,0.0,0.0,0,1042.0,32.0,0,758.0,36.0,0,932.0,30.0,0,1191.0,30.0,0,997.0,28.0,0,672.0,19.0,0,410.0,10.0,0,127.0,0.0,0,,,0,,,0,,,0,,,0,,,0,,,0,,,0,,,0,,,0,17641.0
102739,60301,2020-09-20,54.0,1089.0,,0,,,0,,0.0,0.0,0,95.0,6.0,0,233.0,19.0,0,223.0,13.0,0,143.0,0.0,0,155.0,7.0,0,108.0,0.0,0,104.0,0.0,0,28.0,0.0,0,,,0,,,0,,,0,,,0,,,0,,,0,,,0,,,0,,,0,2536.0
102740,60302,2020-09-20,439.0,13088.0,,0,,,0,,0.0,0.0,0,1723.0,71.0,0,1820.0,67.0,0,1900.0,63.0,0,1946.0,71.0,0,2012.0,58.0,0,1661.0,47.0,0,1239.0,31.0,0,785.0,31.0,0,,,0,,,0,,,0,,,0,,,0,,,0,,,0,,,0,,,0,32048.0
102742,60304,2020-09-20,185.0,6179.0,,0,,,0,,0.0,0.0,0,1050.0,32.0,0,764.0,36.0,0,942.0,30.0,0,1197.0,30.0,0,1006.0,28.0,0,678.0,19.0,0,413.0,10.0,0,127.0,0.0,0,,,0,,,0,,,0,,,0,,,0,,,0,,,0,,,0,,,0,17641.0
103817,60301,2020-09-21,54.0,1092.0,,0,,,0,,0.0,0.0,0,95.0,6.0,0,234.0,19.0,0,224.0,13.0,0,144.0,0.0,0,155.0,7.0,0,108.0,0.0,0,104.0,0.0,0,28.0,0.0,0,,,0,,,0,,,0,,,0,,,0,,,0,,,0,,,0,,,0,2536.0
103818,60302,2020-09-21,439.0,13157.0,,0,,,0,,0.0,0.0,0,1731.0,71.0,0,1825.0,67.0,0,1911.0,63.0,0,1957.0,71.0,0,2022.0,58.0,0,1671.0,47.0,0,1248.0,31.0,0,790.0,31.0,0,,,0,,,0,,,0,,,0,,,0,,,0,,,0,,,0,,,0,32048.0
103820,60304,2020-09-21,185.0,6208.0,,0,,,0,,0.0,0.0,0,1055.0,32.0,0,767.0,36.0,0,944.0,30.0,0,1202.0,30.0,0,1012.0,28.0,0,684.0,19.0,0,415.0,10.0,0,127.0,0.0,0,,,0,,,0,,,0,,,0,,,0,,,0,,,0,,,0,,,0,17641.0
104898,60301,2020-09-22,54.0,1093.0,,0,,,0,,0.0,0.0,0,95.0,6.0,0,234.0,19.0,0,224.0,13.0,0,144.0,0.0,0,155.0,7.0,0,108.0,0.0,0,105.0,0.0,0,28.0,0.0,0,,,0,,,0,,,0,,,0,,,0,,,0,,,0,,,0,,,0,2536.0
104899,60302,2020-09-22,443.0,13218.0,,0,,,0,,0.0,0.0,0,1735.0,71.0,0,1839.0,68.0,0,1923.0,65.0,0,1962.0,72.0,0,2033.0,58.0,0,1680.0,47.0,0,1252.0,31.0,0,792.0,31.0,0,,,0,,,0,,,0,,,0,,,0,,,0,,,0,,,0,,,0,32048.0
104901,60304,2020-09-22,185.0,6237.0,,0,,,0,,0.0,0.0,0,1060.0,32.0,0,768.0,36.0,0,950.0,30.0,0,1207.0,30.0,0,1017.0,28.0,0,688.0,19.0,0,418.0,10.0,0,127.0,0.0,0,,,0,,,0,,,0,,,0,,,0,,,0,,,0,,,0,,,0,17641.0
105982,60301,2020-09-23,54.0,1107.0,,0,,,0,,0.0,0.0,0,97.0,6.0,0,240.0,19.0,0,228.0,13.0,0,144.0,0.0,0,155.0,7.0,0,108.0,0.0,0,105.0,0.0,0,30.0,0.0,0,,,0,,,0,,,0,,,0,,,0,,,0,,,0,,,0,,,0,2536.0
105983,60302,2020-09-23,446.0,13294.0,,0,,,0,,0.0,0.0,0,1747.0,72.0,0,1853.0,69.0,0,1933.0,66.0,0,1971.0,72.0,0,2044.0,58.0,0,1687.0,47.0,0,1262.0,31.0,0,794.0,31.0,0,,,0,,,0,,,0,,,0,,,0,,,0,,,0,,,0,,,0,32048.0
105985,60304,2020-09-23,186.0,6294.0,,0,,,0,,0.0,0.0,0,1070.0,32.0,0,775.0,37.0,0,954.0,30.0,0,1218.0,30.0,0,1029.0,28.0,0,697.0,19.0,0,421.0,10.0,0,128.0,0.0,0,,,0,,,0,,,0,,,0,,,0,,,0,,,0,,,0,,,0,17641.0
107076,60301,2020-09-24,54.0,1120.0,,0,,,0,,0.0,0.0,0,98.0,6.0,0,243.0,19.0,0,229.0,13.0,0,146.0,0.0,0,159.0,7.0,0,108.0,0.0,0,106.0,0.0,0,31.0,0.0,0,,,0,,,0,,,0,,,0,,,0,,,0,,,0,,,0,,,0,2536.0
107077,60302,2020-09-24,449.0,13400.0,,0,,,0,,0.0,0.0,0,1767.0,72.0,0,1866.0,70.0,0,1946.0,66.0,0,1990.0,72.0,0,2057.0,60.0,0,1701.0,47.0,0,1270.0,31.0,0,800.0,31.0,0,,,0,,,0,,,0,,,0,,,0,,,0,,,0,,,0,,,0,32048.0
107079,60304,2020-09-24,186.0,6342.0,,0,,,0,,0.0,0.0,0,1077.0,32.0,0,784.0,37.0,0,964.0,30.0,0,1230.0,30.0,0,1032.0,28.0,0,700.0,19.0,0,423.0,10.0,0,130.0,0.0,0,,,0,,,0,,,0,,,0,,,0,,,0,,,0,,,0,,,0,17641.0
108175,60301,2020-09-25,56.0,1129.0,,0,,,0,,0.0,0.0,0,99.0,6.0,0,247.0,20.0,0,229.0,13.0,0,149.0,6.0,0,160.0,7.0,0,108.0,0.0,0,106.0,0.0,0,31.0,0.0,0,,,0,,,0,,,0,,,0,,,0,,,0,,,0,,,0,,,0,2536.0
108176,60302,2020-09-25,454.0,13544.0,,0,,,0,,0.0,0.0,0,1799.0,75.0,0,1889.0,70.0,0,1964.0,65.0,0,2007.0,73.0,0,2075.0,61.0,0,1715.0,47.0,0,1283.0,31.0,0,809.0,32.0,0,,,0,,,0,,,0,,,0,,,0,,,0,,,0,,,0,,,0,32048.0
108178,60304,2020-09-25,189.0,6409.0,,0,,,0,,0.0,0.0,0,1082.0,33.0,0,792.0,38.0,0,978.0,30.0,0,1246.0,30.0,0,1042.0,28.0,0,706.0,19.0,0,430.0,10.0,0,131.0,0.0,0,,,0,,,0,,,0,,,0,,,0,,,0,,,0,,,0,,,0,17641.0
109279,60301,2020-09-26,56.0,1142.0,,0,,,0,,0.0,0.0,0,102.0,6.0,0,250.0,20.0,0,231.0,13.0,0,153.0,6.0,0,161.0,7.0,0,108.0,0.0,0,106.0,0.0,0,31.0,0.0,0,,,0,,,0,,,0,,,0,,,0,,,0,,,0,,,0,,,0,2536.0
109280,60302,2020-09-26,456.0,13709.0,,0,,,0,,0.0,0.0,0,1821.0,75.0,0,1913.0,70.0,0,1992.0,66.0,0,2038.0,73.0,0,2102.0,62.0,0,1739.0,47.0,0,1289.0,31.0,0,812.0,32.0,0,,,0,,,0,,,0,,,0,,,0,,,0,,,0,,,0,,,0,32048.0
109282,60304,2020-09-26,190.0,6504.0,,0,,,0,,0.0,0.0,0,1092.0,32.0,0,798.0,38.0,0,996.0,31.0,0,1273.0,30.0,0,1059.0,28.0,0,716.0,20.0,0,435.0,10.0,0,133.0,0.0,0,,,0,,,0,,,0,,,0,,,0,,,0,,,0,,,0,,,0,17641.0
110387,60301,2020-09-27,,,,0,,,0,,,,0,,,0,,,0,,,0,,,0,,,0,,,0,,,0,,,0,,,0,,,0,,,0,,,0,,,0,,,0,,,0,,,0,,,0,2536.0
110388,60302,2020-09-27,,,,0,,,0,,,,0,,,0,,,0,,,0,,,0,,,0,,,0,,,0,,,0,,,0,,,0,,,0,,,0,,,0,,,0,,,0,,,0,,,0,32048.0
110390,60304,2020-09-27,,,,0,,,0,,,,0,,,0,,,0,,,0,,,0,,,0,,,0,,,0,,,0,,,0,,,0,,,0,,,0,,,0,,,0,,,0,,,0,,,0,17641.0
111495,60301,2020-09-28,57.0,1167.0,,0,,,0,,0.0,0.0,0,103.0,6.0,0,251.0,20.0,0,240.0,13.0,0,154.0,6.0,0,166.0,8.0,0,110.0,0.0,0,111.0,0.0,0,32.0,0.0,0,,,0,,,0,,,0,,,0,,,0,,,0,,,0,,,0,,,0,2536.0
111496,60302,2020-09-28,462.0,13941.0,,0,,,0,,0.0,0.0,0,1851.0,75.0,0,1946.0,71.0,0,2031.0,67.0,0,2084.0,75.0,0,2142.0,63.0,0,1764.0,47.0,0,1298.0,32.0,0,822.0,32.0,0,,,0,,,0,,,0,,,0,,,0,,,0,,,0,,,0,,,0,32048.0
111498,60304,2020-09-28,197.0,6626.0,,0,,,0,,0.0,0.0,0,1110.0,32.0,0,810.0,40.0,0,1019.0,36.0,0,1294.0,30.0,0,1084.0,28.0,0,730.0,20.0,0,443.0,10.0,0,134.0,0.0,0,,,0,,,0,,,0,,,0,,,0,,,0,,,0,,,0,,,0,17641.0
112610,60301,2020-09-29,57.0,1176.0,,0,,,0,,0.0,0.0,0,105.0,6.0,0,251.0,20.0,0,245.0,13.0,0,154.0,6.0,0,168.0,8.0,0,110.0,0.0,0,111.0,0.0,0,32.0,0.0,0,,,0,,,0,,,0,,,0,,,0,,,0,,,0,,,0,,,0,2536.0
112611,60302,2020-09-29,460.0,14001.0,,0,,,0,,0.0,0.0,0,1856.0,75.0,0,1957.0,70.0,0,2037.0,66.0,0,2095.0,75.0,0,2151.0,62.0,0,1773.0,48.0,0,1303.0,32.0,0,826.0,32.0,0,,,0,,,0,,,0,,,0,,,0,,,0,,,0,,,0,,,0,32048.0
112613,60304,2020-09-29,195.0,6666.0,,0,,,0,,0.0,0.0,0,1119.0,33.0,0,813.0,39.0,0,1022.0,34.0,0,1310.0,30.0,0,1087.0,28.0,0,733.0,20.0,0,446.0,10.0,0,134.0,0.0,0,,,0,,,0,,,0,,,0,,,0,,,0,,,0,,,0,,,0,17641.0
113730,60301,2020-09-30,58.0,1182.0,,0,,,0,,0.0,0.0,0,106.0,6.0,0,251.0,20.0,0,246.0,13.0,0,155.0,7.0,0,170.0,8.0,0,111.0,0.0,0,111.0,0.0,0,32.0,0.0,0,,,0,,,0,,,0,,,0,,,0,,,0,,,0,,,0,,,0,2536.0
113731,60302,2020-09-30,465.0,14119.0,,0,,,0,,0.0,0.0,0,1879.0,78.0,0,1978.0,71.0,0,2049.0,67.0,0,2114.0,75.0,0,2167.0,62.0,0,1787.0,48.0,0,1310.0,32.0,0,832.0,32.0,0,,,0,,,0,,,0,,,0,,,0,,,0,,,0,,,0,,,0,32048.0
113733,60304,2020-09-30,198.0,6748.0,,0,,,0,,0.0,0.0,0,1141.0,34.0,0,816.0,40.0,0,1042.0,34.0,0,1329.0,30.0,0,1095.0,28.0,0,740.0,21.0,0,447.0,10.0,0,136.0,0.0,0,,,0,,,0,,,0,,,0,,,0,,,0,,,0,,,0,,,0,17641.0
114858,60301,2020-10-01,58.0,1190.0,,0,,,0,,0.0,0.0,0,106.0,6.0,0,252.0,20.0,0,250.0,13.0,0,156.0,7.0,0,170.0,8.0,0,111.0,0.0,0,112.0,0.0,0,33.0,0.0,0,,,0,,,0,,,0,,,0,,,0,,,0,,,0,,,0,,,0,2536.0
114859,60302,2020-10-01,469.0,14240.0,,0,,,0,,0.0,0.0,0,1897.0,78.0,0,1990.0,73.0,0,2066.0,67.0,0,2134.0,75.0,0,2187.0,62.0,0,1808.0,49.0,0,1318.0,33.0,0,837.0,32.0,0,,,0,,,0,,,0,,,0,,,0,,,0,,,0,,,0,,,0,32048.0
114861,60304,2020-10-01,199.0,6813.0,,0,,,0,,0.0,0.0,0,1149.0,34.0,0,827.0,40.0,0,1053.0,34.0,0,1341.0,30.0,0,1106.0,29.0,0,747.0,21.0,0,450.0,10.0,0,138.0,0.0,0,,,0,,,0,,,0,,,0,,,0,,,0,,,0,,,0,,,0,17641.0
115990,60301,2020-10-02,59.0,1201.0,,0,,,0,,0.0,0.0,0,106.0,6.0,0,255.0,20.0,0,254.0,13.0,0,157.0,7.0,0,171.0,8.0,0,112.0,0.0,0,113.0,0.0,0,33.0,0.0,0,,,0,,,0,,,0,,,0,,,0,,,0,,,0,,,0,,,0,2536.0
115991,60302,2020-10-02,471.0,14355.0,,0,,,0,,0.0,0.0,0,1911.0,78.0,0,2013.0,73.0,0,2084.0,68.0,0,2154.0,76.0,0,2204.0,62.0,0,1821.0,49.0,0,1326.0,33.0,0,839.0,32.0,0,,,0,,,0,,,0,,,0,,,0,,,0,,,0,,,0,,,0,32048.0
115993,60304,2020-10-02,200.0,6889.0,,0,,,0,,0.0,0.0,0,1159.0,34.0,0,844.0,41.0,0,1062.0,34.0,0,1355.0,30.0,0,1122.0,29.0,0,752.0,21.0,0,453.0,10.0,0,140.0,0.0,0,,,0,,,0,,,0,,,0,,,0,,,0,,,0,,,0,,,0,17641.0
117126,60301,2020-10-03,59.0,1213.0,,0,,,0,,0.0,0.0,0,108.0,6.0,0,260.0,20.0,0,256.0,13.0,0,159.0,7.0,0,172.0,8.0,0,112.0,0.0,0,113.0,0.0,0,33.0,0.0,0,,,0,,,0,,,0,,,0,,,0,,,0,,,0,,,0,,,0,2536.0
117127,60302,2020-10-03,472.0,14462.0,,0,,,0,,0.0,0.0,0,1920.0,78.0,0,2030.0,74.0,0,2097.0,68.0,0,2177.0,76.0,0,2224.0,62.0,0,1838.0,49.0,0,1334.0,33.0,0,839.0,32.0,0,,,0,,,0,,,0,,,0,,,0,,,0,,,0,,,0,,,0,32048.0
117129,60304,2020-10-03,200.0,6963.0,,0,,,0,,0.0,0.0,0,1172.0,34.0,0,852.0,41.0,0,1080.0,34.0,0,1373.0,30.0,0,1133.0,29.0,0,755.0,21.0,0,456.0,10.0,0,140.0,0.0,0,,,0,,,0,,,0,,,0,,,0,,,0,,,0,,,0,,,0,17641.0
118266,60301,2020-10-04,59.0,1227.0,,0,,,0,,0.0,0.0,0,111.0,6.0,0,264.0,20.0,0,258.0,13.0,0,160.0,7.0,0,175.0,8.0,0,112.0,0.0,0,114.0,0.0,0,33.0,0.0,0,,,0,,,0,,,0,,,0,,,0,,,0,,,0,,,0,,,0,2536.0
118267,60302,2020-10-04,474.0,14568.0,,0,,,0,,0.0,0.0,0,1937.0,79.0,0,2051.0,75.0,0,2117.0,68.0,0,2194.0,76.0,0,2239.0,62.0,0,1849.0,49.0,0,1339.0,33.0,0,839.0,32.0,0,,,0,,,0,,,0,,,0,,,0,,,0,,,0,,,0,,,0,32048.0
118269,60304,2020-10-04,201.0,7011.0,,0,,,0,,0.0,0.0,0,1179.0,34.0,0,860.0,41.0,0,1092.0,34.0,0,1384.0,30.0,0,1139.0,29.0,0,758.0,22.0,0,457.0,10.0,0,140.0,0.0,0,,,0,,,0,,,0,,,0,,,0,,,0,,,0,,,0,,,0,17641.0
119409,60301,2020-10-05,59.0,1231.0,,0,,,0,,0.0,0.0,0,112.0,6.0,0,264.0,20.0,0,259.0,13.0,0,160.0,7.0,0,176.0,8.0,0,113.0,0.0,0,114.0,0.0,0,33.0,0.0,0,,,0,,,0,,,0,,,0,,,0,,,0,,,0,,,0,,,0,2536.0
119410,60302,2020-10-05,477.0,14685.0,,0,,,0,,0.0,0.0,0,1960.0,79.0,0,2064.0,75.0,0,2130.0,68.0,0,2211.0,77.0,0,2256.0,64.0,0,1867.0,49.0,0,1351.0,33.0,0,843.0,32.0,0,,,0,,,0,,,0,,,0,,,0,,,0,,,0,,,0,,,0,32048.0
119412,60304,2020-10-05,202.0,7056.0,,0,,,0,,0.0,0.0,0,1190.0,34.0,0,865.0,41.0,0,1098.0,34.0,0,1390.0,30.0,0,1150.0,30.0,0,761.0,22.0,0,459.0,10.0,0,141.0,0.0,0,,,0,,,0,,,0,,,0,,,0,,,0,,,0,,,0,,,0,17641.0
120555,60301,2020-10-06,59.0,1235.0,,0,,,0,,0.0,0.0,0,112.0,6.0,0,266.0,20.0,0,259.0,13.0,0,160.0,7.0,0,176.0,8.0,0,115.0,0.0,0,114.0,0.0,0,33.0,0.0,0,,,0,,,0,,,0,,,0,,,0,,,0,,,0,,,0,,,0,2536.0
120556,60302,2020-10-06,483.0,14782.0,,0,,,0,,0.0,0.0,0,1974.0,81.0,0,2075.0,75.0,0,2143.0,68.0,0,2229.0,78.0,0,2270.0,65.0,0,1883.0,50.0,0,1358.0,34.0,0,847.0,32.0,0,,,0,,,0,,,0,,,0,,,0,,,0,,,0,,,0,,,0,32048.0
120558,60304,2020-10-06,204.0,7090.0,,0,,,0,,0.0,0.0,0,1194.0,34.0,0,868.0,42.0,0,1104.0,34.0,0,1395.0,31.0,0,1161.0,30.0,0,762.0,22.0,0,463.0,10.0,0,141.0,0.0,0,,,0,,,0,,,0,,,0,,,0,,,0,,,0,,,0,,,0,17641.0
121706,60301,2020-10-07,,,,0,,,0,,,,0,,,0,,,0,,,0,,,0,,,0,,,0,,,0,,,0,,,0,,,0,,,0,,,0,,,0,,,0,,,0,,,0,,,0,2536.0
121707,60302,2020-10-07,,,,0,,,0,,,,0,,,0,,,0,,,0,,,0,,,0,,,0,,,0,,,0,,,0,,,0,,,0,,,0,,,0,,,0,,,0,,,0,,,0,32048.0
121709,60304,2020-10-07,,,,0,,,0,,,,0,,,0,,,0,,,0,,,0,,,0,,,0,,,0,,,0,,,0,,,0,,,0,,,0,,,0,,,0,,,0,,,0,,,0,17641.0
122857,60301,2020-10-08,60.0,1257.0,,0,,,0,,0.0,0.0,0,112.0,6.0,0,274.0,20.0,0,260.0,14.0,0,161.0,7.0,0,177.0,8.0,0,123.0,0.0,0,114.0,0.0,0,36.0,0.0,0,,,0,,,0,,,0,,,0,,,0,,,0,,,0,,,0,,,0,2536.0
122858,60302,2020-10-08,485.0,15157.0,,0,,,0,,0.0,0.0,0,2021.0,81.0,0,2110.0,75.0,0,2209.0,69.0,0,2304.0,79.0,0,2331.0,65.0,0,1927.0,50.0,0,1395.0,34.0,0,857.0,32.0,0,,,0,,,0,,,0,,,0,,,0,,,0,,,0,,,0,,,0,32048.0
122859,60304,2020-10-08,205.0,7256.0,,0,,,0,,0.0,0.0,0,1216.0,34.0,0,889.0,42.0,0,1129.0,34.0,0,1427.0,31.0,0,1191.0,31.0,0,777.0,22.0,0,476.0,10.0,0,148.0,0.0,0,,,0,,,0,,,0,,,0,,,0,,,0,,,0,,,0,,,0,17641.0
124015,60301,2020-10-09,61.0,1268.0,,0,,,0,,0.0,0.0,0,113.0,6.0,0,276.0,21.0,0,263.0,14.0,0,163.0,7.0,0,179.0,8.0,0,124.0,0.0,0,114.0,0.0,0,36.0,0.0,0,,,0,,,0,,,0,,,0,,,0,,,0,,,0,,,0,,,0,2536.0
124016,60302,2020-10-09,488.0,15283.0,,0,,,0,,0.0,0.0,0,2032.0,82.0,0,2128.0,77.0,0,2238.0,69.0,0,2329.0,79.0,0,2350.0,65.0,0,1945.0,50.0,0,1400.0,34.0,0,858.0,32.0,0,,,0,,,0,,,0,,,0,,,0,,,0,,,0,,,0,,,0,32048.0
124017,60304,2020-10-09,209.0,7333.0,,0,,,0,,0.0,0.0,0,1227.0,35.0,0,894.0,43.0,0,1148.0,35.0,0,1445.0,32.0,0,1204.0,31.0,0,785.0,22.0,0,478.0,10.0,0,149.0,0.0,0,,,0,,,0,,,0,,,0,,,0,,,0,,,0,,,0,,,0,17641.0
125176,60301,2020-10-10,,,,0,,,0,,,,0,,,0,,,0,,,0,,,0,,,0,,,0,,,0,,,0,,,0,,,0,,,0,,,0,,,0,,,0,,,0,,,0,,,0,2536.0
125177,60302,2020-10-10,,,,0,,,0,,,,0,,,0,,,0,,,0,,,0,,,0,,,0,,,0,,,0,,,0,,,0,,,0,,,0,,,0,,,0,,,0,,,0,,,0,32048.0
125178,60304,2020-10-10,,,,0,,,0,,,,0,,,0,,,0,,,0,,,0,,,0,,,0,,,0,,,0,,,0,,,0,,,0,,,0,,,0,,,0,,,0,,,0,,,0,17641.0
126337,60301,2020-10-11,,,,0,,,0,,,,0,,,0,,,0,,,0,,,0,,,0,,,0,,,0,,,0,,,0,,,0,,,0,,,0,,,0,,,0,,,0,,,0,,,0,2536.0
126338,60302,2020-10-11,,,,0,,,0,,,,0,,,0,,,0,,,0,,,0,,,0,,,0,,,0,,,0,,,0,,,0,,,0,,,0,,,0,,,0,,,0,,,0,,,0,32048.0
126339,60304,2020-10-11,,,,0,,,0,,,,0,,,0,,,0,,,0,,,0,,,0,,,0,,,0,,,0,,,0,,,0,,,0,,,0,,,0,,,0,,,0,,,0,,,0,17641.0
127500,60301,2020-10-12,63.0,1302.0,,0,,,0,,0.0,0.0,0,114.0,6.0,0,290.0,23.0,0,271.0,14.0,0,168.0,7.0,0,182.0,8.0,0,124.0,0.0,0,115.0,0.0,0,38.0,0.0,0,,,0,,,0,,,0,,,0,,,0,,,0,,,0,,,0,,,0,2536.0
127501,60302,2020-10-12,500.0,15668.0,,0,,,0,,0.0,0.0,0,2088.0,84.0,0,2204.0,79.0,0,2312.0,71.0,0,2388.0,82.0,0,2406.0,66.0,0,1984.0,51.0,0,1416.0,34.0,0,867.0,33.0,0,,,0,,,0,,,0,,,0,,,0,,,0,,,0,,,0,,,0,32048.0
127502,60304,2020-10-12,212.0,7530.0,,0,,,0,,0.0,0.0,0,1264.0,35.0,0,919.0,44.0,0,1185.0,36.0,0,1492.0,33.0,0,1232.0,31.0,0,798.0,22.0,0,486.0,10.0,0,151.0,0.0,0,,,0,,,0,,,0,,,0,,,0,,,0,,,0,,,0,,,0,17641.0
128673,60301,2020-10-13,63.0,1310.0,,0,,,0,,0.0,0.0,0,114.0,6.0,0,293.0,23.0,0,273.0,14.0,0,168.0,7.0,0,182.0,8.0,0,124.0,0.0,0,118.0,0.0,0,38.0,0.0,0,,,0,,,0,,,0,,,0,,,0,,,0,,,0,,,0,,,0,2536.0
128674,60302,2020-10-13,504.0,15787.0,,0,,,0,,0.0,0.0,0,2100.0,85.0,0,2221.0,81.0,0,2340.0,72.0,0,2413.0,81.0,0,2424.0,67.0,0,1995.0,51.0,0,1422.0,34.0,0,869.0,33.0,0,,,0,,,0,,,0,,,0,,,0,,,0,,,0,,,0,,,0,32048.0
128675,60304,2020-10-13,214.0,7590.0,,0,,,0,,0.0,0.0,0,1275.0,35.0,0,929.0,44.0,0,1190.0,36.0,0,1507.0,33.0,0,1242.0,33.0,0,804.0,22.0,0,489.0,10.0,0,151.0,0.0,0,,,0,,,0,,,0,,,0,,,0,,,0,,,0,,,0,,,0,17641.0
129846,60301,2020-10-14,,,,0,,,0,,,,0,,,0,,,0,,,0,,,0,,,0,,,0,,,0,,,0,,,0,,,0,,,0,,,0,,,0,,,0,,,0,,,0,,,0,2536.0
129847,60302,2020-10-14,,,,0,,,0,,,,0,,,0,,,0,,,0,,,0,,,0,,,0,,,0,,,0,,,0,,,0,,,0,,,0,,,0,,,0,,,0,,,0,,,0,32048.0
129848,60304,2020-10-14,,,,0,,,0,,,,0,,,0,,,0,,,0,,,0,,,0,,,0,,,0,,,0,,,0,,,0,,,0,,,0,,,0,,,0,,,0,,,0,,,0,17641.0
131019,60301,2020-10-15,,,,0,,,0,,,,0,,,0,,,0,,,0,,,0,,,0,,,0,,,0,,,0,,,0,,,0,,,0,,,0,,,0,,,0,,,0,,,0,,,0,2536.0
131020,60302,2020-10-15,,,,0,,,0,,,,0,,,0,,,0,,,0,,,0,,,0,,,0,,,0,,,0,,,0,,,0,,,0,,,0,,,0,,,0,,,0,,,0,,,0,32048.0
131021,60304,2020-10-15,,,,0,,,0,,,,0,,,0,,,0,,,0,,,0,,,0,,,0,,,0,,,0,,,0,,,0,,,0,,,0,,,0,,,0,,,0,,,0,,,0,17641.0
132192,60301,2020-10-16,,,,0,,,0,,,,0,,,0,,,0,,,0,,,0,,,0,,,0,,,0,,,0,,,0,,,0,,,0,,,0,,,0,,,0,,,0,,,0,,,0,2536.0
132193,60302,2020-10-16,,,,0,,,0,,,,0,,,0,,,0,,,0,,,0,,,0,,,0,,,0,,,0,,,0,,,0,,,0,,,0,,,0,,,0,,,0,,,0,,,0,32048.0
132194,60304,2020-10-16,,,,0,,,0,,,,0,,,0,,,0,,,0,,,0,,,0,,,0,,,0,,,0,,,0,,,0,,,0,,,0,,,0,,,0,,,0,,,0,,,0,17641.0
133365,60301,2020-10-17,,,,0,,,0,,,,0,,,0,,,0,,,0,,,0,,,0,,,0,,,0,,,0,,,0,,,0,,,0,,,0,,,0,,,0,,,0,,,0,,,0,2536.0
133366,60302,2020-10-17,,,,0,,,0,,,,0,,,0,,,0,,,0,,,0,,,0,,,0,,,0,,,0,,,0,,,0,,,0,,,0,,,0,,,0,,,0,,,0,,,0,32048.0
133367,60304,2020-10-17,,,,0,,,0,,,,0,,,0,,,0,,,0,,,0,,,0,,,0,,,0,,,0,,,0,,,0,,,0,,,0,,,0,,,0,,,0,,,0,,,0,17641.0
134538,60301,2020-10-18,,,,0,,,0,,,,0,,,0,,,0,,,0,,,0,,,0,,,0,,,0,,,0,,,0,,,0,,,0,,,0,,,0,,,0,,,0,,,0,,,0,2536.0
134539,60302,2020-10-18,,,,0,,,0,,,,0,,,0,,,0,,,0,,,0,,,0,,,0,,,0,,,0,,,0,,,0,,,0,,,0,,,0,,,0,,,0,,,0,,,0,32048.0
134540,60304,2020-10-18,,,,0,,,0,,,,0,,,0,,,0,,,0,,,0,,,0,,,0,,,0,,,0,,,0,,,0,,,0,,,0,,,0,,,0,,,0,,,0,,,0,17641.0
135712,60301,2020-10-19,67.0,1402.0,,0,,,0,,,,0,,,0,,,0,,,0,,,0,,,0,,,0,,,0,,,0,,,0,,,0,,,0,,,0,,,0,,,0,,,0,,,0,,,0,2536.0
135713,60302,2020-10-19,523.0,16552.0,,0,,,0,,,,0,,,0,,,0,,,0,,,0,,,0,,,0,,,0,,,0,,,0,,,0,,,0,,,0,,,0,,,0,,,0,,,0,,,0,32048.0
135714,60304,2020-10-19,231.0,8058.0,,0,,,0,,,,0,,,0,,,0,,,0,,,0,,,0,,,0,,,0,,,0,,,0,,,0,,,0,,,0,,,0,,,0,,,0,,,0,,,0,17641.0
136904,60301,2020-10-20,67.0,1410.0,,0,,,0,,,,0,,,0,,,0,,,0,,,0,,,0,,,0,,,0,,,0,,,0,,,0,,,0,,,0,,,0,,,0,,,0,,,0,,,0,2536.0
136905,60302,2020-10-20,530.0,16681.0,,0,,,0,,,,0,,,0,,,0,,,0,,,0,,,0,,,0,,,0,,,0,,,0,,,0,,,0,,,0,,,0,,,0,,,0,,,0,,,0,32048.0
136906,60304,2020-10-20,233.0,8145.0,,0,,,0,,,,0,,,0,,,0,,,0,,,0,,,0,,,0,,,0,,,0,,,0,,,0,,,0,,,0,,,0,,,0,,,0,,,0,,,0,17641.0
138098,60301,2020-10-21,67.0,1425.0,,0,,,0,,,,0,,,0,,,0,,,0,,,0,,,0,,,0,,,0,,,0,,,0,,,0,,,0,,,0,,,0,,,0,,,0,,,0,,,0,2536.0
138099,60302,2020-10-21,538.0,16830.0,,0,,,0,,,,0,,,0,,,0,,,0,,,0,,,0,,,0,,,0,,,0,,,0,,,0,,,0,,,0,,,0,,,0,,,0,,,0,,,0,32048.0
138100,60304,2020-10-21,238.0,8237.0,,0,,,0,,,,0,,,0,,,0,,,0,,,0,,,0,,,0,,,0,,,0,,,0,,,0,,,0,,,0,,,0,,,0,,,0,,,0,,,0,17641.0
139300,60301,2020-10-22,68.0,1447.0,,0,,,0,,,,0,,,0,,,0,,,0,,,0,,,0,,,0,,,0,,,0,,,0,,,0,,,0,,,0,,,0,,,0,,,0,,,0,,,0,2536.0
139301,60302,2020-10-22,539.0,17013.0,,0,,,0,,,,0,,,0,,,0,,,0,,,0,,,0,,,0,,,0,,,0,,,0,,,0,,,0,,,0,,,0,,,0,,,0,,,0,,,0,32048.0
139302,60304,2020-10-22,244.0,8327.0,,0,,,0,,,,0,,,0,,,0,,,0,,,0,,,0,,,0,,,0,,,0,,,0,,,0,,,0,,,0,,,0,,,0,,,0,,,0,,,0,17641.0
140506,60301,2020-10-23,69.0,1463.0,,0,,,0,,0.0,0.0,0,125.0,7.0,0,345.0,24.0,0,301.0,15.0,0,187.0,10.0,0,198.0,8.0,0,0.0,0.0,0,0.0,0.0,0,0.0,0.0,0,,,0,,,0,,,0,,,0,,,0,,,0,,,0,,,0,,,0,2536.0
140507,60302,2020-10-23,540.0,17163.0,,0,,,0,,0.0,0.0,0,2294.0,89.0,0,2429.0,86.0,0,2574.0,82.0,0,2639.0,87.0,0,2637.0,71.0,0,2155.0,54.0,0,1510.0,39.0,0,922.0,32.0,0,,,0,,,0,,,0,,,0,,,0,,,0,,,0,,,0,,,0,32048.0
140508,60304,2020-10-23,250.0,8417.0,,0,,,0,,0.0,0.0,0,1420.0,39.0,0,1038.0,47.0,0,1352.0,45.0,0,1643.0,39.0,0,1385.0,40.0,0,879.0,24.0,0,534.0,15.0,0,0.0,0.0,0,,,0,,,0,,,0,,,0,,,0,,,0,,,0,,,0,,,0,17641.0
141715,60301,2020-10-24,69.0,1484.0,,0,,,0,,0.0,0.0,0,126.0,7.0,0,353.0,24.0,0,305.0,15.0,0,189.0,10.0,0,202.0,8.0,0,0.0,0.0,0,0.0,0.0,0,0.0,0.0,0,,,0,,,0,,,0,,,0,,,0,,,0,,,0,,,0,,,0,2536.0
141716,60302,2020-10-24,550.0,17340.0,,0,,,0,,0.0,0.0,0,2320.0,90.0,0,2462.0,87.0,0,2607.0,83.0,0,2666.0,88.0,0,2667.0,74.0,0,2167.0,54.0,0,1517.0,40.0,0,931.0,34.0,0,,,0,,,0,,,0,,,0,,,0,,,0,,,0,,,0,,,0,32048.0
141717,60304,2020-10-24,253.0,8528.0,,0,,,0,,0.0,0.0,0,1435.0,40.0,0,1054.0,48.0,0,1377.0,45.0,0,1666.0,39.0,0,1399.0,40.0,0,889.0,25.0,0,541.0,15.0,0,0.0,0.0,0,,,0,,,0,,,0,,,0,,,0,,,0,,,0,,,0,,,0,17641.0
142930,60301,2020-10-25,69.0,1498.0,,0,,,0,,0.0,0.0,0,126.0,7.0,0,358.0,25.0,0,307.0,15.0,0,193.0,9.0,0,204.0,8.0,0,0.0,0.0,0,0.0,0.0,0,0.0,0.0,0,,,0,,,0,,,0,,,0,,,0,,,0,,,0,,,0,,,0,2536.0
142931,60302,2020-10-25,555.0,17492.0,,0,,,0,,0.0,0.0,0,2340.0,91.0,0,2488.0,89.0,0,2638.0,84.0,0,2693.0,90.0,0,2686.0,73.0,0,2182.0,54.0,0,1529.0,40.0,0,933.0,34.0,0,,,0,,,0,,,0,,,0,,,0,,,0,,,0,,,0,,,0,32048.0
142932,60304,2020-10-25,254.0,8605.0,,0,,,0,,0.0,0.0,0,1453.0,41.0,0,1058.0,48.0,0,1391.0,45.0,0,1682.0,39.0,0,1409.0,40.0,0,899.0,25.0,0,546.0,15.0,0,0.0,0.0,0,,,0,,,0,,,0,,,0,,,0,,,0,,,0,,,0,,,0,17641.0
144148,60301,2020-10-26,71.0,1515.0,,0,,,0,,0.0,0.0,0,128.0,7.0,0,361.0,25.0,0,311.0,15.0,0,197.0,11.0,0,206.0,8.0,0,0.0,0.0,0,0.0,0.0,0,0.0,0.0,0,,,0,,,0,,,0,,,0,,,0,,,0,,,0,,,0,,,0,2536.0
144149,60302,2020-10-26,564.0,17594.0,,0,,,0,,0.0,0.0,0,2353.0,93.0,0,2501.0,90.0,0,2657.0,85.0,0,2711.0,91.0,0,2704.0,76.0,0,2196.0,55.0,0,1536.0,40.0,0,933.0,34.0,0,,,0,,,0,,,0,,,0,,,0,,,0,,,0,,,0,,,0,32048.0
144150,60304,2020-10-26,259.0,8651.0,,0,,,0,,0.0,0.0,0,1458.0,41.0,0,1064.0,49.0,0,1397.0,46.0,0,1697.0,40.0,0,1415.0,41.0,0,903.0,26.0,0,550.0,15.0,0,0.0,0.0,0,,,0,,,0,,,0,,,0,,,0,,,0,,,0,,,0,,,0,17641.0
