,count,count,count,tested,tested,tested,7daypos100k,7daypos100k,7daypos100k,percentage,percentage,percentage,count_14day,count_14day,count_14day,tested_14day,tested_14day,tested_14day,percentage_14day,percentage_14day,percentage_14day,7daypos100k_14day,7daypos100k_14day,7daypos100k_14day,population,population,population
zip,60301,60302,60304,60301,60302,60304,60301,60302,60304,60301,60302,60304,60301,60302,60304,60301,60302,60304,60301,60302,60304,60301,60302,60304,60301,60302,60304
date,,,,,,,,,,,,,,,,,,,,,,,,,,,
2020-04-19,11,84,32,50,512,226,,,,0,0,0,,,,,,,0,0,0,,,,2536.0,32048.0,17641.0
2020-04-20,11,85,33,52,516,232,,,,0,0,0,,,,,,,0,0,0,,,,2536.0,32048.0,17641.0
2020-04-21,11,87,34,54,536,238,,,,0,0,0,,,,,,,0,0,0,,,,2536.0,32048.0,17641.0
2020-04-22,12,89,34,57,561,251,,,,0,0,0,,,,,,,0,0,0,,,,2536.0,32048.0,17641.0
2020-04-23,12,94,37,58,582,266,,,,0,0,0,,,,,,,0,0,0,,,,2536.0,32048.0,17641.0
2020-04-24,12,98,39,61,608,277,,,,0,0,0,,,,,,,0,0,0,,,,2536.0,32048.0,17641.0
2020-04-25,12,100,38,63,644,302,,,,0,0,0,,,,,,,0,0,0,,,,2536.0,32048.0,17641.0
2020-04-26,12,101,41,64,662,319,,,,0,0,0,,,,,,,0,0,0,,,,2536.0,32048.0,17641.0
2020-04-27,12,102,44,67,679,331,,,,0,0,0,,,,,,,0,0,0,,,,2536.0,32048.0,17641.0
2020-04-28,13,105,46,69,718,350,,,,0,0,0,,,,,,,0,0,0,,,,2536.0,32048.0,17641.0
2020-04-29,14,110,46,75,750,366,,,,0,0,0,,,,,,,0,0,0,,,,2536.0,32048.0,17641.0
2020-04-30,14,114,46,77,797,388,,,,0,0,0,,,,,,,0,0,0,,,,2536.0,32048.0,17641.0
2020-05-01,15,121,46,79,799,384,,,,0,0,0,,,,,,,0,0,0,,,,2536.0,32048.0,17641.0
2020-05-02,15,125,48,82,830,398,,,,0,0,0,,,,,,,0,0,0,,,,2536.0,32048.0,17641.0
2020-05-03,15,127,48,83,873,426,,,,0,0,0,,,,,,,0,0,0,,,,2536.0,32048.0,17641.0
2020-05-04,16,130,48,85,907,438,,,,0,0,0,,,,,,,0,0,0,,,,2536.0,32048.0,17641.0
2020-05-05,16,134,49,90,935,452,,,,0,0,0,,,,,,,0,0,0,,,,2536.0,32048.0,17641.0
2020-05-06,16,136,49,94,962,460,,,,0,0,0,,,,,,,0,0,0,,,,2536.0,32048.0,17641.0
2020-05-07,16,138,51,96,992,476,,,,0,0,0,,,,,,,0,0,0,,,,2536.0,32048.0,17641.0
2020-05-08,16,139,52,97,1037,497,,,,0,0,0,,,,,,,0,0,0,,,,2536.0,32048.0,17641.0
2020-05-09,16,141,55,99,1053,510,,,,0,0,0,,,,,,,0,0,0,,,,2536.0,32048.0,17641.0
2020-05-10,16,142,56,99,1073,522,,,,0,0,0,,,,,,,0,0,0,,,,2536.0,32048.0,17641.0
2020-05-11,17,145,57,101,1092,528,,,,0,0,0,,,,,,,0,0,0,,,,2536.0,32048.0,17641.0
2020-05-12,17,151,57,109,1172,541,,,,0,0,0,,,,,,,0,0,0,,,,2536.0,32048.0,17641.0
2020-05-13,18,156,60,116,1192,547,,,,0,0,0,,,,,,,0,0,0,,,,2536.0,32048.0,17641.0
2020-05-14,18,161,61,119,1217,556,,,,0,0,0,,,,,,,0,0,0,,,,2536.0,32048.0,17641.0
2020-05-15,18,168,61,135,1336,615,,,,0,0,0,,,,,,,0,0,0,,,,2536.0,32048.0,17641.0
2020-05-16,19,171,62,139,1385,629,,,,0,0,0,,,,,,,0,0,0,,,,2536.0,32048.0,17641.0
2020-05-17,20,174,62,143,1407,640,,,,0,0,0,,,,,,,0,0,0,,,,2536.0,32048.0,17641.0
2020-05-18,20,177,62,147,1444,654,,,,0,0,0,,,,,,,0,0,0,,,,2536.0,32048.0,17641.0
2020-05-19,21,178,64,148,1476,666,,,,0,0,0,,,,,,,0,0,0,,,,2536.0,32048.0,17641.0
2020-05-20,21,180,64,157,1555,700,,,,0,0,0,,,,,,,0,0,0,,,,2536.0,32048.0,17641.0
2020-05-21,21,182,64,159,1708,726,,,,0,0,0,,,,,,,0,0,0,,,,2536.0,32048.0,17641.0
2020-05-22,21,186,69,164,1790,763,,,,0,0,0,,,,,,,0,0,0,,,,2536.0,32048.0,17641.0
2020-05-23,21,189,69,169,1840,783,,,,0,0,0,,,,,,,0,0,0,,,,2536.0,32048.0,17641.0
2020-05-24,22,192,69,175,1885,807,,,,0,0,0,,,,,,,0,0,0,,,,2536.0,32048.0,17641.0
2020-05-25,22,196,69,178,1923,819,,,,0,0,0,,,,,,,0,0,0,,,,2536.0,32048.0,17641.0
2020-05-26,22,198,69,180,1960,830,,,,0,0,0,,,,,,,0,0,0,,,,2536.0,32048.0,17641.0
2020-05-27,22,199,70,183,1999,840,,,,0,0,0,,,,,,,0,0,0,,,,2536.0,32048.0,17641.0
2020-05-28,22,200,70,187,2049,856,,,,0,0,0,,,,,,,0,0,0,,,,2536.0,32048.0,17641.0
2020-05-29,22,202,70,195,2084,871,,,,0,0,0,,,,,,,0,0,0,,,,2536.0,32048.0,17641.0
2020-05-30,23,203,74,199,2132,884,,,,0,0,0,,,,,,,0,0,0,,,,2536.0,32048.0,17641.0
2020-05-31,23,203,72,200,2165,904,,,,0,0,0,,,,,,,0,0,0,,,,2536.0,32048.0,17641.0
2020-06-01,23,203,72,203,2210,926,,,,0,0,0,,,,,,,0,0,0,,,,2536.0,32048.0,17641.0
2020-06-02,24,205,72,210,2245,944,,,,0,0,0,,,,,,,0,0,0,,,,2536.0,32048.0,17641.0
2020-06-03,25,204,73,214,2303,962,,,,0,0,0,,,,,,,0,0,0,,,,2536.0,32048.0,17641.0
2020-06-04,25,204,73,216,2331,985,,,,0,0,0,,,,,,,0,0,0,,,,2536.0,32048.0,17641.0
2020-06-05,25,207,73,219,2386,1000,,,,0,0,0,,,,,,,0,0,0,,,,2536.0,32048.0,17641.0
2020-06-06,25,208,74,221,2452,1024,,,,0,0,0,,,,,,,0,0,0,,,,2536.0,32048.0,17641.0
2020-06-07,25,211,73,224,2522,1045,,,,0,0,0,,,,,,,0,0,0,,,,2536.0,32048.0,17641.0
2020-06-08,25,211,73,227,2564,1066,,,,0,0,0,,,,,,,0,0,0,,,,2536.0,32048.0,17641.0
2020-06-09,25,213,74,232,2611,1090,,,,0,0,0,,,,,,,0,0,0,,,,2536.0,32048.0,17641.0
2020-06-10,25,213,75,238,2654,1108,,,,0,0,0,,,,,,,0,0,0,,,,2536.0,32048.0,17641.0
2020-06-11,25,215,75,240,2697,1125,,,,0,0,0,,,,,,,0,0,0,,,,2536.0,32048.0,17641.0
2020-06-12,25,215,75,244,2764,1158,,,,0,0,0,,,,,,,0,0,0,,,,2536.0,32048.0,17641.0
2020-06-13,25,215,78,249,2839,1182,,,,0,0,0,,,,,,,0,0,0,,,,2536.0,32048.0,17641.0
2020-06-14,25,215,79,272,2894,1209,,,,0,0,0,,,,,,,0,0,0,,,,2536.0,32048.0,17641.0
2020-06-15,27,214,80,275,2946,1231,,,,0,0,0,,,,,,,0,0,0,,,,2536.0,32048.0,17641.0
2020-06-16,27,215,79,283,2988,1243,,,,0,0,0,,,,,,,0,0,0,,,,2536.0,32048.0,17641.0
2020-06-17,27,217,79,284,3040,1277,,,,0,0,0,,,,,,,0,0,0,,,,2536.0,32048.0,17641.0
2020-06-18,27,219,79,292,3099,1313,,,,0,0,0,,,,,,,0,0,0,,,,2536.0,32048.0,17641.0
2020-06-19,27,220,80,296,3164,1328,,,,0,0,0,,,,,,,0,0,0,,,,2536.0,32048.0,17641.0
2020-06-20,28,219,80,299,3253,1353,,,,0,0,0,,,,,,,0,0,0,,,,2536.0,32048.0,17641.0
2020-06-21,28,220,80,304,3338,1399,,,,0,0,0,,,,,,,0,0,0,,,,2536.0,32048.0,17641.0
2020-06-22,28,222,80,311,3377,1423,,,,0,0,0,,,,,,,0,0,0,,,,2536.0,32048.0,17641.0
2020-06-23,28,222,80,317,3418,1436,,,,0,0,0,,,,,,,0,0,0,,,,2536.0,32048.0,17641.0
2020-06-24,28,222,81,329,3483,1464,,,,0,0,0,,,,,,,0,0,0,,,,2536.0,32048.0,17641.0
2020-06-25,28,223,81,336,3572,1502,,,,0,0,0,,,,,,,0,0,0,,,,2536.0,32048.0,17641.0
2020-06-26,29,224,82,342,3651,1534,,,,0,0,0,,,,,,,0,0,0,,,,2536.0,32048.0,17641.0
2020-06-27,29,226,83,347,3740,1580,,,,0,0,0,,,,,,,0,0,0,,,,2536.0,32048.0,17641.0
2020-06-28,29,227,84,357,3858,1601,,,,0,0,0,,,,,,,0,0,0,,,,2536.0,32048.0,17641.0
2020-06-29,29,227,84,362,3916,1625,,,,0,0,0,,,,,,,0,0,0,,,,2536.0,32048.0,17641.0
2020-06-30,30,229,86,368,3989,1656,,,,0,0,0,,,,,,,0,0,0,,,,2536.0,32048.0,17641.0
2020-07-01,30,230,86,379,4076,1687,,,,0,0,0,,,,,,,0,0,0,,,,2536.0,32048.0,17641.0
2020-07-02,31,233,87,386,4156,1727,,,,0,0,0,,,,,,,0,0,0,,,,2536.0,32048.0,17641.0
2020-07-03,31,236,87,396,4231,1775,,,,0,0,0,,,,,,,0,0,0,,,,2536.0,32048.0,17641.0
2020-07-04,30,239,87,406,4348,1844,,,,0,0,0,,,,,,,0,0,0,,,,2536.0,32048.0,17641.0
2020-07-05,30,241,87,415,4468,1891,,,,0,0,0,,,,,,,0,0,0,,,,2536.0,32048.0,17641.0
2020-07-06,30,241,87,422,4504,1909,,,,0,0,0,,,,,,,0,0,0,,,,2536.0,32048.0,17641.0
2020-07-07,31,241,87,427,4547,1935,,,,0,0,0,,,,,,,0,0,0,,,,2536.0,32048.0,17641.0
2020-07-08,31,242,87,432,4615,1972,,,,0,0,0,,,,,,,0,0,0,,,,2536.0,32048.0,17641.0
2020-07-09,32,244,87,442,4755,2017,,,,0,0,0,,,,,,,0,0,0,,,,2536.0,32048.0,17641.0
2020-07-10,31,245,88,453,4858,2068,,,,0,0,0,,,,,,,0,0,0,,,,2536.0,32048.0,17641.0
2020-07-11,31,249,90,463,4977,2134,,,,0,0,0,,,,,,,0,0,0,,,,2536.0,32048.0,17641.0
2020-07-12,31,251,90,468,5154,2220,,,,0,0,0,,,,,,,0,0,0,,,,2536.0,32048.0,17641.0
2020-07-13,32,251,91,479,5241,2262,,,,0,0,0,,,,,,,0,0,0,,,,2536.0,32048.0,17641.0
2020-07-14,32,251,91,483,5284,2284,,,,0,0,0,,,,,,,0,0,0,,,,2536.0,32048.0,17641.0
2020-07-15,33,251,92,488,5397,2346,,,,0,0,0,,,,,,,0,0,0,,,,2536.0,32048.0,17641.0
2020-07-16,35,256,92,500,5507,2414,,,,0,0,0,,,,,,,0,0,0,,,,2536.0,32048.0,17641.0
2020-07-17,36,256,93,505,5629,2467,,,,0,0,0,,,,,,,0,0,0,,,,2536.0,32048.0,17641.0
2020-07-18,38,261,94,520,5791,2550,,,,0,0,0,,,,,,,0,0,0,,,,2536.0,32048.0,17641.0
2020-07-19,38,265,95,528,5892,2601,,,,0,0,0,,,,,,,0,0,0,,,,2536.0,32048.0,17641.0
2020-07-20,37,267,96,537,6001,2659,,,,0,0,0,,,,,,,0,0,0,,,,2536.0,32048.0,17641.0
2020-07-21,37,271,98,539,6078,2707,,,,0,0,0,,,,,,,0,0,0,,,,2536.0,32048.0,17641.0
2020-07-22,37,274,99,546,6168,2775,,,,0,0,0,,,,,,,0,0,0,,,,2536.0,32048.0,17641.0
2020-07-23,37,276,100,551,6281,2838,,,,0,0,0,,,,,,,0,0,0,,,,2536.0,32048.0,17641.0
2020-07-24,37,279,102,559,6427,2915,,,,0,0,0,,,,,,,0,0,0,,,,2536.0,32048.0,17641.0
2020-07-25,37,285,103,565,6543,2984,,,,0,0,0,,,,,,,0,0,0,,,,2536.0,32048.0,17641.0
2020-07-26,37,289,104,571,6683,3065,,,,0,0,0,,,,,,,0,0,0,,,,2536.0,32048.0,17641.0
2020-07-27,37,292,104,579,6802,3123,,,,0,0,0,,,,,,,0,0,0,,,,2536.0,32048.0,17641.0
2020-07-28,37,292,105,584,6876,3159,,,,0,0,0,,,,,,,0,0,0,,,,2536.0,32048.0,17641.0
2020-07-29,38,295,106,592,6978,3186,,,,0,0,0,,,,,,,0,0,0,,,,2536.0,32048.0,17641.0
2020-07-30,38,302,106,599,7098,3233,,,,0,0,0,,,,,,,0,0,0,,,,2536.0,32048.0,17641.0
2020-07-31,38,302,106,608,7239,3297,,,,0,0,0,,,,,,,0,0,0,,,,2536.0,32048.0,17641.0
2020-08-01,38,304,107,614,7353,3369,,,,0,0,0,,,,,,,0,0,0,,,,2536.0,32048.0,17641.0
2020-08-02,39,305,107,619,7444,3439,,,,0,0,0,,,,,,,0,0,0,,,,2536.0,32048.0,17641.0
2020-08-03,39,306,108,624,7548,3476,,,,0,0,0,,,,,,,0,0,0,,,,2536.0,32048.0,17641.0
2020-08-04,39,309,110,633,7657,3525,,,,0,0,0,,,,,,,0,0,0,,,,2536.0,32048.0,17641.0
2020-08-05,40,314,110,643,7784,3585,,,,0,0,0,,,,,,,0,0,0,,,,2536.0,32048.0,17641.0
2020-08-06,41,318,115,652,7905,3649,,,,0,0,0,,,,,,,0,0,0,,,,2536.0,32048.0,17641.0
2020-08-07,41,324,117,669,8052,3712,,,,0,0,0,,,,,,,0,0,0,,,,2536.0,32048.0,17641.0
2020-08-08,41,325,121,679,8173,3791,,,,0,0,0,,,,,,,0,0,0,,,,2536.0,32048.0,17641.0
2020-08-09,41,328,123,689,8321,3854,,,,0,0,0,,,,,,,0,0,0,,,,2536.0,32048.0,17641.0
2020-08-10,41,330,126,697,8419,3913,,,,0,0,0,,,,,,,0,0,0,,,,2536.0,32048.0,17641.0
2020-08-11,41,329,127,704,8539,3965,,,,0,0,0,,,,,,,0,0,0,,,,2536.0,32048.0,17641.0
2020-08-12,42,331,128,708,8647,4019,,,,0,0,0,,,,,,,0,0,0,,,,2536.0,32048.0,17641.0
2020-08-13,42,332,129,716,8783,4082,,,,0,0,0,,,,,,,0,0,0,,,,2536.0,32048.0,17641.0
2020-08-14,42,337,132,722,8892,4153,,,,0,0,0,,,,,,,0,0,0,,,,2536.0,32048.0,17641.0
2020-08-15,42,340,129,727,9020,4232,,,,0,0,0,,,,,,,0,0,0,,,,2536.0,32048.0,17641.0
2020-08-16,42,340,130,735,9125,4288,,,,0,0,0,,,,,,,0,0,0,,,,2536.0,32048.0,17641.0
2020-08-17,42,340,131,741,9191,4332,,,,0,0,0,,,,,,,0,0,0,,,,2536.0,32048.0,17641.0
2020-08-18,42,345,134,751,9284,4385,,,,0,0,0,,,,,,,0,0,0,,,,2536.0,32048.0,17641.0
2020-08-19,42,345,134,772,9388,4429,,,,0,0,0,,,,,,,0,0,0,,,,2536.0,32048.0,17641.0
2020-08-20,42,346,135,785,9498,4494,,,,0,0,0,,,,,,,0,0,0,,,,2536.0,32048.0,17641.0
2020-08-21,44,350,139,801,9615,4549,,,,0,0,0,,,,,,,0,0,0,,,,2536.0,32048.0,17641.0
2020-08-22,45,353,139,822,9724,4615,,,,0,0,0,,,,,,,0,0,0,,,,2536.0,32048.0,17641.0
2020-08-23,45,358,139,831,9808,4655,,,,0,0,0,,,,,,,0,0,0,,,,2536.0,32048.0,17641.0
2020-08-24,45,360,139,838,9884,4710,,,,0,0,0,,,,,,,0,0,0,,,,2536.0,32048.0,17641.0
2020-08-25,45,361,142,845,9956,4759,,,,0,0,0,,,,,,,0,0,0,,,,2536.0,32048.0,17641.0
2020-08-26,45,371,143,856,10068,4826,,,,0,0,0,,,,,,,0,0,0,,,,2536.0,32048.0,17641.0
2020-08-27,45,373,143,860,10163,4874,,,,0,0,0,,,,,,,0,0,0,,,,2536.0,32048.0,17641.0
2020-08-28,45,374,143,865,10295,4915,,,,0,0,0,,,,,,,0,0,0,,,,2536.0,32048.0,17641.0
2020-08-29,45,376,144,874,10474,4963,,,,0,0,0,,,,,,,0,0,0,,,,2536.0,32048.0,17641.0
2020-08-30,45,385,147,883,10580,5023,,,,0,0,0,,,,,,,0,0,0,,,,2536.0,32048.0,17641.0
2020-08-31,45,387,148,887,10675,5083,,,,0,0,0,,,,,,,0,0,0,,,,2536.0,32048.0,17641.0
2020-09-01,46,389,150,891,10725,5116,,,,0,0,0,,,,,,,0,0,0,,,,2536.0,32048.0,17641.0
2020-09-02,46,388,155,898,10832,5183,,,,0,0,0,,,,,,,0,0,0,,,,2536.0,32048.0,17641.0
2020-09-03,47,391,156,904,10892,5226,,,,0,0,0,,,,,,,0,0,0,,,,2536.0,32048.0,17641.0
2020-09-04,47,394,156,928,11235,5326,,,,0,0,0,,,,,,,0,0,0,,,,2536.0,32048.0,17641.0
2020-09-05,48,399,159,940,11418,5424,,,,0,0,0,,,,,,,0,0,0,,,,2536.0,32048.0,17641.0
2020-09-06,48,400,161,953,11609,5489,,,,0,0,0,,,,,,,0,0,0,,,,2536.0,32048.0,17641.0
2020-09-07,48,405,164,956,11685,5528,,,,0,0,0,,,,,,,0,0,0,,,,2536.0,32048.0,17641.0
2020-09-08,49,407,164,971,11859,5569,,,,0,0,0,,,,,,,0,0,0,,,,2536.0,32048.0,17641.0
2020-09-09,52,407,165,978,11924,5604,,,,0,0,0,,,,,,,0,0,0,,,,2536.0,32048.0,17641.0
2020-09-10,53,412,166,985,12009,5645,,,,0,0,0,,,,,,,0,0,0,,,,2536.0,32048.0,17641.0
2020-09-11,53,414,170,993,12125,5720,,,,0,0,0,,,,,,,0,0,0,,,,2536.0,32048.0,17641.0
2020-09-12,55,422,173,1002,12236,5774,,,,0,0,0,,,,,,,0,0,0,,,,2536.0,32048.0,17641.0
2020-09-13,55,421,175,1016,12369,5828,,,,0,0,0,,,,,,,0,0,0,,,,2536.0,32048.0,17641.0
2020-09-14,55,425,176,1025,12460,5875,,,,0,0,0,,,,,,,0,0,0,,,,2536.0,32048.0,17641.0
2020-09-15,55,427,176,1028,12527,5908,,,,0,0,0,,,,,,,0,0,0,,,,2536.0,32048.0,17641.0
2020-09-16,55,430,176,1035,12629,5966,,,,0,0,0,,,,,,,0,0,0,,,,2536.0,32048.0,17641.0
2020-09-17,55,431,182,1041,12739,6018,,,,0,0,0,,,,,,,0,0,0,,,,2536.0,32048.0,17641.0
2020-09-18,54,437,184,1061,12856,6077,,,,0,0,0,,,,,,,0,0,0,,,,2536.0,32048.0,17641.0
2020-09-19,54,439,185,1077,12994,6131,,,,0,0,0,,,,,,,0,0,0,,,,2536.0,32048.0,17641.0
2020-09-20,54,439,185,1089,13088,6179,,,,0,0,0,,,,,,,0,0,0,,,,2536.0,32048.0,17641.0
2020-09-21,54,439,185,1092,13157,6208,,,,0,0,0,,,,,,,0,0,0,,,,2536.0,32048.0,17641.0
2020-09-22,54,443,185,1093,13218,6237,,,,0,0,0,,,,,,,0,0,0,,,,2536.0,32048.0,17641.0
2020-09-23,54,446,186,1107,13294,6294,,,,0,0,0,,,,,,,0,0,0,,,,2536.0,32048.0,17641.0
2020-09-24,54,449,186,1120,13400,6342,,,,0,0,0,,,,,,,0,0,0,,,,2536.0,32048.0,17641.0
2020-09-25,56,454,189,1129,13544,6409,,,,0,0,0,,,,,,,0,0,0,,,,2536.0,32048.0,17641.0
2020-09-26,56,456,190,1142,13709,6504,,,,0,0,0,,,,,,,0,0,0,,,,2536.0,32048.0,17641.0
2020-09-27,57,459,195,1154,13803,6551,,,,0,0,0,,,,,,,0,0,0,,,,2536.0,32048.0,17641.0
2020-09-28,57,462,197,1167,13941,6626,,,,0,0,0,,,,,,,0,0,0,,,,2536.0,32048.0,17641.0
2020-09-29,57,460,195,1176,14001,6666,,,,0,0,0,,,,,,,0,0,0,,,,2536.0,32048.0,17641.0
2020-09-30,58,465,198,1182,14119,6748,,,,0,0,0,,,,,,,0,0,0,,,,2536.0,32048.0,17641.0
2020-10-01,58,469,199,1190,14240,6813,,,,0,0,0,,,,,,,0,0,0,,,,2536.0,32048.0,17641.0
2020-10-02,59,471,200,1201,14355,6889,,,,0,0,0,,,,,,,0,0,0,,,,2536.0,32048.0,17641.0
2020-10-03,59,472,200,1213,14462,6963,,,,0,0,0,,,,,,,0,0,0,,,,2536.0,32048.0,17641.0
2020-10-04,59,474,201,1227,14568,7011,,,,0,0,0,,,,,,,0,0,0,,,,2536.0,32048.0,17641.0
2020-10-05,59,477,202,1231,14685,7056,,,,0,0,0,,,,,,,0,0,0,,,,2536.0,32048.0,17641.0
2020-10-06,59,483,204,1235,14782,7090,,,,0,0,0,,,,,,,0,0,0,,,,2536.0,32048.0,17641.0
2020-10-07,59,484,204,1247,14922,7155,,,,0,0,0,,,,,,,0,0,0,,,,2536.0,32048.0,17641.0
2020-10-08,60,485,205,1257,15157,7256,,,,0,0,0,,,,,,,0,0,0,,,,2536.0,32048.0,17641.0
2020-10-09,61,488,209,1268,15283,7333,,,,0,0,0,,,,,,,0,0,0,,,,2536.0,32048.0,17641.0
2020-10-10,62,492,210,1284,15418,7414,,,,0,0,0,,,,,,,0,0,0,,,,2536.0,32048.0,17641.0
2020-10-11,63,496,212,1293,15538,7473,,,,0,0,0,,,,,,,0,0,0,,,,2536.0,32048.0,17641.0
2020-10-12,63,500,212,1302,15668,7530,,,,0,0,0,,,,,,,0,0,0,,,,2536.0,32048.0,17641.0
2020-10-13,63,504,214,1310,15787,7590,,,,0,0,0,,,,,,,0,0,0,,,,2536.0,32048.0,17641.0
2020-10-14,63,506,216,1316,15881,7668,,,,0,0,0,,,,,,,0,0,0,,,,2536.0,32048.0,17641.0
2020-10-15,63,506,216,1321,15985,7719,,,,0,0,0,,,,,,,0,0,0,,,,2536.0,32048.0,17641.0
2020-10-16,63,510,221,1346,16137,7811,,,,0,0,0,,,,,,,0,0,0,,,,2536.0,32048.0,17641.0
2020-10-17,64,517,225,1359,16285,7896,,,,0,0,0,,,,,,,0,0,0,,,,2536.0,32048.0,17641.0
2020-10-18,64,520,228,1381,16478,7990,,,,0,0,0,,,,,,,0,0,0,,,,2536.0,32048.0,17641.0
2020-10-19,67,523,231,1402,16552,8058,,,,0,0,0,,,,,,,0,0,0,,,,2536.0,32048.0,17641.0
2020-10-20,67,530,233,1410,16681,8145,,,,0,0,0,,,,,,,0,0,0,,,,2536.0,32048.0,17641.0
2020-10-21,67,538,238,1425,16830,8237,,,,0,0,0,,,,,,,0,0,0,,,,2536.0,32048.0,17641.0
2020-10-22,68,539,244,1447,17013,8327,,,,0,0,0,,,,,,,0,0,0,,,,2536.0,32048.0,17641.0
2020-10-23,69,540,250,1463,17163,8417,,,,0,0,0,,,,,,,0,0,0,,,,2536.0,32048.0,17641.0
2020-10-24,69,550,253,1484,17340,8528,,,,0,0,0,,,,,,,0,0,0,,,,2536.0,32048.0,17641.0
2020-10-25,69,555,254,1498,17492,8605,,,,0,0,0,,,,,,,0,0,0,,,,2536.0,32048.0,17641.0
2020-10-26,71,564,259,1515,17594,8651,,,,0,0,0,,,,,,,0,0,0,,,,2536.0,32048.0,17641.0
2020-10-27,72,571,262,1525,17707,8710,,,,0,0,0,,,,,,,0,0,0,,,,2536.0,32048.0,17641.0
2020-10-28,74,576,264,1529,17819,8773,,,,0,0,0,,,,,,,0,0,0,,,,2536.0,32048.0,17641.0
2020-10-29,74,584,277,1546,17963,8851,,,,0,0,0,,,,,,,0,0,0,,,,2536.0,32048.0,17641.0
2020-10-30,74,617,279,1558,18136,8961,,,,0,0,0,,,,,,,0,0,0,,,,2536.0,32048.0,17641.0
2020-10-31,75,637,287,1579,18407,9083,,,,0,0,0,,,,,,,0,0,0,,,,2536.0,32048.0,17641.0
2020-11-01,77,651,290,1597,18598,9195,,,,0,0,0,,,,,,,0,0,0,,,,2536.0,32048.0,17641.0
2020-11-02,78,658,293,1621,18751,9254,,,,0,0,0,,,,,,,0,0,0,,,,2536.0,32048.0,17641.0
2020-11-03,78,668,296,1640,18905,9344,,,,0,0,0,,,,,,,0,0,0,,,,2536.0,32048.0,17641.0
2020-11-04,81,683,301,1651,19009,9405,,,,0,0,0,,,,,,,0,0,0,,,,2536.0,32048.0,17641.0
2020-11-05,81,696,305,1667,19161,9501,,,,0,0,0,,,,,,,0,0,0,,,,2536.0,32048.0,17641.0
2020-11-06,81,729,311,1683,19321,9593,,,,0,0,0,,,,,,,0,0,0,,,,2536.0,32048.0,17641.0
2020-11-07,81,745,322,1695,19461,9677,,,,0,0,0,,,,,,,0,0,0,,,,2536.0,32048.0,17641.0
2020-11-08,84,761,328,1716,19671,9775,,,,0,0,0,,,,,,,0,0,0,,,,2536.0,32048.0,17641.0
2020-11-09,86,770,338,1728,19799,9863,,,,0,0,0,,,,,,,0,0,0,,,,2536.0,32048.0,17641.0
2020-11-10,90,780,344,1746,19977,9951,,,,0,0,0,,,,,,,0,0,0,,,,2536.0,32048.0,17641.0
2020-11-11,92,797,351,1763,20157,10044,,,,0,0,0,,,,,,,0,0,0,,,,2536.0,32048.0,17641.0
2020-11-12,96,813,358,1782,20333,10146,,,,0,0,0,,,,,,,0,0,0,,,,2536.0,32048.0,17641.0
2020-11-13,96,840,367,1795,20500,10245,,,,0,0,0,,,,,,,0,0,0,,,,2536.0,32048.0,17641.0
2020-11-14,97,851,376,1814,20716,10348,,,,0,0,0,,,,,,,0,0,0,,,,2536.0,32048.0,17641.0
2020-11-15,98,868,392,1832,20933,10447,,,,0,0,0,,,,,,,0,0,0,,,,2536.0,32048.0,17641.0
2020-11-16,99,881,398,1850,21098,10520,,,,0,0,0,,,,,,,0,0,0,,,,2536.0,32048.0,17641.0
2020-11-17,99,905,410,1866,21273,10605,,,,0,0,0,,,,,,,0,0,0,,,,2536.0,32048.0,17641.0
2020-11-18,99,911,415,1878,21461,10701,,,,0,0,0,,,,,,,0,0,0,,,,2536.0,32048.0,17641.0
2020-11-19,101,932,420,1901,21663,10804,,,,0,0,0,,,,,,,0,0,0,,,,2536.0,32048.0,17641.0
2020-11-20,103,954,426,1913,21894,10905,,,,0,0,0,,,,,,,0,0,0,,,,2536.0,32048.0,17641.0
2020-11-21,104,967,432,1941,22121,11048,,,,0,0,0,,,,,,,0,0,0,,,,2536.0,32048.0,17641.0
2020-11-22,105,985,445,1965,22290,11157,,,,0,0,0,,,,,,,0,0,0,,,,2536.0,32048.0,17641.0
2020-11-23,106,996,450,1984,22515,11282,,,,0,0,0,,,,,,,0,0,0,,,,2536.0,32048.0,17641.0
2020-11-24,109,1004,455,1997,22686,11385,,,,0,0,0,,,,,,,0,0,0,,,,2536.0,32048.0,17641.0
2020-11-25,110,1020,460,2019,22911,11526,,,,0,0,0,,,,,,,0,0,0,,,,2536.0,32048.0,17641.0
2020-11-26,111,1030,468,2046,23135,11629,,,,0,0,0,,,,,,,0,0,0,,,,2536.0,32048.0,17641.0
2020-11-27,111,1038,474,2070,23350,11710,,,,0,0,0,,,,,,,0,0,0,,,,2536.0,32048.0,17641.0
2020-11-28,113,1046,478,2088,23494,11768,,,,0,0,0,,,,,,,0,0,0,,,,2536.0,32048.0,17641.0
2020-11-29,113,1056,483,2100,23630,11850,,,,0,0,0,,,,,,,0,0,0,,,,2536.0,32048.0,17641.0
2020-11-30,113,1064,487,2109,23733,11898,,,,0,0,0,,,,,,,0,0,0,,,,2536.0,32048.0,17641.0
2020-12-01,115,1083,491,2131,24147,11985,,,,0,0,0,,,,,,,0,0,0,,,,2536.0,32048.0,17641.0
2020-12-02,115,1097,498,2143,24293,12051,,,,0,0,0,,,,,,,0,0,0,,,,2536.0,32048.0,17641.0
2020-12-03,116,1120,511,2167,24465,12159,,,,0,0,0,,,,,,,0,0,0,,,,2536.0,32048.0,17641.0
2020-12-04,120,1140,520,2193,24676,12281,,,,0,0,0,,,,,,,0,0,0,,,,2536.0,32048.0,17641.0
2020-12-05,122,1159,523,2215,24911,12367,,,,0,0,0,,,,,,,0,0,0,,,,2536.0,32048.0,17641.0
2020-12-06,124,1168,531,2227,25139,12449,,,,0,0,0,,,,,,,0,0,0,,,,2536.0,32048.0,17641.0
2020-12-07,124,1178,535,2245,25358,12535,,,,0,0,0,,,,,,,0,0,0,,,,2536.0,32048.0,17641.0
2020-12-08,124,1186,540,2258,25537,12625,,,,0,0,0,,,,,,,0,0,0,,,,2536.0,32048.0,17641.0
2020-12-09,125,1191,547,2274,25693,12717,,,,0,0,0,,,,,,,0,0,0,,,,2536.0,32048.0,17641.0
2020-12-10,129,1209,553,2294,25864,12803,,,,0,0,0,,,,,,,0,0,0,,,,2536.0,32048.0,17641.0
2020-12-11,130,1236,557,2314,26064,12896,,,,0,0,0,,,,,,,0,0,0,,,,2536.0,32048.0,17641.0
2020-12-12,132,1255,561,2341,26369,12997,,,,0,0,0,,,,,,,0,0,0,,,,2536.0,32048.0,17641.0
2020-12-13,132,1261,563,2360,26484,13058,,,,0,0,0,,,,,,,0,0,0,,,,2536.0,32048.0,17641.0
2020-12-14,132,1267,570,2374,26669,13135,,,,0,0,0,,,,,,,0,0,0,,,,2536.0,32048.0,17641.0
2020-12-15,131,1274,575,2391,26826,13203,,,,0,0,0,,,,,,,0,0,0,,,,2536.0,32048.0,17641.0
2020-12-16,131,1286,583,2403,26960,13270,,,,0,0,0,,,,,,,0,0,0,,,,2536.0,32048.0,17641.0
2020-12-17,134,1302,593,2429,27126,13367,,,,0,0,0,,,,,,,0,0,0,,,,2536.0,32048.0,17641.0
2020-12-18,135,1306,592,2442,27440,13455,,,,0,0,0,,,,,,,0,0,0,,,,2536.0,32048.0,17641.0
2020-12-19,135,1335,597,2462,27640,13554,,,,0,0,0,,,,,,,0,0,0,,,,2536.0,32048.0,17641.0
2020-12-20,138,1342,604,2482,27763,13649,,,,0,0,0,,,,,,,0,0,0,,,,2536.0,32048.0,17641.0
2020-12-21,139,1346,608,2501,27926,13716,,,,0,0,0,,,,,,,0,0,0,,,,2536.0,32048.0,17641.0
2020-12-22,139,1352,611,2516,28095,13794,,,,0,0,0,,,,,,,0,0,0,,,,2536.0,32048.0,17641.0
2020-12-23,141,1358,616,2534,28272,13869,,,,0,0,0,,,,,,,0,0,0,,,,2536.0,32048.0,17641.0
2020-12-24,142,1366,622,2558,28557,13977,,,,0,0,0,,,,,,,0,0,0,,,,2536.0,32048.0,17641.0
2020-12-25,142,1373,633,2575,28813,14088,,,,0,0,0,,,,,,,0,0,0,,,,2536.0,32048.0,17641.0
2020-12-26,142,1374,635,2586,28974,14163,,,,0,0,0,,,,,,,0,0,0,,,,2536.0,32048.0,17641.0
2020-12-27,142,1376,637,2591,29095,14220,,,,0,0,0,,,,,,,0,0,0,,,,2536.0,32048.0,17641.0
2020-12-28,143,1393,643,2596,29225,14295,,,,0,0,0,,,,,,,0,0,0,,,,2536.0,32048.0,17641.0
2020-12-29,144,1399,644,2606,29396,14349,,,,0,0,0,,,,,,,0,0,0,,,,2536.0,32048.0,17641.0
2020-12-30,144,1411,649,2620,29590,14469,,,,0,0,0,,,,,,,0,0,0,,,,2536.0,32048.0,17641.0
2020-12-31,144,1419,653,2634,29791,14590,,,,0,0,0,,,,,,,0,0,0,,,,2536.0,32048.0,17641.0
2021-01-01,146,1440,660,2653,30074,14689,,,,0,0,0,,,,,,,0,0,0,,,,2536.0,32048.0,17641.0
2021-01-02,146,1444,667,2675,30244,14764,,,,0,0,0,,,,,,,0,0,0,,,,2536.0,32048.0,17641.0
2021-01-03,146,1449,669,2684,30338,14799,,,,0,0,0,,,,,,,0,0,0,,,,2536.0,32048.0,17641.0
2021-01-04,147,1458,673,2688,30436,14845,,,,0,0,0,,,,,,,0,0,0,,,,2536.0,32048.0,17641.0
2021-01-05,148,1470,676,2703,30582,14908,,,,0,0,0,,,,,,,0,0,0,,,,2536.0,32048.0,17641.0
2021-01-06,148,1479,686,2718,30718,14967,,,,0,0,0,,,,,,,0,0,0,,,,2536.0,32048.0,17641.0
2021-01-07,150,1491,692,2745,30877,15063,,,,0,0,0,,,,,,,0,0,0,,,,2536.0,32048.0,17641.0
2021-01-08,151,1513,703,2761,31059,15175,,,,0,0,0,,,,,,,0,0,0,,,,2536.0,32048.0,17641.0
2021-01-09,151,1528,710,2778,31348,15297,,,,0,0,0,,,,,,,0,0,0,,,,2536.0,32048.0,17641.0
2021-01-10,153,1537,716,2795,31502,15378,,,,0,0,0,,,,,,,0,0,0,,,,2536.0,32048.0,17641.0
2021-01-11,155,1548,721,2813,31652,15458,,,,0,0,0,,,,,,,0,0,0,,,,2536.0,32048.0,17641.0
2021-01-12,155,1557,729,2825,31822,15528,,,,0,0,0,,,,,,,0,0,0,,,,2536.0,32048.0,17641.0
2021-01-13,156,1574,737,2831,31923,15592,,,,0,0,0,,,,,,,0,0,0,,,,2536.0,32048.0,17641.0
2021-01-14,157,1588,743,2850,32111,15680,,,,0,0,0,,,,,,,0,0,0,,,,2536.0,32048.0,17641.0
2021-01-15,158,1604,746,2862,32389,15778,,,,0,0,0,,,,,,,0,0,0,,,,2536.0,32048.0,17641.0
2021-01-16,160,1611,750,2880,32694,15865,,,,0,0,0,,,,,,,0,0,0,,,,2536.0,32048.0,17641.0
2021-01-17,163,1620,753,2892,32848,15955,,,,0,0,0,,,,,,,0,0,0,,,,2536.0,32048.0,17641.0
2021-01-18,163,1626,756,2912,33042,16039,,,,0,0,0,,,,,,,0,0,0,,,,2536.0,32048.0,17641.0
2021-01-19,164,1633,759,2921,33150,16082,,,,0,0,0,,,,,,,0,0,0,,,,2536.0,32048.0,17641.0
2021-01-20,163,1639,761,2940,33295,16137,,,,0,0,0,,,,,,,0,0,0,,,,2536.0,32048.0,17641.0
2021-01-21,163,1643,767,2956,33429,16205,,,,0,0,0,,,,,,,0,0,0,,,,2536.0,32048.0,17641.0
2021-01-22,164,1652,772,2984,33739,16289,,,,0,0,0,,,,,,,0,0,0,,,,2536.0,32048.0,17641.0
2021-01-23,164,1659,776,2998,33933,16382,,,,0,0,0,,,,,,,0,0,0,,,,2536.0,32048.0,17641.0
2021-01-24,165,1664,777,3014,34085,16449,,,,0,0,0,,,,,,,0,0,0,,,,2536.0,32048.0,17641.0
2021-01-25,165,1671,785,3020,34240,16504,,,,0,0,0,,,,,,,0,0,0,,,,2536.0,32048.0,17641.0
2021-01-26,166,1671,787,3037,34467,16558,,,,0,0,0,,,,,,,0,0,0,,,,2536.0,32048.0,17641.0
2021-01-27,165,1675,788,3051,34576,16624,,,,0,0,0,,,,,,,0,0,0,,,,2536.0,32048.0,17641.0
2021-01-28,165,1684,792,3064,34708,16706,,,,0,0,0,,,,,,,0,0,0,,,,2536.0,32048.0,17641.0
2021-01-29,165,1688,793,3096,35053,16793,,,,0,0,0,,,,,,,0,0,0,,,,2536.0,32048.0,17641.0
2021-01-30,166,1691,796,3117,35245,16909,,,,0,0,0,,,,,,,0,0,0,,,,2536.0,32048.0,17641.0
2021-01-31,167,1692,797,3128,35413,16994,,,,0,0,0,,,,,,,0,0,0,,,,2536.0,32048.0,17641.0
2021-02-01,167,1695,799,3135,35572,17050,,,,0,0,0,,,,,,,0,0,0,,,,2536.0,32048.0,17641.0
2021-02-02,169,1699,799,3139,35785,17103,,,,0,0,0,,,,,,,0,0,0,,,,2536.0,32048.0,17641.0
2021-02-03,173,1712,804,3178,36022,17218,,,,0,0,0,,,,,,,0,0,0,,,,2536.0,32048.0,17641.0
2021-02-04,173,1720,807,3206,36205,17296,,,,0,0,0,,,,,,,0,0,0,,,,2536.0,32048.0,17641.0
2021-02-05,174,1724,811,3225,36572,17385,,,,0,0,0,,,,,,,0,0,0,,,,2536.0,32048.0,17641.0
2021-02-06,174,1729,814,3240,36736,17470,,,,0,0,0,,,,,,,0,0,0,,,,2536.0,32048.0,17641.0
2021-02-07,174,1734,815,3254,36873,17535,,,,0,0,0,,,,,,,0,0,0,,,,2536.0,32048.0,17641.0
2021-02-08,174,1737,816,3269,37033,17591,,,,0,0,0,,,,,,,0,0,0,,,,2536.0,32048.0,17641.0
2021-02-09,174,1738,818,3278,37232,17646,,,,0,0,0,,,,,,,0,0,0,,,,2536.0,32048.0,17641.0
2021-02-10,174,1745,818,3294,37353,17708,,,,0,0,0,,,,,,,0,0,0,,,,2536.0,32048.0,17641.0
2021-02-11,173,1746,824,3329,37519,17799,,,,0,0,0,,,,,,,0,0,0,,,,2536.0,32048.0,17641.0
2021-02-12,175,1752,826,3352,37885,17883,,,,0,0,0,,,,,,,0,0,0,,,,2536.0,32048.0,17641.0
2021-02-13,175,1754,829,3370,38059,17951,,,,0,0,0,,,,,,,0,0,0,,,,2536.0,32048.0,17641.0
2021-02-14,175,1758,830,3380,38212,18015,,,,0,0,0,,,,,,,0,0,0,,,,2536.0,32048.0,17641.0
2021-02-15,175,1760,832,3386,38342,18056,,,,0,0,0,,,,,,,0,0,0,,,,2536.0,32048.0,17641.0
2021-02-16,176,1766,833,3393,38529,18091,,,,0,0,0,,,,,,,0,0,0,,,,2536.0,32048.0,17641.0
2021-02-17,176,1773,835,3404,38626,18141,,,,0,0,0,,,,,,,0,0,0,,,,2536.0,32048.0,17641.0
2021-02-18,176,1777,839,3418,38711,18213,,,,0,0,0,,,,,,,0,0,0,,,,2536.0,32048.0,17641.0
2021-02-19,176,1782,844,3442,39013,18293,,,,0,0,0,,,,,,,0,0,0,,,,2536.0,32048.0,17641.0
2021-02-20,176,1785,847,3463,39145,18366,,,,0,0,0,,,,,,,0,0,0,,,,2536.0,32048.0,17641.0
2021-02-21,176,1789,848,3477,39309,18429,,,,0,0,0,,,,,,,0,0,0,,,,2536.0,32048.0,17641.0
2021-02-22,176,1792,855,3487,39428,18488,,,,0,0,0,,,,,,,0,0,0,,,,2536.0,32048.0,17641.0
2021-02-23,176,1793,855,3493,39529,18535,,,,0,0,0,,,,,,,0,0,0,,,,2536.0,32048.0,17641.0
2021-02-24,176,1798,860,3505,39680,18610,,,,0,0,0,,,,,,,0,0,0,,,,2536.0,32048.0,17641.0
2021-02-25,177,1799,861,3523,39920,18698,,,,0,0,0,,,,,,,0,0,0,,,,2536.0,32048.0,17641.0
2021-02-26,177,1800,861,3547,40287,18793,,,,0,0,0,,,,,,,0,0,0,,,,2536.0,32048.0,17641.0
2021-02-27,177,1800,861,3576,40444,18866,,,,0,0,0,,,,,,,0,0,0,,,,2536.0,32048.0,17641.0
2021-02-28,177,1804,861,3585,40603,18938,,,,0,0,0,,,,,,,0,0,0,,,,2536.0,32048.0,17641.0
2021-03-01,177,1809,862,3595,40689,18980,,,,0,0,0,,,,,,,0,0,0,,,,2536.0,32048.0,17641.0
2021-03-02,177,1814,867,3603,40898,19027,,,,0,0,0,,,,,,,0,0,0,,,,2536.0,32048.0,17641.0
2021-03-03,179,1817,870,3626,41022,19090,,,,0,0,0,,,,,,,0,0,0,,,,2536.0,32048.0,17641.0
2021-03-04,179,1819,871,3644,41177,19183,,,,0,0,0,,,,,,,0,0,0,,,,2536.0,32048.0,17641.0
2021-03-05,179,1823,871,3665,41445,19263,,,,0,0,0,,,,,,,0,0,0,,,,2536.0,32048.0,17641.0
2021-03-06,179,1829,874,3680,41578,19350,,,,0,0,0,,,,,,,0,0,0,,,,2536.0,32048.0,17641.0
2021-03-07,179,1834,874,3695,41724,19422,,,,0,0,0,,,,,,,0,0,0,,,,2536.0,32048.0,17641.0
2021-03-08,179,1836,874,3709,41835,19457,,,,0,0,0,,,,,,,0,0,0,,,,2536.0,32048.0,17641.0
2021-03-09,180,1834,875,3722,41925,19499,,,,0,0,0,,,,,,,0,0,0,,,,2536.0,32048.0,17641.0
2021-03-10,182,1845,881,3735,42050,19577,,,,0,0,0,,,,,,,0,0,0,,,,2536.0,32048.0,17641.0
2021-03-11,183,1849,884,3749,42246,19673,,,,0,0,0,,,,,,,0,0,0,,,,2536.0,32048.0,17641.0
2021-03-12,183,1849,889,3768,42502,19778,,,,0,0,0,,,,,,,0,0,0,,,,2536.0,32048.0,17641.0
2021-03-13,184,1852,891,3781,42620,19852,,,,0,0,0,,,,,,,0,0,0,,,,2536.0,32048.0,17641.0
2021-03-14,184,1854,892,3793,42755,19930,,,,0,0,0,,,,,,,0,0,0,,,,2536.0,32048.0,17641.0
2021-03-15,185,1854,894,3800,42847,19976,,,,0,0,0,,,,,,,0,0,0,,,,2536.0,32048.0,17641.0
2021-03-16,185,1855,895,3810,42943,20017,,,,0,0,0,,,,,,,0,0,0,,,,2536.0,32048.0,17641.0
2021-03-17,185,1857,895,3834,43085,20100,,,,0,0,0,,,,,,,0,0,0,,,,2536.0,32048.0,17641.0
2021-03-18,185,1857,897,3861,43335,20160,,,,0,0,0,,,,,,,0,0,0,,,,2536.0,32048.0,17641.0
2021-03-19,185,1859,900,3872,43502,20250,,,,0,0,0,,,,,,,0,0,0,,,,2536.0,32048.0,17641.0
2021-03-20,186,1861,903,3899,43620,20339,,,,0,0,0,,,,,,,0,0,0,,,,2536.0,32048.0,17641.0
2021-03-21,186,1864,904,3913,43808,20419,,,,0,0,0,,,,,,,0,0,0,,,,2536.0,32048.0,17641.0
2021-03-22,186,1865,908,3919,43893,20472,,,,0,0,0,,,,,,,0,0,0,,,,2536.0,32048.0,17641.0
2021-03-23,186,1868,911,3936,43986,20519,,,,0,0,0,,,,,,,0,0,0,,,,2536.0,32048.0,17641.0
2021-03-24,186,1884,912,3944,44135,20592,,,,0,0,0,,,,,,,0,0,0,,,,2536.0,32048.0,17641.0
2021-03-25,186,1886,915,3978,44368,20708,,,,0,0,0,,,,,,,0,0,0,,,,2536.0,32048.0,17641.0
2021-03-26,186,1893,920,4004,44765,20799,,,,0,0,0,,,,,,,0,0,0,,,,2536.0,32048.0,17641.0
2021-03-27,189,1898,923,4026,44989,20906,,,,0,0,0,,,,,,,0,0,0,,,,2536.0,32048.0,17641.0
2021-03-28,190,1905,925,4037,45195,21001,,,,0,0,0,,,,,,,0,0,0,,,,2536.0,32048.0,17641.0
2021-03-29,192,1908,931,4048,45320,21078,,,,0,0,0,,,,,,,0,0,0,,,,2536.0,32048.0,17641.0
2021-03-30,194,1914,932,4061,45410,21134,,,,0,0,0,,,,,,,0,0,0,,,,2536.0,32048.0,17641.0
2021-03-31,195,1917,933,4084,45539,21220,,,,0,0,0,,,,,,,0,0,0,,,,2536.0,32048.0,17641.0
2021-04-01,195,1921,939,4102,45740,21350,,,,0,0,0,,,,,,,0,0,0,,,,2536.0,32048.0,17641.0
2021-04-02,195,1924,941,4119,46014,21429,,,,0,0,0,,,,,,,0,0,0,,,,2536.0,32048.0,17641.0
2021-04-03,195,1928,942,4140,46260,21501,,,,0,0,0,,,,,,,0,0,0,,,,2536.0,32048.0,17641.0
2021-04-04,195,1931,942,4155,46438,21623,,,,0,0,0,,,,,,,0,0,0,,,,2536.0,32048.0,17641.0
2021-04-05,196,1932,943,4162,46592,21712,,,,0,0,0,,,,,,,0,0,0,,,,2536.0,32048.0,17641.0
2021-04-06,196,1937,947,4169,46752,21790,,,,0,0,0,,,,,,,0,0,0,,,,2536.0,32048.0,17641.0
2021-04-07,198,1940,950,4193,46974,21930,,,,0,0,0,,,,,,,0,0,0,,,,2536.0,32048.0,17641.0
2021-04-08,202,1945,953,4231,47237,22070,,,,0,0,0,,,,,,,0,0,0,,,,2536.0,32048.0,17641.0
2021-04-09,206,1952,955,4250,47606,22188,,,,0,0,0,,,,,,,0,0,0,,,,2536.0,32048.0,17641.0
2021-04-10,207,1958,958,4276,47833,22286,,,,0,0,0,,,,,,,0,0,0,,,,2536.0,32048.0,17641.0
2021-04-11,210,1964,961,4297,48007,22394,,,,0,0,0,,,,,,,0,0,0,,,,2536.0,32048.0,17641.0
2021-04-12,210,1966,962,4309,48153,22443,,,,0,0,0,,,,,,,0,0,0,,,,2536.0,32048.0,17641.0
2021-04-13,211,1969,964,4317,48268,22507,,,,0,0,0,,,,,,,0,0,0,,,,2536.0,32048.0,17641.0
2021-04-14,211,1976,965,4334,48426,22593,,,,0,0,0,,,,,,,0,0,0,,,,2536.0,32048.0,17641.0
2021-04-15,211,1976,966,4355,48664,22706,,,,0,0,0,,,,,,,0,0,0,,,,2536.0,32048.0,17641.0
2021-04-16,211,1978,968,4388,48859,22801,,,,0,0,0,,,,,,,0,0,0,,,,2536.0,32048.0,17641.0
2021-04-17,211,1981,968,4435,49026,22873,,,,0,0,0,,,,,,,0,0,0,,,,2536.0,32048.0,17641.0
2021-04-18,211,1983,970,4454,49209,22938,,,,0,0,0,,,,,,,0,0,0,,,,2536.0,32048.0,17641.0
2021-04-19,211,1986,974,4470,49310,22989,,,,0,0,0,,,,,,,0,0,0,,,,2536.0,32048.0,17641.0
2021-04-20,213,1991,974,4479,49471,23049,,,,0,0,0,,,,,,,0,0,0,,,,2536.0,32048.0,17641.0
2021-04-21,213,1991,974,4501,49602,23115,,,,0,0,0,,,,,,,0,0,0,,,,2536.0,32048.0,17641.0
2021-04-22,213,1994,977,4541,49794,23237,,,,0,0,0,,,,,,,0,0,0,,,,2536.0,32048.0,17641.0
2021-04-23,213,1998,980,4555,50054,23348,,,,0,0,0,,,,,,,0,0,0,,,,2536.0,32048.0,17641.0
2021-04-24,213,2004,983,4568,50201,23458,,,,0,0,0,,,,,,,0,0,0,,,,2536.0,32048.0,17641.0
2021-04-25,213,2004,983,4585,50324,23529,,,,0,0,0,,,,,,,0,0,0,,,,2536.0,32048.0,17641.0
2021-04-26,213,2006,985,4595,50407,23589,,,,0,0,0,,,,,,,0,0,0,,,,2536.0,32048.0,17641.0
2021-04-27,213,2008,988,4603,50514,23651,,,,0,0,0,,,,,,,0,0,0,,,,2536.0,32048.0,17641.0
2021-04-28,213,2011,989,4624,50664,23723,,,,0,0,0,,,,,,,0,0,0,,,,2536.0,32048.0,17641.0
2021-04-29,213,2012,996,4643,50815,23814,,,,0,0,0,,,,,,,0,0,0,,,,2536.0,32048.0,17641.0
2021-04-30,213,2016,998,4656,51080,23913,,,,0,0,0,,,,,,,0,0,0,,,,2536.0,32048.0,17641.0
2021-05-01,215,2021,1001,4676,51230,23998,,,,0,0,0,,,,,,,0,0,0,,,,2536.0,32048.0,17641.0
2021-05-02,215,2022,1003,4691,51387,24095,,,,0,0,0,,,,,,,0,0,0,,,,2536.0,32048.0,17641.0
2021-05-03,216,2025,1009,4699,51481,24174,,,,0,0,0,,,,,,,0,0,0,,,,2536.0,32048.0,17641.0
2021-05-04,216,2028,1010,4710,51584,24245,,,,0,0,0,,,,,,,0,0,0,,,,2536.0,32048.0,17641.0
2021-05-05,218,2030,1013,4729,51719,24336,,,,0,0,0,,,,,,,0,0,0,,,,2536.0,32048.0,17641.0
2021-05-06,217,2030,1014,4763,51875,24444,,,,0,0,0,,,,,,,0,0,0,,,,2536.0,32048.0,17641.0
2021-05-07,217,2035,1016,4798,52273,24620,,,,0,0,0,,,,,,,0,0,0,,,,2536.0,32048.0,17641.0
2021-05-08,217,2037,1016,4813,52406,24701,,,,0,0,0,,,,,,,0,0,0,,,,2536.0,32048.0,17641.0
2021-05-09,218,2042,1019,4834,52604,24807,,,,0,0,0,,,,,,,0,0,0,,,,2536.0,32048.0,17641.0
2021-05-10,219,2042,1020,4844,52668,24845,,,,0,0,0,,,,,,,0,0,0,,,,2536.0,32048.0,17641.0
2021-05-11,219,2043,1021,4854,52753,24899,,,,0,0,0,,,,,,,0,0,0,,,,2536.0,32048.0,17641.0
2021-05-12,219,2044,1024,4866,52888,24966,,,,0,0,0,,,,,,,0,0,0,,,,2536.0,32048.0,17641.0
2021-05-13,219,2046,1025,4886,53031,25070,,,,0,0,0,,,,,,,0,0,0,,,,2536.0,32048.0,17641.0
2021-05-14,219,2050,1026,4906,53252,25162,,,,0,0,0,,,,,,,0,0,0,,,,2536.0,32048.0,17641.0
2021-05-15,219,2054,1029,4919,53434,25236,,,,0,0,0,,,,,,,0,0,0,,,,2536.0,32048.0,17641.0
2021-05-16,218,2055,1029,4925,53558,25295,,,,0,0,0,,,,,,,0,0,0,,,,2536.0,32048.0,17641.0
2021-05-17,218,2056,1028,4934,53638,25330,,,,0,0,0,,,,,,,0,0,0,,,,2536.0,32048.0,17641.0
2021-05-18,218,2063,1029,4944,53865,25374,,,,0,0,0,,,,,,,0,0,0,,,,2536.0,32048.0,17641.0
2021-05-19,218,2064,1030,4958,54025,25450,,,,0,0,0,,,,,,,0,0,0,,,,2536.0,32048.0,17641.0
2021-05-20,218,2064,1030,4974,54165,25536,,,,0,0,0,,,,,,,0,0,0,,,,2536.0,32048.0,17641.0
2021-05-21,218,2070,1030,4991,54398,25634,,,,0,0,0,,,,,,,0,0,0,,,,2536.0,32048.0,17641.0
2021-05-22,218,2073,1030,5009,54521,25695,,,,0,0,0,,,,,,,0,0,0,,,,2536.0,32048.0,17641.0
2021-05-23,218,2074,1032,5026,54619,25753,,,,0,0,0,,,,,,,0,0,0,,,,2536.0,32048.0,17641.0
2021-05-24,218,2077,1032,5031,54701,25799,,,,0,0,0,,,,,,,0,0,0,,,,2536.0,32048.0,17641.0
2021-05-25,218,2081,1033,5042,54778,25824,,,,0,0,0,,,,,,,0,0,0,,,,2536.0,32048.0,17641.0
2021-05-26,218,2083,1034,5056,54899,25889,,,,0,0,0,,,,,,,0,0,0,,,,2536.0,32048.0,17641.0
2021-05-27,218,2085,1035,5065,55022,25938,,,,0,0,0,,,,,,,0,0,0,,,,2536.0,32048.0,17641.0
2021-05-28,218,2089,1037,5073,55215,25990,,,,0,0,0,,,,,,,0,0,0,,,,2536.0,32048.0,17641.0
2021-05-29,218,2096,1037,5079,55356,26046,,,,0,0,0,,,,,,,0,0,0,,,,2536.0,32048.0,17641.0
2021-05-30,218,2096,1037,5090,55466,26094,,,,0,0,0,,,,,,,0,0,0,,,,2536.0,32048.0,17641.0
2021-05-31,218,2097,1038,5093,55532,26129,,,,0,0,0,,,,,,,0,0,0,,,,2536.0,32048.0,17641.0
2021-06-01,218,2097,1038,5099,55607,26159,,,,0,0,0,,,,,,,0,0,0,,,,2536.0,32048.0,17641.0
2021-06-02,218,2098,1038,5102,55648,26176,,,,0,0,0,,,,,,,0,0,0,,,,2536.0,32048.0,17641.0
2021-06-03,218,2098,1038,5111,55766,26249,,,,0,0,0,,,,,,,0,0,0,,,,2536.0,32048.0,17641.0
2021-06-04,218,2099,1038,5119,55991,26310,,,,0,0,0,,,,,,,0,0,0,,,,2536.0,32048.0,17641.0
2021-06-05,218,2100,1038,5136,56083,26362,,,,0,0,0,,,,,,,0,0,0,,,,2536.0,32048.0,17641.0
2021-06-06,218,2100,1039,5148,56183,26422,,,,0,0,0,,,,,,,0,0,0,,,,2536.0,32048.0,17641.0
2021-06-07,218,2100,1039,5164,56231,26449,,,,0,0,0,,,,,,,0,0,0,,,,2536.0,32048.0,17641.0
2021-06-08,218,2100,1039,5172,56303,26485,,,,0,0,0,,,,,,,0,0,0,,,,2536.0,32048.0,17641.0
2021-06-09,218,2099,1039,5186,56396,26538,,,,0,0,0,,,,,,,0,0,0,,,,2536.0,32048.0,17641.0
2021-06-10,218,2099,1039,5201,56484,26584,,,,0,0,0,,,,,,,0,0,0,,,,2536.0,32048.0,17641.0
2021-06-11,218,2103,1039,5205,56584,26626,,,,0,0,0,,,,,,,0,0,0,,,,2536.0,32048.0,17641.0
2021-06-12,218,2103,1039,5220,56808,26699,,,,0,0,0,,,,,,,0,0,0,,,,2536.0,32048.0,17641.0
2021-06-13,218,2104,1040,5243,56981,26771,,,,0,0,0,,,,,,,0,0,0,,,,2536.0,32048.0,17641.0
2021-06-14,218,2103,1040,5250,57073,26832,,,,0,0,0,,,,,,,0,0,0,,,,2536.0,32048.0,17641.0
2021-06-15,218,2102,1040,5257,57232,26893,,,,0,0,0,,,,,,,0,0,0,,,,2536.0,32048.0,17641.0
2021-06-16,218,2102,1039,5265,57365,26969,,,,0,0,0,,,,,,,0,0,0,,,,2536.0,32048.0,17641.0
2021-06-17,218,2101,1039,5277,57509,27046,,,,0,0,0,,,,,,,0,0,0,,,,2536.0,32048.0,17641.0
2021-06-18,219,2101,1039,5284,57772,27117,,,,0,0,0,,,,,,,0,0,0,,,,2536.0,32048.0,17641.0
2021-06-19,219,2101,1039,5305,57906,27185,,,,0,0,0,,,,,,,0,0,0,,,,2536.0,32048.0,17641.0
2021-06-20,219,2101,1039,5316,58048,27252,,,,0,0,0,,,,,,,0,0,0,,,,2536.0,32048.0,17641.0
2021-06-21,219,2101,1039,5326,58120,27278,,,,0,0,0,,,,,,,0,0,0,,,,2536.0,32048.0,17641.0
2021-06-22,219,2099,1038,5333,58257,27334,,,,0,0,0,,,,,,,0,0,0,,,,2536.0,32048.0,17641.0
2021-06-23,219,2099,1038,5340,58409,27419,,,,0,0,0,,,,,,,0,0,0,,,,2536.0,32048.0,17641.0
2021-06-24,219,2098,1037,5350,58545,27487,,,,0,0,0,,,,,,,0,0,0,,,,2536.0,32048.0,17641.0
2021-06-25,219,2098,1037,5370,58786,27604,,,,0,0,0,,,,,,,0,0,0,,,,2536.0,32048.0,17641.0
2021-06-26,219,2098,1037,5381,58894,27657,,,,0,0,0,,,,,,,0,0,0,,,,2536.0,32048.0,17641.0
2021-06-27,219,2099,1037,5391,58979,27699,,,,0,0,0,,,,,,,0,0,0,,,,2536.0,32048.0,17641.0
2021-06-28,219,2098,1037,5394,59038,27731,,,,0,0,0,,,,,,,0,0,0,,,,2536.0,32048.0,17641.0
2021-06-29,219,2098,1037,5402,59161,27797,,,,0,0,0,,,,,,,0,0,0,,,,2536.0,32048.0,17641.0
2021-06-30,219,2098,1037,5416,59312,27866,,,,0,0,0,,,,,,,0,0,0,,,,2536.0,32048.0,17641.0
2021-07-01,219,2098,1037,5420,59481,27909,,,,0,0,0,,,,,,,0,0,0,,,,2536.0,32048.0,17641.0
2021-07-02,219,2099,1037,5428,59548,27956,,,,0,0,0,,,,,,,0,0,0,,,,2536.0,32048.0,17641.0
2021-07-03,219,2102,1037,5434,59677,27989,,,,0,0,0,,,,,,,0,0,0,,,,2536.0,32048.0,17641.0
2021-07-04,219,2102,1037,5434,59697,27995,,,,0,0,0,,,,,,,0,0,0,,,,2536.0,32048.0,17641.0
2021-07-05,219,2102,1037,5434,59698,28000,,,,0,0,0,,,,,,,0,0,0,,,,2536.0,32048.0,17641.0
2021-07-06,219,2102,1038,5444,59828,28056,,,,0,0,0,,,,,,,0,0,0,,,,2536.0,32048.0,17641.0
2021-07-07,219,2104,1039,5447,59875,28096,,,,0,0,0,,,,,,,0,0,0,,,,2536.0,32048.0,17641.0
2021-07-08,219,2105,1039,5456,59986,28132,,,,0,0,0,,,,,,,0,0,0,,,,2536.0,32048.0,17641.0
2021-07-09,219,2106,1040,5464,60119,28188,,,,0,0,0,,,,,,,0,0,0,,,,2536.0,32048.0,17641.0
2021-07-10,219,2106,1043,5471,60228,28233,,,,0,0,0,,,,,,,0,0,0,,,,2536.0,32048.0,17641.0
2021-07-11,219,2111,1044,5479,60309,28270,,,,0,0,0,,,,,,,0,0,0,,,,2536.0,32048.0,17641.0
2021-07-12,219,2113,1044,5483,60367,28304,,,,0,0,0,,,,,,,0,0,0,,,,2536.0,32048.0,17641.0
2021-07-13,218,2114,1045,5490,60415,28348,,,,0,0,0,,,,,,,0,0,0,,,,2536.0,32048.0,17641.0
2021-07-14,218,2117,1047,5498,60522,28393,,,,0,0,0,,,,,,,0,0,0,,,,2536.0,32048.0,17641.0
2021-07-15,219,2119,1049,5512,60621,28440,,,,0,0,0,,,,,,,0,0,0,,,,2536.0,32048.0,17641.0
2021-07-16,219,2119,1050,5519,60703,28470,,,,0,0,0,,,,,,,0,0,0,,,,2536.0,32048.0,17641.0
2021-07-17,219,2120,1051,5525,60807,28509,,,,0,0,0,,,,,,,0,0,0,,,,2536.0,32048.0,17641.0
2021-07-18,220,2122,1051,5530,60890,28569,,,,0,0,0,,,,,,,0,0,0,,,,2536.0,32048.0,17641.0
2021-07-19,221,2123,1051,5538,60962,28597,,,,0,0,0,,,,,,,0,0,0,,,,2536.0,32048.0,17641.0
2021-07-20,221,2123,1052,5544,61014,28616,,,,0,0,0,,,,,,,0,0,0,,,,2536.0,32048.0,17641.0
2021-07-21,221,2125,1053,5551,61085,28652,,,,0,0,0,,,,,,,0,0,0,,,,2536.0,32048.0,17641.0
2021-07-22,221,2132,1054,5563,61222,28709,,,,0,0,0,,,,,,,0,0,0,,,,2536.0,32048.0,17641.0
2021-07-23,221,2135,1057,5572,61315,28751,,,,0,0,0,,,,,,,0,0,0,,,,2536.0,32048.0,17641.0
2021-07-24,221,2135,1059,5588,61446,28808,,,,0,0,0,,,,,,,0,0,0,,,,2536.0,32048.0,17641.0
2021-07-25,221,2137,1062,5596,61577,28868,,,,0,0,0,,,,,,,0,0,0,,,,2536.0,32048.0,17641.0
2021-07-26,221,2137,1062,5601,61652,28914,,,,0,0,0,,,,,,,0,0,0,,,,2536.0,32048.0,17641.0
2021-07-27,221,2140,1062,5601,61705,28951,,,,0,0,0,,,,,,,0,0,0,,,,2536.0,32048.0,17641.0
2021-07-28,221,2142,1064,5615,61812,29012,,,,0,0,0,,,,,,,0,0,0,,,,2536.0,32048.0,17641.0
2021-07-29,221,2141,1064,5630,61908,29085,,,,0,0,0,,,,,,,0,0,0,,,,2536.0,32048.0,17641.0
2021-07-30,223,2147,1067,5651,62045,29146,,,,0,0,0,,,,,,,0,0,0,,,,2536.0,32048.0,17641.0
2021-07-31,223,2152,1067,5661,62187,29200,,,,0,0,0,,,,,,,0,0,0,,,,2536.0,32048.0,17641.0
2021-08-01,223,2154,1069,5675,62305,29274,,,,0,0,0,,,,,,,0,0,0,,,,2536.0,32048.0,17641.0
2021-08-02,223,2159,1070,5685,62379,29337,,,,0,0,0,,,,,,,0,0,0,,,,2536.0,32048.0,17641.0
2021-08-03,225,2163,1072,5692,62466,29404,,,,0,0,0,,,,,,,0,0,0,,,,2536.0,32048.0,17641.0
2021-08-04,225,2166,1073,5710,62600,29505,,,,0,0,0,,,,,,,0,0,0,,,,2536.0,32048.0,17641.0
2021-08-05,226,2172,1077,5737,62763,29598,,,,0,0,0,,,,,,,0,0,0,,,,2536.0,32048.0,17641.0
2021-08-06,226,2177,1083,5763,63001,29684,,,,0,0,0,,,,,,,0,0,0,,,,2536.0,32048.0,17641.0
2021-08-07,227,2180,1086,5777,63282,29775,,,,0,0,0,,,,,,,0,0,0,,,,2536.0,32048.0,17641.0
2021-08-08,227,2184,1086,5799,63428,29870,,,,0,0,0,,,,,,,0,0,0,,,,2536.0,32048.0,17641.0
2021-08-09,227,2186,1087,5812,63579,29960,,,,0,0,0,,,,,,,0,0,0,,,,2536.0,32048.0,17641.0
2021-08-10,227,2189,1089,5829,63719,30023,,,,0,0,0,,,,,,,0,0,0,,,,2536.0,32048.0,17641.0
2021-08-11,227,2193,1093,5850,63850,30096,,,,0,0,0,,,,,,,0,0,0,,,,2536.0,32048.0,17641.0
2021-08-12,227,2195,1093,5868,64002,30189,,,,0,0,0,,,,,,,0,0,0,,,,2536.0,32048.0,17641.0
2021-08-13,228,2199,1096,5906,64164,30283,,,,0,0,0,,,,,,,0,0,0,,,,2536.0,32048.0,17641.0
2021-08-14,228,2207,1098,5920,64374,30375,,,,0,0,0,,,,,,,0,0,0,,,,2536.0,32048.0,17641.0
2021-08-15,229,2211,1100,5938,64490,30446,,,,0,0,0,,,,,,,0,0,0,,,,2536.0,32048.0,17641.0
2021-08-16,229,2215,1101,5959,64653,30520,,,,0,0,0,,,,,,,0,0,0,,,,2536.0,32048.0,17641.0
2021-08-17,230,2219,1104,5985,64759,30578,,,,0,0,0,,,,,,,0,0,0,,,,2536.0,32048.0,17641.0
2021-08-18,229,2223,1107,5995,64910,30648,,,,0,0,0,,,,,,,0,0,0,,,,2536.0,32048.0,17641.0
2021-08-19,229,2222,1109,6009,65052,30736,,,,0,0,0,,,,,,,0,0,0,,,,2536.0,32048.0,17641.0
2021-08-20,229,2230,1112,6030,65193,30816,,,,0,0,0,,,,,,,0,0,0,,,,2536.0,32048.0,17641.0
2021-08-21,229,2235,1113,6042,65311,30903,,,,0,0,0,,,,,,,0,0,0,,,,2536.0,32048.0,17641.0
2021-08-22,229,2237,1114,6058,65455,30968,,,,0,0,0,,,,,,,0,0,0,,,,2536.0,32048.0,17641.0
2021-08-23,229,2240,1117,6065,65546,31042,,,,0,0,0,,,,,,,0,0,0,,,,2536.0,32048.0,17641.0
2021-08-24,229,2242,1118,6073,65646,31097,,,,0,0,0,,,,,,,0,0,0,,,,2536.0,32048.0,17641.0
2021-08-25,230,2245,1118,6091,65791,31176,,,,0,0,0,,,,,,,0,0,0,,,,2536.0,32048.0,17641.0
2021-08-26,232,2251,1122,6110,65949,31269,,,,0,0,0,,,,,,,0,0,0,,,,2536.0,32048.0,17641.0
2021-08-27,234,2257,1125,6143,66197,31354,,,,0,0,0,,,,,,,0,0,0,,,,2536.0,32048.0,17641.0
2021-08-28,235,2263,1126,6162,66344,31430,,,,0,0,0,,,,,,,0,0,0,,,,2536.0,32048.0,17641.0
2021-08-29,236,2266,1128,6181,66507,31513,,,,0,0,0,,,,,,,0,0,0,,,,2536.0,32048.0,17641.0
2021-08-30,236,2267,1128,6184,66582,31550,,,,0,0,0,,,,,,,0,0,0,,,,2536.0,32048.0,17641.0
2021-08-31,237,2270,1130,6207,66759,31632,,,,0,0,0,,,,,,,0,0,0,,,,2536.0,32048.0,17641.0
2021-09-01,239,2285,1136,6222,66917,31727,,,,0,0,0,,,,,,,0,0,0,,,,2536.0,32048.0,17641.0
2021-09-02,239,2290,1139,6244,67099,31852,,,,0,0,0,,,,,,,0,0,0,,,,2536.0,32048.0,17641.0
2021-09-03,239,2299,1141,6259,67321,31957,,,,0,0,0,,,,,,,0,0,0,,,,2536.0,32048.0,17641.0
2021-09-04,239,2304,1143,6281,67508,32060,,,,0,0,0,,,,,,,0,0,0,,,,2536.0,32048.0,17641.0
2021-09-05,239,2307,1146,6299,67683,32163,,,,0,0,0,,,,,,,0,0,0,,,,2536.0,32048.0,17641.0
2021-09-06,239,2309,1147,6307,67829,32228,,,,0,0,0,,,,,,,0,0,0,,,,2536.0,32048.0,17641.0
2021-09-07,239,2311,1149,6320,67920,32292,,,,0,0,0,,,,,,,0,0,0,,,,2536.0,32048.0,17641.0
