date,count,tested,percentage,Unknown tested,Unknown count,Unknown percentage,<20 tested,<20 count,<20 percentage,20-39 tested,20-39 count,20-39 percentage,30-39 tested,30-39 count,30-39 percentage,40-49 tested,40-49 count,40-49 percentage,50-59 tested,50-59 count,50-59 percentage,60-69 tested,60-69 count,60-69 percentage,70-79 tested,70-79 count,70-79 percentage,80+ tested,80+ count,80+ percentage
04-19,0.0,0.0,,0.0,0.0,,0.0,0.0,,0.0,0.0,,0.0,0.0,,0.0,0.0,,0.0,0.0,,0.0,0.0,,0.0,0.0,,0.0,0.0,
04-20,0.0,0.0,,0.0,0.0,,0.0,0.0,,0.0,0.0,,0.0,0.0,,0.0,0.0,,0.0,0.0,,0.0,0.0,,0.0,0.0,,0.0,0.0,
04-21,0.0,0.0,,0.0,0.0,,0.0,0.0,,0.0,0.0,,0.0,0.0,,0.0,0.0,,0.0,0.0,,0.0,0.0,,0.0,0.0,,0.0,0.0,
04-22,0.0,0.0,,0.0,0.0,,0.0,0.0,,0.0,0.0,,0.0,0.0,,0.0,0.0,,0.0,0.0,,0.0,0.0,,0.0,0.0,,0.0,0.0,
04-23,0.0,0.0,,0.0,0.0,,0.0,0.0,,0.0,0.0,,0.0,0.0,,0.0,0.0,,0.0,0.0,,0.0,0.0,,0.0,0.0,,0.0,0.0,
04-24,0.0,0.0,,0.0,0.0,,0.0,0.0,,0.0,0.0,,0.0,0.0,,0.0,0.0,,0.0,0.0,,0.0,0.0,,0.0,0.0,,0.0,0.0,
04-25,0.0,0.0,,0.0,0.0,,0.0,0.0,,0.0,0.0,,0.0,0.0,,0.0,0.0,,0.0,0.0,,0.0,0.0,,0.0,0.0,,0.0,0.0,
04-26,0.0,0.0,,0.0,0.0,,0.0,0.0,,0.0,0.0,,0.0,0.0,,0.0,0.0,,0.0,0.0,,0.0,0.0,,0.0,0.0,,0.0,0.0,
04-27,0.0,0.0,,0.0,0.0,,0.0,0.0,,0.0,0.0,,0.0,0.0,,0.0,0.0,,0.0,0.0,,0.0,0.0,,0.0,0.0,,0.0,0.0,
04-28,0.0,0.0,,0.0,0.0,,0.0,0.0,,0.0,0.0,,0.0,0.0,,0.0,0.0,,0.0,0.0,,0.0,0.0,,0.0,0.0,,0.0,0.0,
04-29,0.0,0.0,,0.0,0.0,,0.0,0.0,,0.0,0.0,,0.0,0.0,,0.0,0.0,,0.0,0.0,,0.0,0.0,,0.0,0.0,,0.0,0.0,
04-30,0.0,0.0,,0.0,0.0,,0.0,0.0,,0.0,0.0,,0.0,0.0,,0.0,0.0,,0.0,0.0,,0.0,0.0,,0.0,0.0,,0.0,0.0,
05-01,0.0,0.0,,0.0,0.0,,0.0,0.0,,0.0,0.0,,0.0,0.0,,0.0,0.0,,0.0,0.0,,0.0,0.0,,0.0,0.0,,0.0,0.0,
05-02,0.0,0.0,,0.0,0.0,,0.0,0.0,,0.0,0.0,,0.0,0.0,,0.0,0.0,,0.0,0.0,,0.0,0.0,,0.0,0.0,,0.0,0.0,
05-03,4.357142857142857,37.285714285714285,0.11685823754789271,0.0,0.0,,1.5,0.0,0.0,4.0,0.42857142857142855,0.10714285714285714,5.214285714285714,0.2857142857142857,0.0547945205479452,4.0,0.8571428571428572,0.2142857142857143,5.071428571428571,0.8571428571428572,0.16901408450704228,4.357142857142858,0.7142857142857142,0.16393442622950816,2.8571428571428577,1.0,0.3499999999999999,1.5,0.5,0.3333333333333333
05-04,4.357142857142857,37.285714285714285,0.11685823754789271,0.0,0.0,,1.5,0.0,0.0,4.0,0.42857142857142855,0.10714285714285714,5.214285714285714,0.2857142857142857,0.0547945205479452,4.0,0.8571428571428572,0.2142857142857143,5.071428571428571,0.8571428571428572,0.16901408450704228,4.357142857142858,0.7142857142857142,0.16393442622950816,2.8571428571428577,1.0,0.3499999999999999,1.5,0.5,0.3333333333333333
05-05,4.357142857142857,37.285714285714285,0.11685823754789271,0.0,0.0,,1.5,0.0,0.0,4.0,0.42857142857142855,0.10714285714285714,5.214285714285714,0.2857142857142857,0.0547945205479452,4.0,0.8571428571428572,0.2142857142857143,5.071428571428571,0.8571428571428572,0.16901408450704228,4.357142857142858,0.7142857142857142,0.16393442622950816,2.8571428571428577,1.0,0.3499999999999999,1.5,0.5,0.3333333333333333
05-06,5.285714285714286,52.00000000000001,0.10164835164835163,0.0,0.0,,2.5,0.0,0.0,6.214285714285714,0.6428571428571429,0.10344827586206898,7.7142857142857135,0.8571428571428571,0.11111111111111112,6.428571428571429,1.0714285714285714,0.16666666666666666,7.571428571428571,0.7857142857142857,0.10377358490566038,6.571428571428571,0.8571428571428572,0.13043478260869568,4.2142857142857135,1.0,0.23728813559322037,2.0,0.5714285714285714,0.2857142857142857
05-07,5.571428571428571,55.42857142857143,0.10051546391752576,0.0,0.0,,2.928571428571429,0.0,0.0,6.785714285714285,1.0714285714285714,0.15789473684210528,8.142857142857142,0.9285714285714285,0.11403508771929824,6.571428571428571,1.0714285714285714,0.16304347826086957,8.142857142857142,0.8571428571428571,0.10526315789473684,7.0,0.8571428571428572,0.12244897959183675,4.785714285714286,1.0714285714285714,0.22388059701492538,2.2857142857142856,0.5714285714285714,0.25
05-08,4.0,44.14285714285714,0.09061488673139159,0.0,0.0,,2.428571428571429,0.0,0.0,6.571428571428571,1.0714285714285714,0.16304347826086957,7.428571428571429,0.7142857142857143,0.09615384615384616,6.857142857142858,0.7857142857142857,0.11458333333333333,7.357142857142857,0.6428571428571428,0.08737864077669903,6.857142857142858,0.7142857142857142,0.10416666666666664,5.071428571428571,0.4285714285714286,0.08450704225352114,2.2857142857142856,0.35714285714285715,0.15625
05-09,4.0,44.14285714285714,0.09061488673139159,0.0,0.0,,2.428571428571429,0.0,0.0,6.571428571428571,1.0714285714285714,0.16304347826086957,7.428571428571429,0.7142857142857143,0.09615384615384616,6.857142857142858,0.7857142857142857,0.11458333333333333,7.357142857142857,0.6428571428571428,0.08737864077669903,6.857142857142858,0.7142857142857142,0.10416666666666664,5.071428571428571,0.4285714285714286,0.08450704225352114,2.2857142857142856,0.35714285714285715,0.15625
05-10,4.0,44.14285714285714,0.09061488673139159,0.0,0.0,,2.428571428571429,0.0,0.0,6.571428571428571,1.0714285714285714,0.16304347826086957,7.428571428571429,0.7142857142857143,0.09615384615384616,6.857142857142858,0.7857142857142857,0.11458333333333333,7.357142857142857,0.6428571428571428,0.08737864077669903,6.857142857142858,0.7142857142857142,0.10416666666666664,5.071428571428571,0.4285714285714286,0.08450704225352114,2.2857142857142856,0.35714285714285715,0.15625
05-11,4.357142857142858,46.0,0.09472049689440995,0.0,0.0,,3.428571428571429,0.0,0.0,6.571428571428571,1.2857142857142856,0.19565217391304346,7.071428571428571,0.9285714285714286,0.13131313131313133,7.714285714285715,0.7857142857142857,0.10185185185185183,8.0,0.8571428571428571,0.10714285714285714,6.7857142857142865,0.5714285714285714,0.08421052631578946,4.571428571428571,0.35714285714285715,0.078125,2.4285714285714284,0.5,0.2058823529411765
05-12,4.357142857142858,46.0,0.09472049689440995,0.0,0.0,,3.428571428571429,0.0,0.0,6.571428571428571,1.2857142857142856,0.19565217391304346,7.071428571428571,0.9285714285714286,0.13131313131313133,7.714285714285715,0.7857142857142857,0.10185185185185183,8.0,0.8571428571428571,0.10714285714285714,6.7857142857142865,0.5714285714285714,0.08421052631578946,4.571428571428571,0.35714285714285715,0.078125,2.4285714285714284,0.5,0.2058823529411765
05-13,3.5,37.857142857142854,0.09245283018867925,0.0,0.0,,3.2142857142857144,0.0,0.0,5.0,1.2857142857142856,0.2571428571428571,5.5,0.8571428571428572,0.15584415584415587,6.142857142857142,0.5714285714285714,0.09302325581395349,6.5,0.4285714285714286,0.06593406593406594,5.785714285714286,0.5714285714285714,0.09876543209876543,3.928571428571429,0.21428571428571427,0.054545454545454536,2.0,0.35714285714285715,0.17857142857142858
05-14,3.2142857142857144,32.78571428571429,0.0980392156862745,0.0,0.0,,2.928571428571429,0.0,0.0,4.285714285714286,0.8571428571428571,0.19999999999999998,4.428571428571428,0.9285714285714286,0.20967741935483875,4.857142857142858,0.5,0.10294117647058823,5.928571428571429,0.35714285714285715,0.060240963855421686,5.357142857142858,0.5714285714285714,0.10666666666666665,3.5,0.21428571428571427,0.061224489795918366,1.7142857142857142,0.21428571428571427,0.125
05-15,3.2142857142857144,32.78571428571429,0.0980392156862745,0.0,0.0,,2.928571428571429,0.0,0.0,4.285714285714286,0.8571428571428571,0.19999999999999998,4.428571428571428,0.9285714285714286,0.20967741935483875,4.857142857142858,0.5,0.10294117647058823,5.928571428571429,0.35714285714285715,0.060240963855421686,5.357142857142858,0.5714285714285714,0.10666666666666665,3.5,0.21428571428571427,0.061224489795918366,1.7142857142857142,0.21428571428571427,0.125
05-16,4.571428571428571,60.214285714285715,0.07591933570581257,0.0,0.0,,5.357142857142858,0.0,0.0,7.571428571428571,1.2142857142857144,0.16037735849056606,8.785714285714286,1.5714285714285714,0.17886178861788615,8.785714285714285,0.8571428571428572,0.09756097560975611,9.428571428571429,0.9285714285714285,0.09848484848484848,8.0,0.21428571428571427,0.026785714285714284,6.2142857142857135,0.21428571428571427,0.034482758620689655,6.357142857142857,0.35714285714285715,0.05617977528089888
05-17,4.571428571428571,60.214285714285715,0.07591933570581257,0.0,0.0,,5.357142857142858,0.0,0.0,7.571428571428571,1.2142857142857144,0.16037735849056606,8.785714285714286,1.5714285714285714,0.17886178861788615,8.785714285714285,0.8571428571428572,0.09756097560975611,9.428571428571429,0.9285714285714285,0.09848484848484848,8.0,0.21428571428571427,0.026785714285714284,6.2142857142857135,0.21428571428571427,0.034482758620689655,6.357142857142857,0.35714285714285715,0.05617977528089888
05-18,5.071428571428571,66.78571428571428,0.07593582887700535,0.0,0.0,,5.642857142857143,0.0,0.0,8.714285714285715,1.5714285714285716,0.18032786885245902,9.642857142857142,1.5714285714285714,0.16296296296296298,9.928571428571429,0.8571428571428572,0.08633093525179857,10.857142857142856,1.1428571428571428,0.10526315789473685,8.642857142857142,0.21428571428571427,0.024793388429752067,7.0,0.14285714285714285,0.02040816326530612,6.642857142857143,0.2857142857142857,0.04301075268817204
05-19,5.071428571428571,66.78571428571428,0.07593582887700535,0.0,0.0,,5.642857142857143,0.0,0.0,8.714285714285715,1.5714285714285716,0.18032786885245902,9.642857142857142,1.5714285714285714,0.16296296296296298,9.928571428571429,0.8571428571428572,0.08633093525179857,10.857142857142856,1.1428571428571428,0.10526315789473685,8.642857142857142,0.21428571428571427,0.024793388429752067,7.0,0.14285714285714285,0.02040816326530612,6.642857142857143,0.2857142857142857,0.04301075268817204
05-20,4.142857142857142,52.07142857142857,0.07956104252400548,0.0,0.0,,4.642857142857142,0.0,0.0,6.5,1.3571428571428572,0.2087912087912088,7.142857142857142,0.9999999999999999,0.13999999999999999,7.5,0.6428571428571428,0.0857142857142857,8.357142857142856,1.2142857142857144,0.14529914529914534,6.428571428571429,0.07142857142857142,0.01111111111111111,5.642857142857143,0.14285714285714285,0.025316455696202528,6.142857142857142,0.21428571428571427,0.03488372093023256
05-21,3.8571428571428568,48.642857142857146,0.07929515418502202,0.0,0.0,,4.214285714285714,0.0,0.0,5.928571428571429,0.9285714285714286,0.1566265060240964,6.714285714285714,0.9285714285714285,0.1382978723404255,7.357142857142858,0.6428571428571428,0.08737864077669902,7.7857142857142865,1.1428571428571428,0.14678899082568805,6.0,0.07142857142857142,0.011904761904761904,5.071428571428571,0.07142857142857142,0.014084507042253521,5.857142857142857,0.21428571428571427,0.036585365853658534
05-22,5.071428571428571,82.35714285714286,0.06157849089332176,0.0,0.0,,5.857142857142858,0.0,0.0,9.357142857142858,0.8571428571428572,0.0916030534351145,9.857142857142858,1.0714285714285714,0.10869565217391304,10.5,0.8571428571428572,0.0816326530612245,13.214285714285714,1.5714285714285714,0.11891891891891893,9.357142857142856,0.21428571428571427,0.02290076335877863,9.357142857142856,0.07142857142857142,0.0076335877862595426,15.142857142857144,0.35714285714285715,0.023584905660377357
05-23,5.071428571428571,82.35714285714286,0.06157849089332176,0.0,0.0,,5.857142857142858,0.0,0.0,9.357142857142858,0.8571428571428572,0.0916030534351145,9.857142857142858,1.0714285714285714,0.10869565217391304,10.5,0.8571428571428572,0.0816326530612245,13.214285714285714,1.5714285714285714,0.11891891891891893,9.357142857142856,0.21428571428571427,0.02290076335877863,9.357142857142856,0.07142857142857142,0.0076335877862595426,15.142857142857144,0.35714285714285715,0.023584905660377357
05-24,5.071428571428571,82.35714285714286,0.06157849089332176,0.0,0.0,,5.857142857142858,0.0,0.0,9.357142857142858,0.8571428571428572,0.0916030534351145,9.857142857142858,1.0714285714285714,0.10869565217391304,10.5,0.8571428571428572,0.0816326530612245,13.214285714285714,1.5714285714285714,0.11891891891891893,9.357142857142856,0.21428571428571427,0.02290076335877863,9.357142857142856,0.07142857142857142,0.0076335877862595426,15.142857142857144,0.35714285714285715,0.023584905660377357
05-25,4.857142857142857,85.64285714285714,0.0567139282735613,0.0,0.0,,5.857142857142857,0.42857142857142855,0.07317073170731707,10.142857142857142,0.7857142857142858,0.07746478873239437,11.214285714285714,0.9285714285714286,0.08280254777070065,10.5,0.8571428571428572,0.0816326530612245,13.5,1.5,0.1111111111111111,9.571428571428571,0.21428571428571427,0.022388059701492536,9.714285714285715,0.14285714285714285,0.014705882352941175,15.214285714285714,0.2857142857142857,0.018779342723004695
05-26,4.857142857142857,85.64285714285714,0.0567139282735613,0.0,0.0,,5.857142857142857,0.42857142857142855,0.07317073170731707,10.142857142857142,0.7857142857142858,0.07746478873239437,11.214285714285714,0.9285714285714286,0.08280254777070065,10.5,0.8571428571428572,0.0816326530612245,13.5,1.5,0.1111111111111111,9.571428571428571,0.21428571428571427,0.022388059701492536,9.714285714285715,0.14285714285714285,0.014705882352941175,15.214285714285714,0.2857142857142857,0.018779342723004695
05-27,4.857142857142857,85.64285714285714,0.0567139282735613,0.0,0.0,,5.857142857142857,0.42857142857142855,0.07317073170731707,10.142857142857142,0.7857142857142858,0.07746478873239437,11.214285714285714,0.9285714285714286,0.08280254777070065,10.5,0.8571428571428572,0.0816326530612245,13.5,1.5,0.1111111111111111,9.571428571428571,0.21428571428571427,0.022388059701492536,9.714285714285715,0.14285714285714285,0.014705882352941175,15.214285714285714,0.2857142857142857,0.018779342723004695
05-28,4.857142857142857,85.64285714285714,0.0567139282735613,0.0,0.0,,5.857142857142857,0.42857142857142855,0.07317073170731707,10.142857142857142,0.7857142857142858,0.07746478873239437,11.214285714285714,0.9285714285714286,0.08280254777070065,10.5,0.8571428571428572,0.0816326530612245,13.5,1.5,0.1111111111111111,9.571428571428571,0.21428571428571427,0.022388059701492536,9.714285714285715,0.14285714285714285,0.014705882352941175,15.214285714285714,0.2857142857142857,0.018779342723004695
05-29,5.357142857142857,102.07142857142857,0.052484254723582924,0.0,0.0,,7.142857142857142,0.42857142857142855,0.06,12.142857142857142,1.0,0.08235294117647059,13.142857142857142,0.9285714285714286,0.07065217391304349,12.642857142857142,0.8571428571428572,0.06779661016949154,16.071428571428573,1.5714285714285712,0.09777777777777776,12.5,0.42857142857142855,0.03428571428571428,12.357142857142858,0.14285714285714285,0.011560693641618497,16.142857142857146,0.2857142857142857,0.017699115044247784
05-30,3.0,71.21428571428572,0.04212637913741223,0.0,0.0,,4.5,0.42857142857142855,0.09523809523809523,8.357142857142858,0.6428571428571429,0.07692307692307693,8.5,0.21428571428571427,0.025210084033613443,8.642857142857142,0.4285714285714286,0.04958677685950414,12.071428571428571,0.8571428571428571,0.07100591715976332,8.785714285714285,0.3571428571428571,0.04065040650406504,9.0,0.0,0.0,11.357142857142856,0.14285714285714285,0.012578616352201259
05-31,3.2857142857142856,79.71428571428571,0.04121863799283154,0.0,0.0,,4.857142857142857,0.42857142857142855,0.08823529411764706,9.142857142857142,0.7857142857142858,0.08593750000000001,9.571428571428571,0.21428571428571427,0.022388059701492536,9.5,0.4285714285714286,0.04511278195488722,14.07142857142857,0.9285714285714285,0.06598984771573604,10.285714285714285,0.3571428571428571,0.034722222222222224,10.142857142857144,0.07142857142857142,0.007042253521126759,12.142857142857142,0.14285714285714285,0.011764705882352941
06-01,2.785714285714286,78.14285714285714,0.03564899451553931,0.0,0.0,,4.928571428571429,0.42857142857142855,0.08695652173913043,8.285714285714286,0.4285714285714286,0.05172413793103448,9.285714285714286,0.21428571428571427,0.023076923076923075,9.428571428571429,0.4285714285714286,0.045454545454545456,13.5,0.7142857142857143,0.052910052910052914,10.928571428571429,0.3571428571428571,0.0326797385620915,9.785714285714286,0.14285714285714285,0.0145985401459854,11.999999999999998,0.21428571428571427,0.01785714285714286
06-02,2.785714285714286,78.14285714285714,0.03564899451553931,0.0,0.0,,4.928571428571429,0.42857142857142855,0.08695652173913043,8.285714285714286,0.4285714285714286,0.05172413793103448,9.285714285714286,0.21428571428571427,0.023076923076923075,9.428571428571429,0.4285714285714286,0.045454545454545456,13.5,0.7142857142857143,0.052910052910052914,10.928571428571429,0.3571428571428571,0.0326797385620915,9.785714285714286,0.14285714285714285,0.0145985401459854,11.999999999999998,0.21428571428571427,0.01785714285714286
06-03,3.071428571428571,88.14285714285714,0.03484602917341977,0.0,0.0,,5.357142857142858,0.42857142857142855,0.07999999999999999,9.142857142857142,0.5,0.0546875,10.642857142857142,0.21428571428571427,0.020134228187919462,11.357142857142856,0.4285714285714286,0.03773584905660378,14.857142857142858,0.7142857142857143,0.04807692307692308,12.928571428571427,0.3571428571428571,0.027624309392265192,11.142857142857142,0.14285714285714285,0.01282051282051282,12.714285714285714,0.2857142857142857,0.02247191011235955
06-04,3.071428571428571,88.14285714285714,0.03484602917341977,0.0,0.0,,5.357142857142858,0.42857142857142855,0.07999999999999999,9.142857142857142,0.5,0.0546875,10.642857142857142,0.21428571428571427,0.020134228187919462,11.357142857142856,0.4285714285714286,0.03773584905660378,14.857142857142858,0.7142857142857143,0.04807692307692308,12.928571428571427,0.3571428571428571,0.027624309392265192,11.142857142857142,0.14285714285714285,0.01282051282051282,12.714285714285714,0.2857142857142857,0.02247191011235955
06-05,1.8571428571428572,54.42857142857143,0.03412073490813648,0.0,0.0,,3.7142857142857144,0.42857142857142855,0.11538461538461538,5.714285714285714,0.5714285714285714,0.09999999999999999,7.5,0.07142857142857142,0.009523809523809523,8.214285714285715,0.21428571428571427,0.026086956521739126,9.428571428571429,0.2857142857142857,0.0303030303030303,9.571428571428571,0.21428571428571427,0.022388059701492536,6.857142857142857,0.14285714285714285,0.020833333333333332,3.428571428571429,0.14285714285714285,0.041666666666666664
06-06,1.8571428571428572,54.42857142857143,0.03412073490813648,0.0,0.0,,3.7142857142857144,0.42857142857142855,0.11538461538461538,5.714285714285714,0.5714285714285714,0.09999999999999999,7.5,0.07142857142857142,0.009523809523809523,8.214285714285715,0.21428571428571427,0.026086956521739126,9.428571428571429,0.2857142857142857,0.0303030303030303,9.571428571428571,0.21428571428571427,0.022388059701492536,6.857142857142857,0.14285714285714285,0.020833333333333332,3.428571428571429,0.14285714285714285,0.041666666666666664
06-07,1.8571428571428572,54.42857142857143,0.03412073490813648,0.0,0.0,,3.7142857142857144,0.42857142857142855,0.11538461538461538,5.714285714285714,0.5714285714285714,0.09999999999999999,7.5,0.07142857142857142,0.009523809523809523,8.214285714285715,0.21428571428571427,0.026086956521739126,9.428571428571429,0.2857142857142857,0.0303030303030303,9.571428571428571,0.21428571428571427,0.022388059701492536,6.857142857142857,0.14285714285714285,0.020833333333333332,3.428571428571429,0.14285714285714285,0.041666666666666664
06-08,1.5714285714285712,66.92857142857143,0.023479188900747062,0.0,0.0,,4.5,0.07142857142857142,0.015873015873015872,7.214285714285714,0.42857142857142855,0.0594059405940594,9.214285714285715,0.14285714285714285,0.015503875968992246,9.642857142857142,0.07142857142857142,0.007407407407407408,11.571428571428571,0.3571428571428571,0.030864197530864196,11.785714285714285,0.21428571428571427,0.01818181818181818,9.071428571428571,0.07142857142857142,0.007874015748031496,3.928571428571429,0.07142857142857142,0.01818181818181818
06-09,1.5714285714285712,66.92857142857143,0.023479188900747062,0.0,0.0,,4.5,0.07142857142857142,0.015873015873015872,7.214285714285714,0.42857142857142855,0.0594059405940594,9.214285714285715,0.14285714285714285,0.015503875968992246,9.642857142857142,0.07142857142857142,0.007407407407407408,11.571428571428571,0.3571428571428571,0.030864197530864196,11.785714285714285,0.21428571428571427,0.01818181818181818,9.071428571428571,0.07142857142857142,0.007874015748031496,3.928571428571429,0.07142857142857142,0.01818181818181818
06-10,1.857142857142857,77.14285714285714,0.024074074074074074,0.0,0.0,,4.928571428571429,0.07142857142857142,0.014492753623188404,8.571428571428571,0.42857142857142855,0.049999999999999996,10.714285714285715,0.14285714285714285,0.01333333333333333,10.928571428571429,0.14285714285714285,0.0130718954248366,13.785714285714285,0.3571428571428571,0.025906735751295335,13.214285714285715,0.3571428571428571,0.02702702702702702,10.571428571428573,0.07142857142857142,0.006756756756756755,4.428571428571428,0.14285714285714285,0.03225806451612904
06-11,1.857142857142857,77.14285714285714,0.024074074074074074,0.0,0.0,,4.928571428571429,0.07142857142857142,0.014492753623188404,8.571428571428571,0.42857142857142855,0.049999999999999996,10.714285714285715,0.14285714285714285,0.01333333333333333,10.928571428571429,0.14285714285714285,0.0130718954248366,13.785714285714285,0.3571428571428571,0.025906735751295335,13.214285714285715,0.3571428571428571,0.02702702702702702,10.571428571428573,0.07142857142857142,0.006756756756756755,4.428571428571428,0.14285714285714285,0.03225806451612904
06-12,1.5,72.57142857142857,0.02066929133858268,0.0,0.0,,5.0,0.14285714285714285,0.02857142857142857,8.214285714285715,0.2857142857142857,0.03478260869565217,10.071428571428571,0.14285714285714285,0.014184397163120567,10.428571428571429,0.14285714285714285,0.0136986301369863,13.428571428571427,0.2857142857142857,0.021276595744680854,11.642857142857142,0.14285714285714285,0.012269938650306749,9.714285714285715,0.07142857142857142,0.007352941176470587,4.071428571428571,0.14285714285714285,0.03508771929824561
06-13,1.5,72.57142857142857,0.02066929133858268,0.0,0.0,,5.0,0.14285714285714285,0.02857142857142857,8.214285714285715,0.2857142857142857,0.03478260869565217,10.071428571428571,0.14285714285714285,0.014184397163120567,10.428571428571429,0.14285714285714285,0.0136986301369863,13.428571428571427,0.2857142857142857,0.021276595744680854,11.642857142857142,0.14285714285714285,0.012269938650306749,9.714285714285715,0.07142857142857142,0.007352941176470587,4.071428571428571,0.14285714285714285,0.03508771929824561
06-14,1.2142857142857142,64.07142857142857,0.0189520624303233,0.0,0.0,,4.642857142857142,0.14285714285714285,0.03076923076923077,7.428571428571429,0.14285714285714285,0.01923076923076923,9.0,0.14285714285714285,0.015873015873015872,9.571428571428571,0.14285714285714285,0.014925373134328358,11.428571428571429,0.21428571428571427,0.01875,10.142857142857142,0.14285714285714285,0.014084507042253521,8.571428571428571,0.0,0.0,3.2857142857142856,0.14285714285714285,0.043478260869565216
06-15,1.6428571428571428,79.5,0.020664869721473494,0.0,0.0,,7.357142857142857,0.14285714285714285,0.019417475728155338,10.357142857142856,0.14285714285714285,0.013793103448275864,11.214285714285715,0.21428571428571427,0.019108280254777066,12.5,0.2857142857142857,0.022857142857142857,13.071428571428571,0.14285714285714285,0.01092896174863388,11.214285714285714,0.21428571428571427,0.01910828025477707,9.785714285714285,0.0,0.0,4.0,0.14285714285714285,0.03571428571428571
06-16,1.6428571428571428,79.5,0.020664869721473494,0.0,0.0,,7.357142857142857,0.14285714285714285,0.019417475728155338,10.357142857142856,0.14285714285714285,0.013793103448275864,11.214285714285715,0.21428571428571427,0.019108280254777066,12.5,0.2857142857142857,0.022857142857142857,13.071428571428571,0.14285714285714285,0.01092896174863388,11.214285714285714,0.21428571428571427,0.01910828025477707,9.785714285714285,0.0,0.0,4.0,0.14285714285714285,0.03571428571428571
06-17,1.3571428571428572,69.5,0.019527235354573486,0.0,0.0,,6.928571428571429,0.14285714285714285,0.020618556701030927,9.5,0.07142857142857142,0.007518796992481203,9.857142857142858,0.21428571428571427,0.021739130434782608,10.571428571428571,0.2857142857142857,0.027027027027027025,11.714285714285715,0.14285714285714285,0.012195121951219511,9.214285714285715,0.21428571428571427,0.02325581395348837,8.428571428571429,0.0,0.0,3.2857142857142856,0.07142857142857142,0.021739130434782608
06-18,1.6428571428571428,87.5,0.018775510204081632,0.0,0.0,,8.571428571428571,0.14285714285714285,0.016666666666666666,12.214285714285715,0.21428571428571427,0.017543859649122806,12.857142857142856,0.2857142857142857,0.022222222222222223,13.357142857142858,0.2857142857142857,0.0213903743315508,14.214285714285714,0.21428571428571427,0.01507537688442211,12.142857142857142,0.21428571428571427,0.01764705882352941,10.071428571428571,0.07142857142857142,0.0070921985815602835,4.071428571428571,0.07142857142857142,0.017543859649122806
06-19,1.6428571428571428,87.5,0.018775510204081632,0.0,0.0,,8.571428571428571,0.14285714285714285,0.016666666666666666,12.214285714285715,0.21428571428571427,0.017543859649122806,12.857142857142856,0.2857142857142857,0.022222222222222223,13.357142857142858,0.2857142857142857,0.0213903743315508,14.214285714285714,0.21428571428571427,0.01507537688442211,12.142857142857142,0.21428571428571427,0.01764705882352941,10.071428571428571,0.07142857142857142,0.0070921985815602835,4.071428571428571,0.07142857142857142,0.017543859649122806
06-20,1.6428571428571428,87.5,0.018775510204081632,0.0,0.0,,8.571428571428571,0.14285714285714285,0.016666666666666666,12.214285714285715,0.21428571428571427,0.017543859649122806,12.857142857142856,0.2857142857142857,0.022222222222222223,13.357142857142858,0.2857142857142857,0.0213903743315508,14.214285714285714,0.21428571428571427,0.01507537688442211,12.142857142857142,0.21428571428571427,0.01764705882352941,10.071428571428571,0.07142857142857142,0.0070921985815602835,4.071428571428571,0.07142857142857142,0.017543859649122806
06-21,1.6428571428571428,87.5,0.018775510204081632,0.0,0.0,,8.571428571428571,0.14285714285714285,0.016666666666666666,12.214285714285715,0.21428571428571427,0.017543859649122806,12.857142857142856,0.2857142857142857,0.022222222222222223,13.357142857142858,0.2857142857142857,0.0213903743315508,14.214285714285714,0.21428571428571427,0.01507537688442211,12.142857142857142,0.21428571428571427,0.01764705882352941,10.071428571428571,0.07142857142857142,0.0070921985815602835,4.071428571428571,0.07142857142857142,0.017543859649122806
06-22,1.1428571428571428,60.5,0.018890200708382526,0.0,0.0,,6.5,0.07142857142857142,0.010989010989010988,8.928571428571427,0.21428571428571427,0.024000000000000004,8.571428571428571,0.14285714285714285,0.016666666666666666,9.714285714285715,0.21428571428571427,0.022058823529411763,9.428571428571429,0.0,0.0,8.071428571428571,0.21428571428571427,0.02654867256637168,6.571428571428571,0.07142857142857142,0.010869565217391304,2.7142857142857144,0.07142857142857142,0.02631578947368421
06-23,1.5,93.85714285714286,0.01598173515981735,0.0,0.0,,10.214285714285715,0.07142857142857142,0.006993006993006992,13.42857142857143,0.7857142857142857,0.05851063829787233,13.857142857142858,0.14285714285714285,0.010309278350515464,15.285714285714286,0.2857142857142857,0.018691588785046728,14.92857142857143,-0.07142857142857142,-0.00478468899521531,12.714285714285715,0.21428571428571427,0.01685393258426966,9.357142857142858,0.14285714285714285,0.015267175572519082,4.071428571428572,0.07142857142857142,0.017543859649122803
06-24,1.2142857142857144,83.64285714285714,0.01451750640478224,0.0,0.0,,9.785714285714285,0.07142857142857142,0.007299270072992701,12.071428571428571,0.7857142857142857,0.0650887573964497,12.357142857142858,0.14285714285714285,0.011560693641618497,14.0,0.21428571428571427,0.015306122448979591,12.714285714285712,-0.07142857142857142,-0.005617977528089888,11.285714285714285,0.07142857142857142,0.006329113924050633,7.857142857142857,0.14285714285714285,0.01818181818181818,3.5714285714285716,0.0,0.0
06-25,1.2142857142857144,83.64285714285714,0.01451750640478224,0.0,0.0,,9.785714285714285,0.07142857142857142,0.007299270072992701,12.071428571428571,0.7857142857142857,0.0650887573964497,12.357142857142858,0.14285714285714285,0.011560693641618497,14.0,0.21428571428571427,0.015306122448979591,12.714285714285712,-0.07142857142857142,-0.005617977528089888,11.285714285714285,0.07142857142857142,0.006329113924050633,7.857142857142857,0.14285714285714285,0.01818181818181818,3.5714285714285716,0.0,0.0
06-26,1.4285714285714286,97.21428571428572,0.014695077149155033,0.0,0.0,,10.0,0.0,0.0,14.571428571428573,0.8571428571428572,0.058823529411764705,15.642857142857142,0.2857142857142857,0.0182648401826484,16.07142857142857,0.21428571428571427,0.013333333333333334,15.357142857142858,-0.07142857142857142,-0.004651162790697674,13.0,0.07142857142857142,0.005494505494505494,8.357142857142858,0.21428571428571427,0.025641025641025637,4.214285714285714,-0.07142857142857142,-0.01694915254237288
06-27,1.4285714285714286,97.21428571428572,0.014695077149155033,0.0,0.0,,10.0,0.0,0.0,14.571428571428573,0.8571428571428572,0.058823529411764705,15.642857142857142,0.2857142857142857,0.0182648401826484,16.07142857142857,0.21428571428571427,0.013333333333333334,15.357142857142858,-0.07142857142857142,-0.004651162790697674,13.0,0.07142857142857142,0.005494505494505494,8.357142857142858,0.21428571428571427,0.025641025641025637,4.214285714285714,-0.07142857142857142,-0.01694915254237288
06-28,1.4285714285714286,97.21428571428572,0.014695077149155033,0.0,0.0,,10.0,0.0,0.0,14.571428571428573,0.8571428571428572,0.058823529411764705,15.642857142857142,0.2857142857142857,0.0182648401826484,16.07142857142857,0.21428571428571427,0.013333333333333334,15.357142857142858,-0.07142857142857142,-0.004651162790697674,13.0,0.07142857142857142,0.005494505494505494,8.357142857142858,0.21428571428571427,0.025641025641025637,4.214285714285714,-0.07142857142857142,-0.01694915254237288
06-29,1.0,76.78571428571428,0.013023255813953489,0.0,0.0,,6.928571428571429,0.0,0.0,11.357142857142858,0.8571428571428572,0.07547169811320754,12.857142857142858,0.21428571428571427,0.016666666666666666,12.071428571428571,0.07142857142857142,0.005917159763313609,12.857142857142858,0.0,0.0,10.642857142857142,0.0,0.0,6.714285714285714,0.21428571428571427,0.031914893617021274,3.357142857142857,-0.07142857142857142,-0.02127659574468085
06-30,1.7142857142857142,111.5,0.015374759769378602,0.0,0.0,,9.5,0.07142857142857142,0.007518796992481203,14.428571428571427,0.9285714285714286,0.06435643564356437,18.357142857142858,0.5,0.027237354085603113,18.428571428571427,0.21428571428571427,0.011627906976744186,19.0,0.07142857142857142,0.0037593984962406013,14.928571428571427,0.0,0.0,11.0,0.21428571428571427,0.01948051948051948,5.714285714285714,-0.07142857142857142,-0.012499999999999999
07-01,1.7857142857142856,120.71428571428571,0.014792899408284023,0.0,0.0,,10.214285714285715,0.07142857142857142,0.006993006993006992,15.785714285714285,0.9285714285714286,0.05882352941176471,19.928571428571427,0.5,0.025089605734767026,20.357142857142854,0.21428571428571427,0.010526315789473686,20.642857142857142,0.07142857142857142,0.0034602076124567475,15.785714285714285,0.0,0.0,11.785714285714285,0.2857142857142857,0.024242424242424242,6.071428571428571,-0.07142857142857142,-0.011764705882352941
07-02,1.5,102.71428571428572,0.014603616133518776,0.0,0.0,,8.571428571428571,0.07142857142857142,0.008333333333333333,13.071428571428571,0.7857142857142857,0.060109289617486336,16.92857142857143,0.42857142857142855,0.025316455696202528,17.57142857142857,0.21428571428571427,0.012195121951219513,18.142857142857142,0.0,0.0,12.857142857142858,0.0,0.0,10.142857142857142,0.21428571428571427,0.02112676056338028,5.285714285714286,-0.07142857142857142,-0.013513513513513513
07-03,1.5,102.71428571428572,0.014603616133518776,0.0,0.0,,8.571428571428571,0.07142857142857142,0.008333333333333333,13.071428571428571,0.7857142857142857,0.060109289617486336,16.92857142857143,0.42857142857142855,0.025316455696202528,17.57142857142857,0.21428571428571427,0.012195121951219513,18.142857142857142,0.0,0.0,12.857142857142858,0.0,0.0,10.142857142857142,0.21428571428571427,0.02112676056338028,5.285714285714286,-0.07142857142857142,-0.013513513513513513
07-04,1.5,102.71428571428572,0.014603616133518776,0.0,0.0,,8.571428571428571,0.07142857142857142,0.008333333333333333,13.071428571428571,0.7857142857142857,0.060109289617486336,16.92857142857143,0.42857142857142855,0.025316455696202528,17.57142857142857,0.21428571428571427,0.012195121951219513,18.142857142857142,0.0,0.0,12.857142857142858,0.0,0.0,10.142857142857142,0.21428571428571427,0.02112676056338028,5.285714285714286,-0.07142857142857142,-0.013513513513513513
07-05,1.5,102.71428571428572,0.014603616133518776,0.0,0.0,,8.571428571428571,0.07142857142857142,0.008333333333333333,13.071428571428571,0.7857142857142857,0.060109289617486336,16.92857142857143,0.42857142857142855,0.025316455696202528,17.57142857142857,0.21428571428571427,0.012195121951219513,18.142857142857142,0.0,0.0,12.857142857142858,0.0,0.0,10.142857142857142,0.21428571428571427,0.02112676056338028,5.285714285714286,-0.07142857142857142,-0.013513513513513513
07-06,1.5,102.71428571428572,0.014603616133518776,0.0,0.0,,8.571428571428571,0.07142857142857142,0.008333333333333333,13.071428571428571,0.7857142857142857,0.060109289617486336,16.92857142857143,0.42857142857142855,0.025316455696202528,17.57142857142857,0.21428571428571427,0.012195121951219513,18.142857142857142,0.0,0.0,12.857142857142858,0.0,0.0,10.142857142857142,0.21428571428571427,0.02112676056338028,5.285714285714286,-0.07142857142857142,-0.013513513513513513
07-07,1.1428571428571428,69.35714285714286,0.016477857878475798,0.0,0.0,,4.857142857142858,0.07142857142857142,0.014705882352941175,8.571428571428571,0.21428571428571427,0.024999999999999998,11.642857142857142,0.42857142857142855,0.03680981595092025,12.0,0.14285714285714285,0.011904761904761904,12.642857142857142,0.07142857142857142,0.005649717514124294,8.214285714285715,0.0,0.0,7.357142857142858,0.14285714285714285,0.019417475728155338,3.928571428571429,-0.07142857142857142,-0.01818181818181818
07-08,1.1428571428571428,69.35714285714286,0.016477857878475798,0.0,0.0,,4.857142857142858,0.07142857142857142,0.014705882352941175,8.571428571428571,0.21428571428571427,0.024999999999999998,11.642857142857142,0.42857142857142855,0.03680981595092025,12.0,0.14285714285714285,0.011904761904761904,12.642857142857142,0.07142857142857142,0.005649717514124294,8.214285714285715,0.0,0.0,7.357142857142858,0.14285714285714285,0.019417475728155338,3.928571428571429,-0.07142857142857142,-0.01818181818181818
07-09,2.357142857142857,145.92857142857144,0.016152716593245225,0.0,0.0,,15.571428571428571,0.42857142857142855,0.027522935779816512,18.214285714285715,0.3571428571428571,0.019607843137254898,22.928571428571427,0.6428571428571428,0.028037383177570093,25.857142857142854,0.3571428571428571,0.013812154696132596,25.428571428571427,0.14285714285714285,0.0056179775280898875,17.5,0.07142857142857142,0.004081632653061224,13.428571428571427,0.21428571428571427,0.01595744680851064,6.857142857142857,-0.07142857142857142,-0.010416666666666666
07-10,2.0,120.5,0.016597510373443983,0.0,0.0,,14.0,0.42857142857142855,0.030612244897959183,14.07142857142857,0.21428571428571427,0.015228426395939087,18.357142857142858,0.5,0.027237354085603113,22.142857142857146,0.3571428571428571,0.016129032258064512,20.57142857142857,0.14285714285714285,0.006944444444444445,14.428571428571429,0.07142857142857142,0.0049504950495049506,11.142857142857142,0.14285714285714285,0.01282051282051282,5.642857142857143,0.0,0.0
07-11,2.0,120.5,0.016597510373443983,0.0,0.0,,14.0,0.42857142857142855,0.030612244897959183,14.07142857142857,0.21428571428571427,0.015228426395939087,18.357142857142858,0.5,0.027237354085603113,22.142857142857146,0.3571428571428571,0.016129032258064512,20.57142857142857,0.14285714285714285,0.006944444444444445,14.428571428571429,0.07142857142857142,0.0049504950495049506,11.142857142857142,0.14285714285714285,0.01282051282051282,5.642857142857143,0.0,0.0
07-12,2.0,120.5,0.016597510373443983,0.0,0.0,,14.0,0.42857142857142855,0.030612244897959183,14.07142857142857,0.21428571428571427,0.015228426395939087,18.357142857142858,0.5,0.027237354085603113,22.142857142857146,0.3571428571428571,0.016129032258064512,20.57142857142857,0.14285714285714285,0.006944444444444445,14.428571428571429,0.07142857142857142,0.0049504950495049506,11.142857142857142,0.14285714285714285,0.01282051282051282,5.642857142857143,0.0,0.0
07-13,2.7857142857142856,175.35714285714286,0.015885947046843176,0.0,0.0,,22.785714285714285,0.6428571428571429,0.028213166144200632,21.642857142857146,0.5,0.023102310231023097,24.928571428571427,0.7142857142857143,0.02865329512893983,32.214285714285715,0.3571428571428571,0.011086474501108645,28.92857142857143,0.14285714285714285,0.004938271604938271,20.357142857142858,0.21428571428571427,0.010526315789473684,16.214285714285715,0.14285714285714285,0.008810572687224669,8.071428571428571,0.0,0.0
07-14,2.071428571428571,145.57142857142856,0.01422963689892051,0.0,0.0,,21.0,0.5714285714285714,0.027210884353741496,19.142857142857142,0.42857142857142855,0.022388059701492536,20.357142857142858,0.4285714285714285,0.021052631578947364,26.214285714285715,0.21428571428571427,0.008174386920980926,23.785714285714285,0.07142857142857142,0.003003003003003003,16.714285714285715,0.21428571428571427,0.012820512820512818,12.428571428571429,0.14285714285714285,0.011494252873563218,5.857142857142858,0.0,0.0
07-15,2.142857142857143,149.21428571428572,0.014360938247965532,0.0,0.0,,21.857142857142854,0.5714285714285714,0.026143790849673203,19.428571428571427,0.42857142857142855,0.022058823529411766,20.28571428571429,0.5,0.02464788732394366,26.785714285714285,0.21428571428571427,0.008,24.571428571428573,0.07142857142857142,0.002906976744186046,17.642857142857142,0.21428571428571427,0.012145748987854251,12.285714285714285,0.07142857142857142,0.005813953488372093,6.285714285714286,0.0,0.0
07-16,2.642857142857143,162.78571428571428,0.016235190873189996,0.0,0.0,,23.857142857142858,0.5714285714285714,0.02395209580838323,21.071428571428573,0.5,0.02372881355932203,22.857142857142858,0.5,0.021875,28.428571428571427,0.35714285714285715,0.01256281407035176,27.285714285714285,0.14285714285714285,0.005235602094240838,19.071428571428573,0.21428571428571427,0.011235955056179773,13.214285714285715,0.07142857142857142,0.005405405405405405,6.928571428571429,0.14285714285714285,0.020618556701030927
07-17,2.7857142857142856,175.64285714285714,0.015860105734038225,0.0,0.0,,26.57142857142857,0.5714285714285714,0.021505376344086023,22.07142857142857,0.5,0.022653721682847898,24.571428571428573,0.5714285714285714,0.02325581395348837,30.85714285714286,0.35714285714285715,0.011574074074074073,29.5,0.14285714285714285,0.004842615012106537,20.428571428571427,0.21428571428571427,0.01048951048951049,14.142857142857142,0.07142857142857142,0.00505050505050505,7.428571428571429,0.14285714285714285,0.01923076923076923
07-18,2.7857142857142856,175.64285714285714,0.015860105734038225,0.0,0.0,,26.57142857142857,0.5714285714285714,0.021505376344086023,22.07142857142857,0.5,0.022653721682847898,24.571428571428573,0.5714285714285714,0.02325581395348837,30.85714285714286,0.35714285714285715,0.011574074074074073,29.5,0.14285714285714285,0.004842615012106537,20.428571428571427,0.21428571428571427,0.01048951048951049,14.142857142857142,0.07142857142857142,0.00505050505050505,7.428571428571429,0.14285714285714285,0.01923076923076923
07-19,2.7857142857142856,175.64285714285714,0.015860105734038225,0.0,0.0,,26.57142857142857,0.5714285714285714,0.021505376344086023,22.07142857142857,0.5,0.022653721682847898,24.571428571428573,0.5714285714285714,0.02325581395348837,30.85714285714286,0.35714285714285715,0.011574074074074073,29.5,0.14285714285714285,0.004842615012106537,20.428571428571427,0.21428571428571427,0.01048951048951049,14.142857142857142,0.07142857142857142,0.00505050505050505,7.428571428571429,0.14285714285714285,0.01923076923076923
07-20,3.857142857142857,218.21428571428572,0.0176759410801964,0.0,0.0,,33.857142857142854,0.7142857142857143,0.021097046413502112,28.928571428571427,1.1428571428571428,0.03950617283950617,30.92857142857143,0.6428571428571428,0.0207852193995381,37.57142857142857,0.42857142857142855,0.011406844106463879,36.14285714285714,0.2857142857142857,0.00790513833992095,24.857142857142854,0.21428571428571427,0.008620689655172414,16.642857142857142,0.07142857142857142,0.004291845493562232,9.214285714285714,0.14285714285714285,0.015503875968992248
07-21,3.857142857142857,218.21428571428572,0.0176759410801964,0.0,0.0,,33.857142857142854,0.7142857142857143,0.021097046413502112,28.928571428571427,1.1428571428571428,0.03950617283950617,30.92857142857143,0.6428571428571428,0.0207852193995381,37.57142857142857,0.42857142857142855,0.011406844106463879,36.14285714285714,0.2857142857142857,0.00790513833992095,24.857142857142854,0.21428571428571427,0.008620689655172414,16.642857142857142,0.07142857142857142,0.004291845493562232,9.214285714285714,0.14285714285714285,0.015503875968992248
07-22,4.571428571428571,239.07142857142856,0.019121601434120106,0.0,0.0,,37.92857142857143,0.7142857142857143,0.018832391713747645,31.357142857142858,1.2857142857142858,0.04100227790432802,34.0,0.9285714285714285,0.027310924369747896,41.857142857142854,0.5714285714285714,0.013651877133105802,39.35714285714286,0.3571428571428571,0.00907441016333938,26.714285714285715,0.2857142857142857,0.0106951871657754,18.214285714285715,0.07142857142857142,0.00392156862745098,9.571428571428571,0.14285714285714285,0.014925373134328358
07-23,3.357142857142857,162.5,0.02065934065934066,0.0,0.0,,27.214285714285715,0.35714285714285715,0.013123359580052493,21.714285714285715,1.1428571428571428,0.05263157894736842,22.714285714285715,0.7142857142857142,0.03144654088050314,28.0,0.35714285714285715,0.012755102040816327,26.57142857142857,0.2857142857142857,0.010752688172043012,17.42857142857143,0.21428571428571427,0.012295081967213113,12.142857142857142,0.0,0.0,6.642857142857143,0.14285714285714285,0.02150537634408602
07-24,3.928571428571429,191.92857142857144,0.02046892445106066,0.0,0.0,,32.57142857142857,0.7857142857142857,0.024122807017543862,25.07142857142857,1.2142857142857142,0.04843304843304843,27.28571428571429,0.9285714285714285,0.03403141361256544,33.21428571428571,0.5,0.015053763440860218,30.785714285714285,0.2857142857142857,0.009280742459396751,20.785714285714285,0.2857142857142857,0.013745704467353952,14.499999999999998,0.0,0.0,7.642857142857143,0.14285714285714285,0.018691588785046728
07-25,3.928571428571429,191.92857142857144,0.02046892445106066,0.0,0.0,,32.57142857142857,0.7857142857142857,0.024122807017543862,25.07142857142857,1.2142857142857142,0.04843304843304843,27.28571428571429,0.9285714285714285,0.03403141361256544,33.21428571428571,0.5,0.015053763440860218,30.785714285714285,0.2857142857142857,0.009280742459396751,20.785714285714285,0.2857142857142857,0.013745704467353952,14.499999999999998,0.0,0.0,7.642857142857143,0.14285714285714285,0.018691588785046728
07-26,3.928571428571429,191.92857142857144,0.02046892445106066,0.0,0.0,,32.57142857142857,0.7857142857142857,0.024122807017543862,25.07142857142857,1.2142857142857142,0.04843304843304843,27.28571428571429,0.9285714285714285,0.03403141361256544,33.21428571428571,0.5,0.015053763440860218,30.785714285714285,0.2857142857142857,0.009280742459396751,20.785714285714285,0.2857142857142857,0.013745704467353952,14.499999999999998,0.0,0.0,7.642857142857143,0.14285714285714285,0.018691588785046728
07-27,3.142857142857143,137.07142857142856,0.02292860865033872,0.0,0.0,,23.785714285714285,0.5714285714285714,0.024024024024024024,17.5,0.9285714285714286,0.05306122448979592,20.714285714285715,0.7142857142857143,0.034482758620689655,23.142857142857142,0.5,0.021604938271604937,22.42857142857143,0.2857142857142857,0.012738853503184712,14.857142857142858,0.14285714285714285,0.009615384615384614,9.428571428571429,0.0,0.0,5.214285714285714,0.14285714285714285,0.0273972602739726
07-28,3.142857142857143,132.14285714285714,0.023783783783783784,0.0,0.0,,23.0,0.5714285714285714,0.024844720496894408,16.92857142857143,0.9285714285714286,0.05485232067510548,19.785714285714285,0.7142857142857143,0.036101083032490974,22.785714285714285,0.5,0.0219435736677116,21.42857142857143,0.2857142857142857,0.01333333333333333,14.214285714285715,0.14285714285714285,0.010050251256281405,8.928571428571429,0.0,0.0,5.071428571428571,0.14285714285714285,0.028169014084507043
07-29,3.0,119.28571428571428,0.025149700598802397,0.0,0.0,,21.428571428571427,0.5714285714285714,0.02666666666666667,15.285714285714285,0.9285714285714286,0.060747663551401876,18.285714285714285,0.6428571428571428,0.03515625,20.285714285714285,0.5,0.024647887323943664,19.0,0.2857142857142857,0.015037593984962405,12.428571428571427,0.14285714285714285,0.01149425287356322,8.285714285714286,0.0,0.0,4.285714285714286,0.14285714285714285,0.03333333333333333
07-30,4.5,179.21428571428572,0.025109605420486247,0.0,0.0,,31.285714285714285,0.7857142857142857,0.02511415525114155,27.357142857142858,1.4285714285714286,0.05221932114882506,25.92857142857143,0.9285714285714286,0.03581267217630854,29.0,0.8571428571428572,0.02955665024630542,26.285714285714285,0.3571428571428571,0.013586956521739128,19.357142857142854,0.35714285714285715,0.018450184501845022,13.499999999999998,0.0,0.0,6.5,0.07142857142857142,0.010989010989010988
07-31,4.357142857142857,181.64285714285714,0.023987416437278804,0.0,0.0,,31.35714285714286,0.7857142857142857,0.02505694760820045,28.571428571428573,1.4285714285714286,0.049999999999999996,26.5,0.8571428571428572,0.03234501347708895,29.92857142857143,0.8571428571428572,0.028639618138424822,26.35714285714286,0.3571428571428571,0.01355013550135501,19.07142857142857,0.35714285714285715,0.01872659176029963,13.714285714285715,0.0,0.0,6.142857142857143,0.07142857142857142,0.011627906976744184
08-01,4.357142857142857,181.64285714285714,0.023987416437278804,0.0,0.0,,31.35714285714286,0.7857142857142857,0.02505694760820045,28.571428571428573,1.4285714285714286,0.049999999999999996,26.5,0.8571428571428572,0.03234501347708895,29.92857142857143,0.8571428571428572,0.028639618138424822,26.35714285714286,0.3571428571428571,0.01355013550135501,19.07142857142857,0.35714285714285715,0.01872659176029963,13.714285714285715,0.0,0.0,6.142857142857143,0.07142857142857142,0.011627906976744184
08-02,4.357142857142857,181.64285714285714,0.023987416437278804,0.0,0.0,,31.35714285714286,0.7857142857142857,0.02505694760820045,28.571428571428573,1.4285714285714286,0.049999999999999996,26.5,0.8571428571428572,0.03234501347708895,29.92857142857143,0.8571428571428572,0.028639618138424822,26.35714285714286,0.3571428571428571,0.01355013550135501,19.07142857142857,0.35714285714285715,0.01872659176029963,13.714285714285715,0.0,0.0,6.142857142857143,0.07142857142857142,0.011627906976744184
08-03,3.285714285714286,139.07142857142856,0.023626091422701598,0.0,0.0,,24.07142857142857,0.6428571428571428,0.026706231454005934,21.714285714285715,0.7857142857142857,0.036184210526315784,20.142857142857146,0.7857142857142858,0.03900709219858156,23.214285714285715,0.7857142857142858,0.03384615384615385,19.714285714285715,0.21428571428571427,0.010869565217391304,14.642857142857142,0.35714285714285715,0.024390243902439025,11.214285714285715,0.0,0.0,4.357142857142857,0.07142857142857142,0.01639344262295082
08-04,3.285714285714286,139.07142857142856,0.023626091422701598,0.0,0.0,,24.07142857142857,0.6428571428571428,0.026706231454005934,21.714285714285715,0.7857142857142857,0.036184210526315784,20.142857142857146,0.7857142857142858,0.03900709219858156,23.214285714285715,0.7857142857142858,0.03384615384615385,19.714285714285715,0.21428571428571427,0.010869565217391304,14.642857142857142,0.35714285714285715,0.024390243902439025,11.214285714285715,0.0,0.0,4.357142857142857,0.07142857142857142,0.01639344262295082
08-05,2.5714285714285716,118.21428571428572,0.02175226586102719,0.0,0.0,,20.0,0.6428571428571428,0.03214285714285714,19.285714285714285,0.6428571428571429,0.03333333333333334,17.07142857142857,0.5,0.029288702928870296,18.92857142857143,0.6428571428571428,0.03396226415094339,16.5,0.14285714285714285,0.008658008658008658,12.785714285714285,0.2857142857142857,0.0223463687150838,9.642857142857142,0.0,0.0,4.0,0.07142857142857142,0.017857142857142856
08-06,2.5714285714285716,118.21428571428572,0.02175226586102719,0.0,0.0,,20.0,0.6428571428571428,0.03214285714285714,19.285714285714285,0.6428571428571429,0.03333333333333334,17.07142857142857,0.5,0.029288702928870296,18.92857142857143,0.6428571428571428,0.03396226415094339,16.5,0.14285714285714285,0.008658008658008658,12.785714285714285,0.2857142857142857,0.0223463687150838,9.642857142857142,0.0,0.0,4.0,0.07142857142857142,0.017857142857142856
08-07,2.0,88.78571428571428,0.022526146419951733,0.0,0.0,,14.642857142857142,0.21428571428571427,0.014634146341463414,15.928571428571429,0.5714285714285714,0.03587443946188341,12.5,0.2857142857142857,0.022857142857142857,13.714285714285715,0.5,0.03645833333333333,12.285714285714285,0.14285714285714285,0.011627906976744186,9.428571428571429,0.21428571428571427,0.022727272727272724,7.285714285714286,0.0,0.0,3.0,0.07142857142857142,0.023809523809523808
08-08,2.0,88.78571428571428,0.022526146419951733,0.0,0.0,,14.642857142857142,0.21428571428571427,0.014634146341463414,15.928571428571429,0.5714285714285714,0.03587443946188341,12.5,0.2857142857142857,0.022857142857142857,13.714285714285715,0.5,0.03645833333333333,12.285714285714285,0.14285714285714285,0.011627906976744186,9.428571428571429,0.21428571428571427,0.022727272727272724,7.285714285714286,0.0,0.0,3.0,0.07142857142857142,0.023809523809523808
08-09,2.0,88.78571428571428,0.022526146419951733,0.0,0.0,,14.642857142857142,0.21428571428571427,0.014634146341463414,15.928571428571429,0.5714285714285714,0.03587443946188341,12.5,0.2857142857142857,0.022857142857142857,13.714285714285715,0.5,0.03645833333333333,12.285714285714285,0.14285714285714285,0.011627906976744186,9.428571428571429,0.21428571428571427,0.022727272727272724,7.285714285714286,0.0,0.0,3.0,0.07142857142857142,0.023809523809523808
08-10,5.642857142857142,223.42857142857144,0.025255754475703322,0.0,0.0,,40.285714285714285,1.1428571428571428,0.028368794326241134,34.85714285714286,1.2857142857142856,0.03688524590163934,32.42857142857143,0.9285714285714285,0.028634361233480173,39.57142857142857,1.0714285714285714,0.02707581227436823,29.57142857142857,0.5,0.016908212560386476,23.785714285714285,0.42857142857142855,0.018018018018018018,16.857142857142858,0.14285714285714285,0.00847457627118644,6.071428571428571,0.07142857142857142,0.011764705882352941
08-11,5.642857142857143,236.21428571428572,0.02388872089507106,0.0,0.0,,42.285714285714285,1.1428571428571428,0.027027027027027025,36.5,1.2857142857142856,0.03522504892367906,34.642857142857146,0.9285714285714285,0.0268041237113402,42.07142857142857,1.1428571428571428,0.027164685908319185,31.357142857142854,0.5,0.015945330296127564,25.357142857142854,0.3571428571428571,0.014084507042253521,17.42857142857143,0.14285714285714285,0.008196721311475409,6.571428571428571,0.07142857142857142,0.010869565217391304
08-12,5.928571428571429,248.07142857142858,0.023898646703138498,0.0,0.0,,44.64285714285714,1.2142857142857142,0.027200000000000002,38.357142857142854,1.4285714285714286,0.037243947858473,36.214285714285715,0.9285714285714285,0.025641025641025637,43.64285714285714,1.1428571428571428,0.02618657937806874,33.14285714285714,0.5,0.015086206896551727,26.785714285714285,0.42857142857142855,0.016,18.214285714285715,0.14285714285714285,0.00784313725490196,7.071428571428571,0.07142857142857142,0.0101010101010101
08-13,4.071428571428571,189.35714285714286,0.021501320256506976,0.0,0.0,,35.07142857142857,1.0,0.028513238289205704,26.5,1.0,0.03773584905660377,28.57142857142857,0.5714285714285714,0.02,35.57142857142857,0.6428571428571428,0.018072289156626505,25.571428571428573,0.3571428571428571,0.013966480446927372,19.785714285714285,0.21428571428571427,0.010830324909747292,13.642857142857142,0.21428571428571427,0.015706806282722512,4.571428571428571,0.0,0.0
08-14,4.642857142857142,187.35714285714286,0.02478078536027449,0.0,0.0,,35.5,1.1428571428571428,0.03219315895372233,26.571428571428573,1.0714285714285714,0.04032258064516129,27.642857142857146,0.6428571428571428,0.02325581395348837,34.42857142857143,0.7857142857142857,0.022821576763485476,25.28571428571429,0.42857142857142855,0.016949152542372878,19.92857142857143,0.21428571428571427,0.01075268817204301,13.214285714285714,0.2857142857142857,0.021621621621621623,4.714285714285714,0.0,0.0
08-15,4.642857142857142,202.5,0.02292768959435626,0.0,0.0,,38.714285714285715,1.2142857142857142,0.03136531365313653,29.07142857142857,1.0,0.0343980343980344,29.285714285714285,0.6428571428571428,0.02195121951219512,37.214285714285715,0.6428571428571428,0.017274472168905947,27.57142857142857,0.5,0.018134715025906738,21.714285714285715,0.21428571428571427,0.009868421052631578,13.857142857142858,0.3571428571428571,0.025773195876288655,5.0,0.0,0.0
08-16,4.642857142857142,202.5,0.02292768959435626,0.0,0.0,,38.714285714285715,1.2142857142857142,0.03136531365313653,29.07142857142857,1.0,0.0343980343980344,29.285714285714285,0.6428571428571428,0.02195121951219512,37.214285714285715,0.6428571428571428,0.017274472168905947,27.57142857142857,0.5,0.018134715025906738,21.714285714285715,0.21428571428571427,0.009868421052631578,13.857142857142858,0.3571428571428571,0.025773195876288655,5.0,0.0,0.0
08-17,4.785714285714286,222.85714285714283,0.021474358974358978,0.0,0.0,,43.07142857142857,1.3571428571428572,0.03150912106135987,32.35714285714286,1.0,0.03090507726269315,32.214285714285715,0.6428571428571428,0.019955654101995565,40.07142857142857,0.6428571428571428,0.0160427807486631,30.785714285714285,0.5,0.016241299303944315,24.0,0.21428571428571427,0.008928571428571428,15.142857142857142,0.3571428571428571,0.023584905660377357,5.142857142857143,0.0,0.0
08-18,5.357142857142858,234.0,0.022893772893772896,0.0,0.0,,45.42857142857143,1.7142857142857142,0.03773584905660377,34.357142857142854,1.1428571428571428,0.033264033264033266,33.642857142857146,0.6428571428571428,0.019108280254777066,41.357142857142854,0.6428571428571428,0.015544041450777202,32.14285714285714,0.5,0.015555555555555557,25.142857142857142,0.21428571428571427,0.008522727272727272,16.57142857142857,0.3571428571428571,0.021551724137931036,5.285714285714286,0.07142857142857142,0.013513513513513513
08-19,5.357142857142858,246.07142857142858,0.02177068214804064,0.0,0.0,,48.14285714285714,1.7857142857142858,0.0370919881305638,36.5,1.1428571428571428,0.03131115459882583,35.42857142857143,0.6428571428571428,0.01814516129032258,42.92857142857143,0.6428571428571428,0.014975041597337767,33.5,0.5,0.014925373134328358,26.285714285714285,0.21428571428571427,0.008152173913043478,17.428571428571427,0.3571428571428571,0.020491803278688523,5.785714285714286,0.0,0.0
08-20,5.5,259.5,0.02119460500963391,0.0,0.0,,51.285714285714285,1.8571428571428572,0.036211699164345405,39.214285714285715,1.2142857142857142,0.030965391621129323,36.57142857142857,0.6428571428571428,0.017578125,45.5,0.6428571428571428,0.014128728414442699,34.285714285714285,0.5,0.014583333333333334,27.857142857142858,0.21428571428571427,0.007692307692307692,17.928571428571427,0.3571428571428571,0.0199203187250996,6.785714285714285,0.0,0.0
08-21,6.2142857142857135,272.92857142857144,0.022768908662653752,0.0,0.0,,53.642857142857146,2.0,0.03728362183754993,42.07142857142857,1.4285714285714286,0.03395585738539898,38.285714285714285,0.6428571428571428,0.016791044776119403,47.42857142857143,0.7142857142857142,0.01506024096385542,36.285714285714285,0.6428571428571428,0.017716535433070866,29.07142857142857,0.2857142857142857,0.009828009828009828,19.214285714285715,0.42857142857142855,0.022304832713754646,6.857142857142857,0.0,0.0
08-22,6.2142857142857135,272.92857142857144,0.022768908662653752,0.0,0.0,,53.642857142857146,2.0,0.03728362183754993,42.07142857142857,1.4285714285714286,0.03395585738539898,38.285714285714285,0.6428571428571428,0.016791044776119403,47.42857142857143,0.7142857142857142,0.01506024096385542,36.285714285714285,0.6428571428571428,0.017716535433070866,29.07142857142857,0.2857142857142857,0.009828009828009828,19.214285714285715,0.42857142857142855,0.022304832713754646,6.857142857142857,0.0,0.0
08-23,6.857142857142858,296.42857142857144,0.02313253012048193,0.0,0.0,,57.714285714285715,2.357142857142857,0.04084158415841584,45.5,1.5,0.03296703296703297,42.857142857142854,0.857142857142857,0.019999999999999997,50.85714285714286,0.7142857142857142,0.014044943820224715,39.5,0.6428571428571428,0.016274864376130196,30.92857142857143,0.2857142857142857,0.009237875288683601,21.142857142857142,0.42857142857142855,0.020270270270270268,7.857142857142857,0.0,0.0
08-24,3.3571428571428568,171.64285714285714,0.01955888472742405,0.0,0.0,,34.285714285714285,1.5714285714285714,0.04583333333333334,28.071428571428573,0.7857142857142856,0.027989821882951647,24.285714285714285,0.21428571428571427,0.008823529411764706,26.142857142857142,0.14285714285714285,0.00546448087431694,23.714285714285715,0.2857142857142857,0.012048192771084336,17.714285714285715,0.07142857142857142,0.004032258064516129,12.285714285714286,0.2857142857142857,0.02325581395348837,5.071428571428571,0.0,0.0
08-25,3.6428571428571423,168.0,0.02168367346938775,0.0,0.0,,34.142857142857146,1.6428571428571428,0.048117154811715475,27.71428571428571,0.9999999999999999,0.03608247422680412,23.07142857142857,0.21428571428571427,0.009287925696594427,25.0,0.07142857142857142,0.002857142857142857,23.428571428571427,0.2857142857142857,0.012195121951219513,17.0,0.14285714285714285,0.008403361344537815,12.5,0.2857142857142857,0.022857142857142857,5.071428571428571,0.0,0.0
08-26,4.142857142857143,169.71428571428572,0.02441077441077441,0.0,0.0,,35.07142857142857,1.9285714285714286,0.054989816700611004,27.357142857142854,0.8571428571428571,0.03133159268929504,23.57142857142857,0.35714285714285715,0.015151515151515154,25.857142857142858,0.21428571428571427,0.008287292817679558,23.071428571428573,0.4285714285714286,0.018575851393188854,17.0,0.07142857142857142,0.004201680672268907,12.285714285714285,0.2857142857142857,0.023255813953488372,5.42857142857143,0.0,0.0
08-27,4.142857142857142,165.42857142857144,0.02504317789291882,0.0,0.0,,34.92857142857143,2.071428571428571,0.059304703476482604,26.92857142857143,0.7857142857142857,0.029177718832891244,22.42857142857143,0.4285714285714286,0.01910828025477707,24.92857142857143,0.14285714285714285,0.005730659025787965,22.285714285714285,0.4285714285714286,0.019230769230769232,16.642857142857142,0.07142857142857142,0.004291845493562232,11.857142857142858,0.21428571428571427,0.018072289156626505,5.42857142857143,0.0,0.0
08-28,3.642857142857143,164.85714285714283,0.02209705372616985,0.0,0.0,,33.35714285714286,2.0,0.05995717344753747,26.0,0.7142857142857142,0.02747252747252747,22.785714285714285,0.3571428571428571,0.01567398119122257,24.357142857142858,0.0,0.0,21.714285714285715,0.3571428571428571,0.016447368421052627,17.07142857142857,0.07142857142857142,0.004184100418410042,12.928571428571429,0.14285714285714285,0.011049723756906077,6.642857142857143,0.0,0.0
08-29,3.642857142857143,149.71428571428572,0.02433206106870229,0.0,0.0,,30.142857142857142,1.9285714285714288,0.06398104265402844,23.5,0.7857142857142856,0.03343465045592705,21.142857142857142,0.3571428571428571,0.01689189189189189,21.57142857142857,0.14285714285714285,0.006622516556291391,19.42857142857143,0.2857142857142857,0.014705882352941175,15.285714285714285,0.07142857142857142,0.004672897196261682,12.285714285714286,0.07142857142857142,0.005813953488372092,6.357142857142858,0.0,0.0
08-30,4.714285714285714,179.07142857142856,0.026326286398085364,0.0,0.0,,33.214285714285715,2.142857142857143,0.06451612903225806,28.214285714285715,1.0714285714285714,0.03797468354430379,26.071428571428573,0.5,0.01917808219178082,26.5,0.42857142857142855,0.016172506738544472,24.428571428571427,0.2857142857142857,0.011695906432748537,18.57142857142857,0.21428571428571427,0.011538461538461539,15.0,0.07142857142857142,0.0047619047619047615,7.071428571428572,0.0,0.0
08-31,4.785714285714286,170.07142857142858,0.028139437211255773,0.0,0.0,,30.714285714285715,2.0,0.06511627906976744,25.785714285714285,1.0714285714285714,0.04155124653739612,24.857142857142858,0.5,0.020114942528735632,25.785714285714285,0.5,0.019390581717451526,23.571428571428573,0.2857142857142857,0.01212121212121212,17.785714285714285,0.3571428571428571,0.020080321285140562,14.285714285714286,0.07142857142857142,0.004999999999999999,7.285714285714286,0.0,0.0
09-01,4.571428571428571,165.14285714285714,0.02768166089965398,0.0,0.0,,29.214285714285715,1.7142857142857142,0.058679706601466985,24.642857142857142,1.1428571428571428,0.0463768115942029,24.642857142857142,0.5,0.02028985507246377,25.07142857142857,0.5,0.019943019943019946,23.42857142857143,0.3571428571428571,0.015243902439024386,17.357142857142858,0.3571428571428571,0.020576131687242795,13.357142857142858,0.07142857142857142,0.0053475935828877,7.428571428571429,-0.07142857142857142,-0.009615384615384614
09-02,4.857142857142858,166.0,0.02925989672977625,0.0,0.0,,27.571428571428573,1.7142857142857144,0.06217616580310881,25.142857142857142,1.1428571428571428,0.045454545454545456,25.0,0.5,0.02,25.5,0.5,0.0196078431372549,24.214285714285715,0.5714285714285714,0.023598820058997046,17.28571428571429,0.3571428571428571,0.020661157024793382,13.642857142857142,0.07142857142857142,0.005235602094240838,7.642857142857142,0.0,0.0
09-03,5.071428571428571,160.35714285714286,0.03162583518930957,0.0,0.0,,25.285714285714285,1.7142857142857142,0.06779661016949153,23.642857142857146,1.1428571428571428,0.048338368580060416,25.07142857142857,0.5714285714285714,0.022792022792022793,23.714285714285715,0.5,0.02108433734939759,25.285714285714285,0.7142857142857142,0.028248587570621465,16.857142857142858,0.3571428571428571,0.021186440677966097,13.785714285714285,0.07142857142857142,0.0051813471502590676,6.714285714285714,0.0,0.0
09-04,4.571428571428571,180.28571428571428,0.025356576862123614,0.0,0.0,,25.714285714285715,1.6428571428571428,0.06388888888888888,24.928571428571427,0.9285714285714285,0.03724928366762178,28.142857142857142,0.5714285714285714,0.02030456852791878,27.214285714285715,0.42857142857142855,0.015748031496062992,28.857142857142854,0.6428571428571428,0.022277227722772276,21.78571428571429,0.3571428571428571,0.016393442622950817,15.714285714285714,0.0,0.0,7.928571428571429,0.0,0.0
09-05,4.571428571428571,180.28571428571428,0.025356576862123614,0.0,0.0,,25.714285714285715,1.6428571428571428,0.06388888888888888,24.928571428571427,0.9285714285714285,0.03724928366762178,28.142857142857142,0.5714285714285714,0.02030456852791878,27.214285714285715,0.42857142857142855,0.015748031496062992,28.857142857142854,0.6428571428571428,0.022277227722772276,21.78571428571429,0.3571428571428571,0.016393442622950817,15.714285714285714,0.0,0.0,7.928571428571429,0.0,0.0
09-06,4.785714285714286,196.92857142857144,0.024301777294160318,0.0,0.0,,27.85714285714286,1.7857142857142856,0.06410256410256408,27.07142857142857,0.8571428571428571,0.0316622691292876,29.5,0.3571428571428571,0.012106537530266342,30.64285714285714,0.5714285714285714,0.018648018648018648,31.714285714285715,0.7142857142857143,0.02252252252252252,24.785714285714285,0.3571428571428571,0.01440922190201729,16.714285714285715,0.0,0.0,8.642857142857142,0.0,0.0
