date,hospitalized,deathIncrease,totalTestResultsIncrease,positiveIncrease,hospitalized_7day,deathIncrease_7day,totalTestResultsIncrease_7day,positiveIncrease_7day,positivity_7day
2020-01-22,0.0,0.0,0.0,39.0,,,,,
2020-01-23,0.0,0.0,0.0,2.0,,,,,
2020-01-24,0.0,0.0,0.0,0.0,,,,,
2020-01-25,0.0,0.0,0.0,3.0,,,,,
2020-01-26,0.0,0.0,0.0,0.0,,,,,
2020-01-27,0.0,0.0,0.0,1.0,,,,,
2020-01-28,0.0,0.0,0.0,1.0,0.0,0.0,0.0,6.571428571428571,inf
2020-01-29,0.0,0.0,0.0,1.0,0.0,0.0,0.0,1.1428571428571428,inf
2020-01-30,0.0,0.0,0.0,2.0,0.0,0.0,0.0,1.1428571428571428,inf
2020-01-31,0.0,0.0,0.0,4.0,0.0,0.0,0.0,1.7142857142857142,inf
2020-02-01,0.0,0.0,0.0,3.0,0.0,0.0,0.0,1.7142857142857142,inf
2020-02-02,0.0,0.0,0.0,1.0,0.0,0.0,0.0,1.8571428571428572,inf
2020-02-03,0.0,0.0,0.0,2.0,0.0,0.0,0.0,2.0,inf
2020-02-04,0.0,0.0,0.0,8.0,0.0,0.0,0.0,3.0,inf
2020-02-05,0.0,0.0,0.0,5.0,0.0,0.0,0.0,3.5714285714285716,inf
2020-02-06,0.0,0.0,0.0,3.0,0.0,0.0,0.0,3.7142857142857144,inf
2020-02-07,0.0,0.0,0.0,5.0,0.0,0.0,0.0,3.857142857142857,inf
2020-02-08,0.0,1.0,0.0,9.0,0.0,0.14285714285714285,0.0,4.714285714285714,inf
2020-02-09,0.0,0.0,0.0,35.0,0.0,0.14285714285714285,0.0,9.571428571428571,inf
2020-02-10,0.0,0.0,0.0,10.0,0.0,0.14285714285714285,0.0,10.714285714285714,inf
2020-02-11,0.0,0.0,0.0,14.0,0.0,0.14285714285714285,0.0,11.571428571428571,inf
2020-02-12,0.0,0.0,0.0,10.0,0.0,0.14285714285714285,0.0,12.285714285714286,inf
2020-02-13,0.0,0.0,0.0,7.0,0.0,0.14285714285714285,0.0,12.857142857142858,inf
2020-02-14,0.0,0.0,0.0,11.0,0.0,0.14285714285714285,0.0,13.714285714285714,inf
2020-02-15,0.0,0.0,0.0,6.0,0.0,0.0,0.0,13.285714285714286,inf
2020-02-16,0.0,0.0,0.0,16.0,0.0,0.0,0.0,10.571428571428571,inf
2020-02-17,0.0,0.0,0.0,18.0,0.0,0.0,0.0,11.714285714285714,inf
2020-02-18,0.0,0.0,0.0,7.0,0.0,0.0,0.0,10.714285714285714,inf
2020-02-19,0.0,1.0,0.0,18.0,0.0,0.14285714285714285,0.0,11.857142857142858,inf
2020-02-20,0.0,0.0,0.0,16.0,0.0,0.14285714285714285,0.0,13.142857142857142,inf
2020-02-21,0.0,0.0,0.0,20.0,0.0,0.14285714285714285,0.0,14.428571428571429,inf
2020-02-22,0.0,0.0,0.0,26.0,0.0,0.14285714285714285,0.0,17.285714285714285,inf
2020-02-23,0.0,0.0,0.0,27.0,0.0,0.14285714285714285,0.0,18.857142857142858,inf
2020-02-24,0.0,0.0,0.0,19.0,0.0,0.14285714285714285,0.0,19.0,inf
2020-02-25,0.0,0.0,0.0,24.0,0.0,0.14285714285714285,0.0,21.428571428571427,inf
2020-02-26,0.0,0.0,0.0,45.0,0.0,0.0,0.0,25.285714285714285,inf
2020-02-27,0.0,1.0,0.0,39.0,0.0,0.14285714285714285,0.0,28.571428571428573,inf
2020-02-28,0.0,0.0,0.0,52.0,0.0,0.14285714285714285,0.0,33.142857142857146,inf
2020-02-29,0.0,1.0,0.0,37.0,0.0,0.2857142857142857,0.0,34.714285714285715,inf
2020-03-01,0.0,0.0,55.0,89.0,0.0,0.2857142857142857,7.857142857142857,43.57142857142857,554.5454545454545
2020-03-02,0.0,6.0,127.0,75.0,0.0,1.1428571428571428,26.0,51.57142857142857,198.35164835164835
2020-03-03,0.0,3.0,102.0,168.0,0.0,1.5714285714285714,40.57142857142857,72.14285714285714,177.8169014084507
2020-03-04,0.0,2.0,214.0,145.0,0.0,1.8571428571428572,71.14285714285714,86.42857142857143,121.48594377510041
2020-03-05,0.0,3.0,181.0,165.0,0.0,2.142857142857143,97.0,104.42857142857143,107.65832106038292
2020-03-06,0.0,4.0,835.0,205.0,0.0,2.7142857142857144,216.28571428571428,126.28571428571429,58.3883751651255
2020-03-07,0.0,5.0,1055.0,251.0,0.0,3.2857142857142856,367.0,156.85714285714286,42.74036590112885
2020-03-08,0.0,5.0,1131.0,316.0,0.0,4.0,520.7142857142857,189.28571428571428,36.351165980795614
2020-03-09,0.0,4.0,1550.0,570.0,0.0,3.7142857142857144,724.0,260.0,35.91160220994475
2020-03-10,0.0,6.0,2319.0,568.0,0.0,4.142857142857143,1040.7142857142858,317.14285714285717,30.473575840768703
2020-03-11,0.0,14.0,3373.0,794.0,0.0,5.857142857142857,1492.0,409.85714285714283,27.47031788586748
2020-03-12,0.0,7.0,6525.0,1058.0,0.0,6.428571428571429,2398.285714285714,537.4285714285714,22.408863473909935
2020-03-13,0.0,11.0,9421.0,1328.0,0.0,7.428571428571429,3624.8571428571427,697.8571428571429,19.251990226215813
2020-03-14,0.0,14.0,11332.0,1804.0,0.0,8.714285714285714,5093.0,919.7142857142857,18.058399483885445
2020-03-15,0.0,20.0,12820.0,2313.0,0.0,10.857142857142858,6762.857142857143,1205.0,17.817912970004222
2020-03-16,0.0,21.0,24579.0,2599.0,0.0,13.285714285714286,10052.714285714286,1494.857142857143,14.87018431411559
2020-03-17,0.0,32.0,36643.0,3591.0,0.0,17.0,14956.142857142857,1926.7142857142858,12.882427669471694
2020-03-18,0.0,71.0,46417.0,5450.0,0.0,25.142857142857142,21105.285714285714,2591.8571428571427,12.280606753893743
2020-03-19,0.0,65.0,55863.0,6081.0,0.0,33.42857142857143,28153.571428571428,3309.4285714285716,11.754915641253332
2020-03-20,0.0,102.0,71796.0,7376.0,0.0,46.42857142857143,37064.28571428572,4173.428571428572,11.259973019849681
2020-03-21,0.0,115.0,71061.0,8483.0,0.0,60.857142857142854,45597.0,5127.571428571428,11.245414015333088
2020-03-22,0.0,135.0,68210.0,9318.0,0.0,77.28571428571429,53509.857142857145,6128.285714285715,11.452629555569201
2020-03-23,0.0,171.0,75378.0,9160.0,0.0,98.71428571428571,60766.857142857145,7065.571428571428,11.627343852852118
2020-03-24,0.0,234.0,100074.0,9553.0,0.0,127.57142857142857,69828.42857142857,7917.285714285715,11.338198318736334
2020-03-25,0.0,312.0,107390.0,10990.0,0.0,162.0,78538.85714285714,8708.714285714286,11.088414833785643
2020-03-26,0.0,353.0,126850.0,13431.0,0.0,203.14285714285714,88679.85714285714,9758.714285714286,11.004431671550474
2020-03-27,0.0,504.0,133631.0,15317.0,0.0,260.57142857142856,97513.42857142857,10893.142857142857,11.170915654107713
2020-03-28,0.0,544.0,119558.0,14386.0,0.0,321.85714285714283,104441.57142857143,11736.42857142857,11.237315190585027
2020-03-29,0.0,581.0,108432.0,14556.0,0.0,385.57142857142856,110187.57142857143,12484.714285714286,11.330419686949396
2020-03-30,0.0,785.0,122024.0,14009.0,0.0,473.2857142857143,116851.28571428571,13177.42857142857,11.277093350644714
2020-03-31,0.0,1010.0,140309.0,15442.0,0.0,584.1428571428571,122599.14285714286,14018.714285714286,11.4345940428388
2020-04-01,0.0,1140.0,152176.0,19026.0,0.0,702.4285714285714,128997.14285714286,15166.714285714286,11.757403264745621
2020-04-02,0.0,1348.0,160879.0,19105.0,0.0,844.5714285714286,133858.42857142858,15977.285714285714,11.935957925697618
2020-04-03,0.0,1394.0,168258.0,20197.0,0.0,971.7142857142857,138805.14285714287,16674.428571428572,12.012831965880226
2020-04-04,0.0,1587.0,146726.0,19945.0,0.0,1120.7142857142858,142686.2857142857,17468.571428571428,12.242642200071284
2020-04-05,0.0,1920.0,136895.0,18016.0,0.0,1312.0,146752.42857142858,17962.85714285714,12.240245233225634
2020-04-06,0.0,1741.0,142171.0,17159.0,0.0,1448.5714285714287,149630.57142857142,18412.85714285714,12.305544894377963
2020-04-07,0.0,2131.0,178843.0,18846.0,0.0,1608.7142857142858,155135.42857142858,18899.14285714286,12.18235127280496
2020-04-08,0.0,2223.0,167193.0,23000.0,0.0,1763.4285714285713,157280.7142857143,19466.85714285714,12.37714187099499
2020-04-09,0.0,2242.0,173838.0,21888.0,0.0,1891.142857142857,159132.0,19864.428571428572,12.482988067408549
2020-04-10,0.0,2221.0,171781.0,22247.0,0.0,2009.2857142857142,159635.2857142857,20157.285714285714,12.62708656428448
2020-04-11,0.0,2243.0,210282.0,19087.0,0.0,2103.0,168714.7142857143,20034.714285714286,11.874906329619824
2020-04-12,0.0,1904.0,111467.0,15802.0,0.0,2100.714285714286,165082.14285714287,19718.428571428572,11.944616316552366
2020-04-13,0.0,1966.0,113952.0,16033.0,0.0,2132.8571428571427,161050.85714285713,19557.571428571428,12.143723899105519
2020-04-14,0.0,2521.0,162318.0,15224.0,0.0,2188.5714285714284,158690.14285714287,19040.14285714286,11.998314775154817
2020-04-15,0.0,2692.0,172125.0,17743.0,0.0,2255.5714285714284,159394.7142857143,18289.14285714286,11.474121296368494
2020-04-16,0.0,2435.0,183850.0,22685.0,0.0,2283.1428571428573,160825.0,18403.0,11.442872687704027
2020-04-17,0.0,2318.0,198255.0,19230.0,0.0,2297.0,164607.0,17972.0,10.91812620362439
2020-04-18,0.0,1915.0,166995.0,18399.0,0.0,2250.1428571428573,158423.14285714287,17873.714285714286,11.28226215145334
2020-04-19,0.0,2028.0,134240.0,28891.0,0.0,2267.8571428571427,161676.42857142858,19743.571428571428,12.211781026477045
2020-04-20,0.0,2158.0,160217.0,27672.0,0.0,2295.285714285714,168285.7142857143,21406.285714285714,12.720203735144311
2020-04-21,0.0,2615.0,220619.0,25506.0,0.0,2308.714285714286,176614.42857142858,22875.14285714286,12.95202381944203
2020-04-22,0.0,2249.0,235265.0,31759.0,0.0,2245.4285714285716,185634.42857142858,24877.428571428572,13.401301020977481
2020-04-23,0.0,1961.0,232948.0,31821.0,0.0,2177.714285714286,192648.42857142858,26182.571428571428,13.590856475044474
2020-04-24,0.0,2103.0,259232.0,34516.0,0.0,2147.0,201359.42857142858,28366.285714285714,14.087388862559914
2020-04-25,0.0,1852.0,219287.0,33841.0,0.0,2138.0,208829.7142857143,30572.285714285714,14.639815899215218
2020-04-26,0.0,1573.0,171441.0,29692.0,0.0,2073.0,214144.14285714287,30686.714285714286,14.329933976380396
2020-04-27,0.0,1578.0,225470.0,23174.0,0.0,1990.142857142857,223466.0,30044.14285714286,13.44461477680849
2020-04-28,0.0,2138.0,269358.0,25462.0,0.0,1922.0,230428.7142857143,30037.85714285714,13.035639779516565
2020-04-29,0.0,2389.0,294473.0,29271.0,0.0,1942.0,238887.0,29682.428571428572,12.4253009043726
2020-04-30,0.0,2232.0,322111.0,32671.0,0.0,1980.7142857142858,251624.57142857142,29803.85714285714,11.84457343479969
2020-05-01,0.0,1888.0,335986.0,28871.0,0.0,1950.0,262589.4285714286,28997.428571428572,11.042877365316633
2020-05-02,0.0,1555.0,267830.0,28067.0,0.0,1907.5714285714287,269524.14285714284,28172.571428571428,10.45270792067925
2020-05-03,0.0,1467.0,215140.0,30433.0,0.0,1892.4285714285713,275766.85714285716,28278.428571428572,10.254469614083947
2020-05-04,0.0,1341.0,250454.0,21650.0,0.0,1858.5714285714287,279336.0,28060.714285714286,10.045505873111338
2020-05-05,0.0,2443.0,318873.0,23995.0,0.0,1902.142857142857,286409.5714285714,27851.14285714286,9.724236071519957
2020-05-06,0.0,2294.0,359273.0,23070.0,0.0,1888.5714285714287,295666.71428571426,26965.285714285714,9.120162808799677
2020-05-07,0.0,2101.0,362387.0,34587.0,0.0,1869.857142857143,301420.4285714286,27239.0,9.036879195314755
2020-05-08,0.0,1639.0,403398.0,27395.0,0.0,1834.2857142857142,311050.71428571426,27028.14285714286,8.689304224621159
2020-05-09,0.0,1476.0,334989.0,28359.0,0.0,1823.0,320644.85714285716,27069.85714285714,8.442317579663124
2020-05-10,0.0,1117.0,248519.0,21719.0,0.0,1773.0,325413.28571428574,25825.0,7.936061966036156
2020-05-11,0.0,1154.0,319469.0,19927.0,0.0,1746.2857142857142,335272.5714285714,25578.85714285714,7.629272216891331
2020-05-12,0.0,1542.0,421470.0,25311.0,0.0,1617.5714285714287,349929.28571428574,25766.85714285714,7.363446900496221
2020-05-13,0.0,1648.0,449792.0,24085.0,0.0,1525.2857142857142,362860.5714285714,25911.85714285714,7.140995518152584
2020-05-14,0.0,1779.0,449585.0,30512.0,0.0,1479.2857142857142,375317.4285714286,25329.714285714286,6.748877711894922
2020-05-15,0.0,1511.0,444861.0,28630.0,0.0,1461.0,381240.71428571426,25506.14285714286,6.690298780110805
2020-05-16,0.0,1191.0,365631.0,26194.0,0.0,1420.2857142857142,385618.14285714284,25196.85714285714,6.534147215213273
2020-05-17,0.0,967.0,304257.0,19651.0,0.0,1398.857142857143,393580.71428571426,24901.428571428572,6.326892468961713
2020-05-18,0.0,1041.0,352630.0,25127.0,0.0,1382.7142857142858,398318.0,25644.285714285714,6.438143823348609
2020-05-19,0.0,1208.0,433182.0,22194.0,0.0,1335.0,399991.14285714284,25199.0,6.299889497553161
2020-05-20,0.0,1306.0,462401.0,26358.0,0.0,1286.142857142857,401792.4285714286,25523.714285714286,6.352462732178342
2020-05-21,0.0,1078.0,459082.0,26789.0,0.0,1186.0,403149.14285714284,24991.85714285714,6.19915919099773
2020-05-22,0.0,1804.0,491273.0,27243.0,0.0,1227.857142857143,409779.4285714286,24793.714285714286,6.050502430575892
2020-05-23,0.0,913.0,389597.0,21318.0,0.0,1188.142857142857,413203.14285714284,24097.14285714286,5.831790796778617
2020-05-24,0.0,829.0,346120.0,21806.0,0.0,1168.4285714285713,419183.5714285714,24405.0,5.822031602247225
2020-05-25,0.0,753.0,328952.0,18391.0,0.0,1127.2857142857142,415801.0,23442.714285714286,5.637964864373651
2020-05-26,0.0,903.0,460624.0,16181.0,0.0,1083.7142857142858,419721.28571428574,22583.714285714286,5.3806454555386924
2020-05-27,0.0,1315.0,552569.0,22300.0,0.0,1085.0,432602.4285714286,22004.0,5.086425444411678
2020-05-28,0.0,1161.0,534816.0,24279.0,0.0,1096.857142857143,443421.5714285714,21645.428571428572,4.881455925045209
2020-05-29,0.0,1005.0,545689.0,27397.0,0.0,982.7142857142857,451195.28571428574,21667.428571428572,4.8022284933954795
2020-05-30,0.0,875.0,453063.0,24475.0,0.0,977.2857142857143,460261.85714285716,22118.428571428572,4.805618416597012
2020-05-31,0.0,716.0,372913.0,20607.0,0.0,961.1428571428571,464089.4285714286,21947.14285714286,4.729076230997351
2020-06-01,0.0,730.0,438430.0,16970.0,0.0,957.8571428571429,479729.14285714284,21744.14285714286,4.5325874362437855
2020-06-02,0.0,927.0,520943.0,21774.0,0.0,961.2857142857143,488346.14285714284,22543.14285714286,4.6162221585801415
2020-06-03,0.0,1024.0,581373.0,22644.0,0.0,919.7142857142857,492461.0,22592.285714285714,4.58762941924045
2020-06-04,0.0,858.0,617743.0,23249.0,0.0,876.4285714285714,504307.71428571426,22445.14285714286,4.450684021150352
2020-06-05,0.0,856.0,572336.0,25416.0,0.0,855.1428571428571,508114.4285714286,22162.14285714286,4.361644072862103
2020-06-06,0.0,662.0,463892.0,23260.0,0.0,824.7142857142857,509661.4285714286,21988.571428571428,4.314348741321269
2020-06-07,0.0,588.0,405155.0,18323.0,0.0,806.4285714285714,514267.4285714286,21662.285714285714,4.212260880386858
2020-06-08,0.0,842.0,448527.0,18291.0,0.0,822.4285714285714,515709.85714285716,21851.0,4.237072395912541
2020-06-09,0.0,868.0,559689.0,20194.0,0.0,814.0,521245.0,21625.285714285714,4.148775664857354
2020-06-10,0.0,834.0,628376.0,24750.0,0.0,786.8571428571429,527959.7142857143,21926.14285714286,4.152995439587111
2020-06-11,0.0,830.0,614319.0,24456.0,0.0,782.8571428571429,527470.5714285715,22098.571428571428,4.189536369530703
2020-06-12,0.0,729.0,616214.0,32440.0,0.0,764.7142857142857,533738.8571428572,23102.0,4.328333920386963
2020-06-13,0.0,650.0,531241.0,25846.0,0.0,763.0,543360.1428571428,23471.428571428572,4.319681684418201
2020-06-14,0.0,491.0,412990.0,20731.0,0.0,749.1428571428571,544479.4285714285,23815.428571428572,4.373981333677569
2020-06-15,0.0,601.0,506032.0,21917.0,0.0,714.7142857142857,552694.4285714285,24333.428571428572,4.402691127957299
2020-06-16,0.0,716.0,672366.0,27307.0,0.0,693.0,568791.1428571428,25349.571428571428,4.4567451070415505
2020-06-17,0.0,678.0,705504.0,30057.0,0.0,670.7142857142857,579809.4285714285,26107.714285714286,4.502809543825484
2020-06-18,0.0,636.0,701244.0,32205.0,0.0,643.0,592227.2857142857,27214.714285714286,4.595315842783333
2020-06-19,0.0,694.0,703712.0,36504.0,0.0,638.0,604727.0,27795.285714285714,4.596336150740039
2020-06-20,0.0,569.0,583883.0,37040.0,0.0,626.4285714285714,612247.2857142857,29394.428571428572,4.801071275822025
2020-06-21,0.0,406.0,421245.0,29803.0,0.0,614.2857142857143,613426.5714285715,30690.428571428572,5.003113657100885
2020-06-22,0.0,583.0,547630.0,30354.0,0.0,611.7142857142857,619369.1428571428,31895.714285714286,5.149709935270542
2020-06-23,0.0,778.0,699986.0,39643.0,0.0,620.5714285714286,623314.8571428572,33658.0,5.39983920073414
2020-06-24,0.0,702.0,766378.0,41823.0,0.0,624.0,632011.1428571428,35338.857142857145,5.591492735887568
2020-06-25,0.0,673.0,770867.0,53181.0,0.0,629.2857142857143,641957.2857142857,38335.42857142857,5.971647868872451
2020-06-26,0.0,687.0,809118.0,53221.0,0.0,628.2857142857143,657015.2857142857,40723.57142857143,6.198268489948157
2020-06-27,0.0,585.0,693008.0,48269.0,0.0,630.5714285714286,672604.5714285715,42327.71428571428,6.293105352497497
2020-06-28,0.0,484.0,565917.0,42793.0,0.0,641.7142857142857,693272.0,44183.42857142857,6.373173670857697
2020-06-29,0.0,537.0,664575.0,40092.0,0.0,635.1428571428571,709978.4285714285,45574.57142857143,6.419148750797056
2020-06-30,0.0,704.0,855537.0,48559.0,0.0,624.5714285714286,732200.0,46848.28571428572,6.398290865103212
2020-07-01,0.0,788.0,883763.0,62654.0,0.0,636.8571428571429,748969.2857142857,49824.142857142855,6.652361292709886
2020-07-02,0.0,712.0,857909.0,59979.0,0.0,642.4285714285714,761403.8571428572,50795.28571428572,6.671267191224031
2020-07-03,0.0,784.0,800498.0,64642.0,0.0,656.2857142857143,760172.4285714285,52426.857142857145,6.8967059541190565
2020-07-04,0.0,572.0,620197.0,53449.0,0.0,654.4285714285714,749770.8571428572,53166.857142857145,7.09108077972775
2020-07-05,0.0,571.0,526695.0,41241.0,0.0,666.8571428571429,744167.7142857143,52945.142857142855,7.1146788339187745
2020-07-06,0.0,716.0,724970.0,47214.0,0.0,692.4285714285714,752795.5714285715,53962.57142857143,7.1682902339830825
2020-07-07,0.0,971.0,902852.0,61545.0,0.0,730.5714285714286,759554.8571428572,55817.71428571428,7.348740352431988
2020-07-08,0.0,1092.0,979983.0,69812.0,0.0,774.0,773300.5714285715,56840.28571428572,7.350348339880409
2020-07-09,0.0,883.0,1011168.0,71134.0,0.0,798.4285714285714,795194.7142857143,58433.857142857145,7.348370920114265
2020-07-10,0.0,877.0,1015566.0,76305.0,0.0,811.7142857142857,825918.7142857143,60100.0,7.2767451518490835
2020-07-11,0.0,881.0,839907.0,70810.0,0.0,855.8571428571429,857305.8571428572,62580.142857142855,7.29962852064299
2020-07-12,0.0,865.0,697715.0,60432.0,0.0,897.8571428571429,881737.2857142857,65321.71428571428,7.4082967051572375
2020-07-13,0.0,867.0,867558.0,56738.0,0.0,919.4285714285714,902107.0,66682.28571428571,7.391837743669621
2020-07-14,0.0,1024.0,1003479.0,66194.0,0.0,927.0,916482.2857142857,67346.42857142857,7.348361187247637
2020-07-15,73902.0,1171.0,1034652.0,76051.0,10557.42857142857,938.2857142857143,924292.1428571428,68237.71428571429,7.382699811206878
2020-07-16,74251.0,1093.0,1028620.0,75761.0,21164.714285714286,968.2857142857143,926785.2857142857,68898.71428571429,7.434161433908949
2020-07-17,74190.0,1095.0,1046660.0,79587.0,31763.285714285714,999.4285714285714,931227.2857142857,69367.57142857143,7.449048421660449
2020-07-18,72254.0,1001.0,912079.0,68872.0,42085.28571428572,1016.5714285714286,941537.5714285715,69090.71428571429,7.33807299701112
2020-07-19,71773.0,983.0,718075.0,58567.0,52338.57142857143,1033.4285714285713,944446.1428571428,68824.28571428571,7.287264206096301
2020-07-20,71364.0,1028.0,906787.0,60824.0,62533.42857142857,1056.4285714285713,950050.2857142857,69408.0,7.305718554446441
2020-07-21,74385.0,1335.0,1035860.0,64879.0,73159.85714285714,1100.857142857143,954676.1428571428,69220.14285714286,7.2506413169581965
2020-07-22,73243.0,1203.0,1108944.0,72231.0,73065.71428571429,1105.4285714285713,965289.2857142857,68674.42857142857,7.114388358782156
2020-07-23,69735.0,1256.0,1083126.0,73292.0,72420.57142857143,1128.7142857142858,973075.8571428572,68321.71428571429,7.021211530858482
2020-07-24,67935.0,1337.0,1073829.0,73709.0,71527.0,1163.2857142857142,976957.1428571428,67482.0,6.907365434951087
2020-07-25,72279.0,1153.0,881319.0,58187.0,71530.57142857143,1185.0,972562.8571428572,65955.57142857143,6.7816255724932955
2020-07-26,62422.0,937.0,677149.0,54626.0,70194.71428571429,1178.4285714285713,966716.2857142857,65392.57142857143,6.764401551408051
2020-07-27,67383.0,1114.0,797120.0,52654.0,69626.0,1190.7142857142858,951049.5714285715,64225.42857142857,6.753110510838627
2020-07-28,69863.0,1343.0,967504.0,60096.0,68980.0,1191.857142857143,941284.4285714285,63542.142857142855,6.750578351070748
2020-07-29,66633.0,1236.0,1039934.0,68331.0,68035.71428571429,1196.5714285714287,931425.8571428572,62985.0,6.762212957369047
2020-07-30,67062.0,1359.0,1037608.0,66557.0,67653.85714285714,1211.2857142857142,924923.2857142857,62022.857142857145,6.705729880609404
2020-07-31,65984.0,1338.0,989513.0,68032.0,67375.14285714286,1211.4285714285713,912878.1428571428,61211.857142857145,6.705370001660369
2020-08-01,69346.0,1144.0,792002.0,55844.0,66956.14285714286,1210.142857142857,900118.5714285715,60877.142857142855,6.7632359546281995
2020-08-02,68690.0,920.0,624070.0,47732.0,67851.57142857143,1207.7142857142858,892535.8571428572,59892.28571428572,6.710350652578824
2020-08-03,63862.0,1020.0,775961.0,46457.0,67348.57142857143,1194.2857142857142,889513.1428571428,59007.0,6.633628797261808
2020-08-04,63928.0,1217.0,883156.0,54342.0,66500.71428571429,1176.2857142857142,877463.4285714285,58185.0,6.6310455918065125
2020-08-05,63101.0,1246.0,964926.0,61478.0,65996.14285714286,1177.7142857142858,866748.0,57206.0,6.600072916234015
2020-08-06,61561.0,1235.0,989627.0,60363.0,65210.28571428572,1160.0,859893.5714285715,56321.142857142855,6.549780662224809
2020-08-07,61233.0,1298.0,1014612.0,59162.0,64531.57142857143,1154.2857142857142,863479.1428571428,55054.0,6.375834373698165
2020-08-08,58737.0,997.0,814894.0,50756.0,63016.0,1133.2857142857142,866749.4285714285,54327.142857142855,6.267917931793106
2020-08-09,57985.0,856.0,626295.0,41844.0,61486.71428571428,1124.142857142857,867067.2857142857,53486.0,6.1686100815046325
2020-08-10,58893.0,924.0,783941.0,42068.0,60776.857142857145,1110.4285714285713,868207.2857142857,52859.0,6.088292608200379
2020-08-11,59478.0,1234.0,908020.0,54989.0,60141.142857142855,1112.857142857143,871759.2857142857,52951.42857142857,6.074088276334473
2020-08-12,59025.0,1255.0,1027420.0,53373.0,59558.857142857145,1114.142857142857,880687.0,51793.57142857143,5.88104189440419
2020-08-13,58324.0,1183.0,979436.0,53189.0,59096.42857142857,1106.7142857142858,879231.1428571428,50768.71428571428,5.774217018830413
2020-08-14,55247.0,1011.0,960484.0,52458.0,58241.28571428572,1065.7142857142858,871498.5714285715,49811.0,5.715557274907425
2020-08-15,53668.0,938.0,767090.0,46756.0,57517.142857142855,1057.2857142857142,864669.4285714285,49239.57142857143,5.694612276268751
2020-08-16,53455.0,899.0,572229.0,37662.0,56870.0,1063.4285714285713,856945.7142857143,48642.142857142855,5.676222197772153
2020-08-17,53473.0,834.0,676167.0,39268.0,56095.71428571428,1050.5714285714287,841549.4285714285,48242.142857142855,5.732538246628753
2020-08-18,52960.0,1033.0,893913.0,43506.0,55164.57142857143,1021.8571428571429,839534.1428571428,46601.71428571428,5.550901613973327
2020-08-19,51965.0,1187.0,1003929.0,49301.0,54156.0,1012.1428571428571,836178.2857142857,46020.0,5.503610986583859
2020-08-20,50808.0,975.0,995356.0,48132.0,53082.28571428572,982.4285714285714,838452.5714285715,45297.57142857143,5.402520425382268
2020-08-21,48585.0,989.0,964207.0,46497.0,52130.57142857143,979.2857142857143,838984.4285714285,44446.0,5.297595341033913
2020-08-22,48340.0,898.0,793486.0,41964.0,51369.42857142857,973.5714285714286,842755.2857142857,43761.42857142857,5.192661418235797
2020-08-23,47921.0,756.0,561153.0,33769.0,50578.857142857145,953.1428571428571,841173.0,43205.28571428572,5.136313899077327
2020-08-24,48229.0,779.0,665878.0,36666.0,49829.71428571428,945.2857142857143,839703.1428571428,42833.57142857143,5.101037407437526
2020-08-25,48524.0,975.0,904517.0,42820.0,49196.0,937.0,841218.0,42735.57142857143,5.080201734695575
2020-08-26,47503.0,987.0,1016364.0,51802.0,48558.57142857143,908.4285714285714,842994.4285714285,43092.857142857145,5.11187923458569
2020-08-27,46302.0,932.0,1019816.0,49841.0,47914.857142857145,902.2857142857143,846488.7142857143,43337.0,5.119619348566118
2020-08-28,44442.0,954.0,986527.0,48323.0,47323.0,897.2857142857143,849677.2857142857,43597.857142857145,5.13110776007227
2020-08-29,43260.0,818.0,797908.0,41205.0,46597.28571428572,885.8571428571429,850309.0,43489.42857142857,5.114544074145819
2020-08-30,42842.0,638.0,614549.0,33540.0,45871.71428571428,869.0,857937.0,43456.71428571428,5.065257039353039
2020-08-31,43124.0,688.0,660910.0,38733.0,45142.42857142857,856.0,857227.2857142857,43752.0,5.103897266119287
2020-09-01,43740.0,960.0,907079.0,41604.0,44459.0,853.8571428571429,857593.2857142857,43578.28571428572,5.081463024513952
2020-09-02,43317.0,790.0,1025996.0,47091.0,43861.0,825.7142857142857,858969.2857142857,42905.28571428572,4.994973211249031
2020-09-03,42302.0,877.0,1031584.0,48113.0,43289.57142857143,817.8571428571429,860650.4285714285,42658.42857142857,4.956533704658255
2020-09-04,41524.0,844.0,998287.0,52403.0,42872.71428571428,802.1428571428571,862330.4285714285,43241.28571428572,5.014468268958221
2020-09-05,40240.0,671.0,815466.0,42096.0,42441.28571428572,781.1428571428571,864838.7142857143,43368.57142857143,5.014642697209768
2020-09-06,39221.0,661.0,564992.0,30985.0,41924.0,784.4285714285714,857759.1428571428,43003.57142857143,5.013478642189599
2020-09-07,39521.0,557.0,414060.0,25039.0,41409.28571428572,765.7142857142857,822494.8571428572,41047.28571428572,4.990582659309724
2020-09-08,40319.0,619.0,663056.0,30781.0,40920.57142857143,717.0,787634.4285714285,39501.142857142855,5.015162037645819
2020-09-09,41090.0,841.0,958393.0,41972.0,40602.42857142857,724.2857142857143,777976.8571428572,38769.857142857145,4.983420366158524
2020-09-10,40089.0,789.0,1086945.0,43793.0,40286.28571428572,711.7142857142857,785885.5714285715,38152.71428571428,4.854741666316742
2020-09-11,39199.0,797.0,1099544.0,47709.0,39954.142857142855,705.0,800350.8571428572,37482.142857142855,4.683213933317816
2020-09-12,38280.0,599.0,865008.0,41390.0,39674.142857142855,694.7142857142857,807428.2857142857,37381.28571428572,4.629672551193401
2020-09-13,37677.0,713.0,627109.0,31495.0,39453.57142857143,702.1428571428571,816302.1428571428,37454.142857142855,4.588269574553539
2020-09-14,38197.0,538.0,707990.0,36137.0,39264.42857142857,699.4285714285714,858292.1428571428,39039.57142857143,4.548517862299633
2020-09-15,38746.0,793.0,966720.0,41408.0,39039.71428571428,724.2857142857143,901672.7142857143,40557.71428571428,4.498052746094599
2020-09-16,38153.0,985.0,1138860.0,49998.0,38620.142857142855,744.8571428571429,927453.7142857143,41704.28571428572,4.496643344234661
2020-09-17,36679.0,698.0,1157329.0,49409.0,38133.0,731.8571428571429,937508.5714285715,42506.57142857143,4.533992832065535
2020-09-18,36351.0,773.0,1228855.0,51572.0,37726.142857142855,728.4285714285714,955981.5714285715,43058.42857142857,4.504106549573355
2020-09-19,35798.0,594.0,937788.0,43017.0,37371.57142857143,727.7142857142857,966378.7142857143,43290.857142857145,4.479698952688025
2020-09-20,35242.0,473.0,623787.0,32898.0,37023.71428571428,693.4285714285714,965904.1428571428,43491.28571428572,4.502650292568222
2020-09-21,36086.0,657.0,749459.0,43254.0,36722.142857142855,710.4285714285714,971828.2857142857,44508.0,4.5798214205390195
2020-09-22,37387.0,714.0,1028847.0,54618.0,36528.0,699.1428571428571,980703.5714285715,46395.142857142855,4.730801866007275
2020-09-23,36994.0,812.0,1204451.0,46922.0,36362.42857142857,674.4285714285714,990073.7142857143,45955.71428571428,4.641645730274628
2020-09-24,36998.0,694.0,1201722.0,49126.0,36408.0,673.8571428571429,996415.5714285715,45915.28571428572,4.608045782389419
2020-09-25,36464.0,705.0,1129305.0,53949.0,36424.142857142855,664.1428571428571,982194.1428571428,46254.857142857145,4.709339541397038
2020-09-26,35943.0,638.0,938466.0,42720.0,36444.857142857145,670.4285714285714,982291.0,46212.42857142857,4.70455583645056
2020-09-27,35445.0,489.0,597154.0,34426.0,36473.857142857145,672.7142857142857,978486.2857142857,46430.71428571428,4.745157388876462
2020-09-28,36949.0,518.0,667264.0,41835.0,36597.142857142855,652.8571428571429,966744.1428571428,46228.0,4.78182364398676
2020-09-29,38137.0,862.0,983747.0,44865.0,36704.28571428572,674.0,960301.2857142857,44834.71428571428,4.668817479752262
2020-09-30,37958.0,537.0,1200346.0,52160.0,36842.0,634.7142857142857,959714.8571428572,45583.0,4.749639922810406
2020-10-01,37577.0,704.0,1223867.0,51865.0,36924.71428571428,636.1428571428571,962878.4285714285,45974.28571428572,4.774671895235551
2020-10-02,37521.0,772.0,1191450.0,55285.0,37075.71428571428,645.7142857142857,971756.2857142857,46165.142857142855,4.750691457911111
2020-10-03,37272.0,603.0,975858.0,51644.0,37265.57142857143,640.7142857142857,977098.0,47440.0,4.855193644854457
2020-10-04,37778.0,558.0,640684.0,36360.0,37598.857142857145,650.5714285714286,983316.5714285715,47716.28571428572,4.852586349171666
2020-10-05,39083.0,573.0,806530.0,43990.0,37903.71428571428,658.4285714285714,1003211.7142857143,48024.142857142855,4.787039681981384
2020-10-06,40967.0,689.0,1226901.0,49028.0,38308.0,633.7142857142857,1037948.0,48618.857142857145,4.684132263163198
2020-10-07,41668.0,791.0,1412117.0,63607.0,38838.0,670.0,1068201.0,50254.142857142855,4.704558679231985
2020-10-08,42210.0,681.0,1430572.0,60635.0,39499.857142857145,666.7142857142857,1097730.2857142857,51507.0,4.692136189581828
2020-10-09,41648.0,745.0,1400326.0,63711.0,40089.42857142857,662.8571428571429,1127569.7142857143,52710.71428571428,4.674718877058979
2020-10-10,41303.0,656.0,1103533.0,57342.0,40665.28571428572,670.4285714285714,1145809.0,53524.71428571428,4.671346994631241
2020-10-11,41282.0,565.0,747546.0,45398.0,41165.857142857145,671.4285714285714,1161075.0,54815.857142857145,4.721129741218883
2020-10-12,42662.0,590.0,808855.0,50311.0,41677.142857142855,673.8571428571429,1161407.142857143,55718.857142857145,4.797530089731053
2020-10-13,43823.0,741.0,1064419.0,59651.0,42085.142857142855,681.2857142857143,1138195.4285714286,57236.42857142857,5.028699565527788
2020-10-14,43787.0,829.0,1225751.0,67557.0,42387.857142857145,686.7142857142857,1111571.7142857143,57800.71428571428,5.199908700704613
2020-10-15,43843.0,693.0,1301589.0,68870.0,42621.142857142855,688.4285714285714,1093145.5714285714,58977.142857142855,5.395177403506186
2020-10-16,44169.0,861.0,1326310.0,77786.0,42981.28571428572,705.0,1082571.857142857,60987.857142857145,5.633608221057712
2020-10-17,45245.0,677.0,1112710.0,59364.0,43544.42857142857,708.0,1083882.857142857,61276.71428571428,5.653444362727654
2020-10-18,43753.0,713.0,767187.0,49892.0,43897.42857142857,729.1428571428571,1086688.7142857143,61918.71428571428,5.69792558547125
2020-10-19,45078.0,674.0,871864.0,65019.0,44242.57142857143,741.1428571428571,1095690.0,64019.857142857145,5.842880481053688
2020-10-20,46421.0,835.0,1272072.0,67327.0,44613.71428571428,754.5714285714286,1125354.7142857143,65116.42857142857,5.786302553747181
2020-10-21,47340.0,1046.0,1477721.0,79985.0,45121.28571428572,785.5714285714286,1161350.4285714286,66891.85714285714,5.759834025733342
2020-10-22,47299.0,858.0,1529630.0,82354.0,45615.0,809.1428571428571,1193927.7142857143,68818.14285714286,5.764012513798993
2020-10-23,47520.0,890.0,1465021.0,87539.0,46093.71428571428,813.2857142857143,1213743.5714285714,70211.42857142857,5.784700345624899
2020-10-24,47722.0,769.0,1179375.0,79375.0,46447.57142857143,826.4285714285714,1223267.142857143,73070.14285714286,5.973359399360261
2020-10-25,48043.0,653.0,793177.0,65990.0,47060.42857142857,817.8571428571429,1226980.0,75369.85714285714,6.142712769797156
2020-10-26,49473.0,770.0,953275.0,75039.0,47688.28571428572,831.5714285714286,1238610.142857143,76801.28571428571,6.200602034238606
2020-10-27,51229.0,922.0,1339673.0,87348.0,48375.142857142855,844.0,1248267.4285714286,79661.42857142857,6.381759769426697
2020-10-28,52956.0,1008.0,1503293.0,98378.0,49177.42857142857,838.5714285714286,1251920.5714285714,82289.0,6.573020835187627
2020-10-29,52937.0,1108.0,1485077.0,101616.0,49982.857142857145,874.2857142857143,1245555.857142857,85040.71428571429,6.827531161933325
2020-10-30,53952.0,974.0,1500762.0,108136.0,50901.71428571428,886.2857142857143,1250661.7142857143,87983.14285714286,7.0349273390360665
2020-10-31,53771.0,900.0,1219742.0,99792.0,51765.857142857145,905.0,1256428.4285714286,90899.85714285714,7.234781948241268
2020-11-01,54458.0,702.0,899293.0,77706.0,52682.28571428572,912.0,1271587.857142857,92573.57142857143,7.280155351323964
2020-11-02,56667.0,855.0,1016164.0,96983.0,53710.0,924.1428571428571,1280572.0,95708.42857142857,7.473881091530079
2020-11-03,58455.0,1133.0,1363908.0,115450.0,54742.28571428572,954.2857142857143,1284034.142857143,99723.0,7.766382269096315
2020-11-04,60812.0,1299.0,1631770.0,135440.0,55864.57142857143,995.8571428571429,1302388.0,105017.57142857143,8.06346276444281
2020-11-05,61812.0,1211.0,1695408.0,142065.0,57132.42857142857,1010.5714285714286,1332435.2857142857,110796.0,8.31530065196412
2020-11-06,63029.0,1314.0,1676572.0,145971.0,58429.142857142855,1059.142857142857,1357551.0,116201.0,8.559604758863571
2020-11-07,64295.0,1109.0,1455128.0,142573.0,59932.57142857143,1089.0,1391177.5714285714,122312.57142857143,8.792017204746278
2020-11-08,65761.0,887.0,1010634.0,116421.0,61547.28571428572,1115.4285714285713,1407083.4285714286,127843.28571428571,9.085693365323854
2020-11-09,68070.0,1066.0,1223352.0,134204.0,63176.28571428572,1145.5714285714287,1436681.7142857143,133160.57142857142,9.268620189460394
2020-11-10,72230.0,1310.0,1538011.0,170927.0,65144.142857142855,1170.857142857143,1461553.5714285714,141085.85714285713,9.653143059611224
2020-11-11,74820.0,1516.0,1790495.0,179764.0,67145.28571428571,1201.857142857143,1484228.5714285714,147417.85714285713,9.932288057288057
2020-11-12,76330.0,1367.0,1852721.0,184429.0,69219.28571428571,1224.142857142857,1506701.857142857,153469.85714285713,10.185814560146651
2020-11-13,76980.0,1337.0,1903449.0,204295.0,71212.28571428571,1227.4285714285713,1539112.857142857,161801.85714285713,10.512670100308247
2020-11-14,77793.0,1489.0,1597649.0,180395.0,73140.57142857143,1281.7142857142858,1559473.0,167205.0,10.72189130558849
2020-11-15,79884.0,1190.0,1196555.0,148227.0,75158.14285714286,1325.0,1586033.142857143,171748.7142857143,10.828822528659101
2020-11-16,83415.0,1208.0,1489998.0,165821.0,77350.28571428571,1345.2857142857142,1624125.4285714286,176265.42857142858,10.852944327487727
2020-11-17,85869.0,1687.0,1904209.0,191250.0,79298.71428571429,1399.142857142857,1676439.4285714286,179168.7142857143,10.687455283630033
2020-11-18,88441.0,1905.0,2097916.0,205138.0,81244.57142857143,1454.7142857142858,1720356.7142857143,182793.57142857142,10.625329613949665
2020-11-19,89206.0,1935.0,2074038.0,215612.0,83084.0,1535.857142857143,1751973.4285714286,187248.2857142857,10.687849636336624
2020-11-20,90390.0,1962.0,2148057.0,218617.0,84999.71428571429,1625.142857142857,1786917.4285714286,189294.2857142857,10.593342629469968
2020-11-21,90691.0,1755.0,1855184.0,191731.0,86842.28571428571,1663.142857142857,1823708.142857143,190913.7142857143,10.468435699728582
2020-11-22,92454.0,1381.0,1421346.0,165645.0,88638.0,1690.4285714285713,1855821.142857143,193402.0,10.421370655484965
2020-11-23,93985.0,1619.0,1671972.0,177739.0,90148.0,1749.142857142857,1881817.4285714286,195104.57142857142,10.367879926411565
2020-11-24,96654.0,2014.0,1970285.0,203945.0,91688.71428571429,1795.857142857143,1891256.857142857,196918.14285714287,10.412025321332044
2020-11-25,97885.0,2317.0,2223499.0,226691.0,93037.85714285714,1854.7142857142858,1909197.2857142857,199997.14285714287,10.475457112454368
2020-11-26,96785.0,1717.0,1505329.0,167755.0,94120.57142857143,1823.5714285714287,1827953.142857143,193160.42857142858,10.567033915842794
2020-11-27,97750.0,1755.0,1510537.0,180648.0,95172.0,1794.0,1736878.857142857,187736.2857142857,10.808830157741077
2020-11-28,99983.0,1695.0,1346918.0,154405.0,96499.42857142857,1785.4285714285713,1664269.4285714286,182404.0,10.960004243818352
2020-11-29,102390.0,1495.0,1150848.0,154723.0,97918.85714285714,1801.7142857142858,1625626.857142857,180843.7142857143,11.1245525682049
2020-11-30,104412.0,1850.0,1463901.0,175048.0,99408.42857142857,1834.7142857142858,1595902.4285714286,180459.2857142857,11.307664082936684
2020-12-01,106895.0,2461.0,1841891.0,233724.0,100871.42857142857,1898.5714285714287,1577560.4285714286,184713.42857142858,11.708802098864584
2020-12-02,108548.0,2849.0,2096219.0,254061.0,102394.71428571429,1974.5714285714287,1559377.5714285714,188623.42857142858,12.096071665223937
2020-12-03,108092.0,2817.0,2145944.0,266131.0,104010.0,2131.714285714286,1650894.0,202677.14285714287,12.276811403829857
2020-12-04,108018.0,2616.0,2116356.0,264072.0,105476.85714285714,2254.714285714286,1737439.5714285714,214594.85714285713,12.351212708158318
2020-12-05,107243.0,2455.0,1690431.0,236982.0,106514.0,2363.285714285714,1786512.857142857,226391.57142857142,12.672260964896498
2020-12-06,108631.0,1826.0,1291971.0,192904.0,107405.57142857143,2410.5714285714284,1806673.2857142857,231846.0,12.832757412934097
2020-12-07,110138.0,2316.0,1538862.0,203509.0,108223.57142857143,2477.1428571428573,1817382.0,235911.85714285713,12.980862424237564
2020-12-08,112376.0,2752.0,1912775.0,275306.0,109006.57142857143,2518.714285714286,1827508.2857142857,241852.14285714287,13.233983383151362
2020-12-09,114825.0,3473.0,2122112.0,264389.0,109903.28571428571,2607.8571428571427,1831207.2857142857,243327.57142857142,13.287822374169858
2020-12-10,115701.0,2765.0,2179905.0,249752.0,110990.28571428571,2600.4285714285716,1836058.857142857,240987.7142857143,13.12527173887672
2020-12-11,115841.0,3339.0,2054701.0,287806.0,112107.85714285714,2703.714285714286,1827251.0,244378.2857142857,13.374095059424551
2020-12-12,115364.0,2571.0,1720971.0,249054.0,113268.0,2720.285714285714,1831613.857142857,246102.85714285713,13.43639414951545
2020-12-13,117709.0,2198.0,1248168.0,203079.0,114564.85714285714,2773.4285714285716,1825356.2857142857,247556.42857142858,13.562088152809933
2020-12-14,118772.0,2363.0,1491831.0,211737.0,115798.28571428571,2780.1428571428573,1818637.5714285714,248731.85714285713,13.676823851575547
2020-12-15,120526.0,3000.0,1942696.0,231226.0,116962.57142857143,2815.5714285714284,1822912.0,242434.7142857143,13.299309801335133
2020-12-16,122440.0,3484.0,2075084.0,273194.0,118050.42857142857,2817.1428571428573,1816193.7142857143,243692.57142857142,13.417763177559095
2020-12-17,123190.0,3354.0,2050804.0,288003.0,119120.28571428571,2901.285714285714,1797750.7142857143,249157.0,13.859374273645917
2020-12-18,121318.0,3039.0,2020173.0,270965.0,119902.71428571429,2858.4285714285716,1792818.142857143,246751.14285714287,13.763311345338428
2020-12-19,120265.0,2833.0,1710150.0,230867.0,120602.85714285714,2895.8571428571427,1791272.2857142857,244153.0,13.630144448008464
2020-12-20,121756.0,2394.0,1275546.0,197000.0,121181.0,2923.8571428571427,1795183.4285714286,243284.57142857142,13.552073150662517
2020-12-21,123109.0,2674.0,1526594.0,193041.0,121800.57142857143,2968.285714285714,1800149.5714285714,240613.7142857143,13.366317894060709
2020-12-22,127259.0,3264.0,1986099.0,234429.0,122762.42857142857,3006.0,1806350.0,241071.2857142857,13.345768301507777
2020-12-23,127741.0,3406.0,2277525.0,279578.0,123519.71428571429,2994.8571428571427,1835270.142857143,241983.2857142857,13.185158961806401
2020-12-24,125423.0,3242.0,1889977.0,248081.0,123838.71428571429,2978.8571428571427,1812294.857142857,236280.14285714287,13.03762144034588
2020-12-25,121550.0,2490.0,1076974.0,170776.0,123871.85714285714,2900.4285714285716,1677552.142857143,221967.42857142858,13.23162618321849
2020-12-26,123748.0,2236.0,991624.0,154889.0,124369.42857142857,2815.1428571428573,1574905.5714285714,211113.42857142858,13.404830892809084
2020-12-27,128324.0,2404.0,945135.0,137290.0,125307.71428571429,2816.5714285714284,1527704.0,202583.42857142858,13.2606466024458
2020-12-28,129730.0,2897.0,1290008.0,213864.0,126253.57142857143,2848.4285714285716,1493906.0,205558.14285714287,13.759777580191985
2020-12-29,131638.0,3792.0,1864527.0,266823.0,126879.14285714286,2923.8571428571427,1476538.5714285714,210185.85714285713,14.235040059908453
2020-12-30,133195.0,3936.0,2186778.0,323801.0,127658.28571428571,2999.5714285714284,1463574.7142857143,216503.42857142858,14.792782798047403
2020-12-31,132134.0,3671.0,1920708.0,316900.0,128617.0,3060.8571428571427,1467964.857142857,226334.7142857143,15.418265170614246
2021-01-01,129882.0,3180.0,1243426.0,246191.0,129807.28571428571,3159.4285714285716,1491743.7142857143,237108.2857142857,15.894706539978237
2021-01-02,131286.0,2645.0,1109390.0,224988.0,130884.14285714286,3217.8571428571427,1508567.4285714286,247122.42857142858,16.381265026081508
2021-01-03,134820.0,2557.0,1042090.0,201899.0,131812.14285714287,3239.714285714286,1522418.142857143,256352.2857142857,16.83849387351532
2021-01-04,136498.0,2910.0,1394313.0,227091.0,132779.0,3241.5714285714284,1537318.857142857,258241.85714285713,16.79819745545863
2021-01-05,138560.0,3755.0,1954493.0,294235.0,133767.85714285713,3236.285714285714,1550171.142857143,262157.85714285716,16.9115428545309
2021-01-06,139750.0,4118.0,2320045.0,339149.0,134704.2857142857,3262.285714285714,1569209.2857142857,264350.4285714286,16.84609127526921
2021-01-07,138614.0,4033.0,2253371.0,332117.0,135630.0,3314.0,1616732.5714285714,266524.28571428574,16.485366251932472
2021-01-08,137140.0,3964.0,2145050.0,334704.0,136666.85714285713,3426.0,1745536.0,279169.0,15.993310937156267
2021-01-09,135771.0,3408.0,1712882.0,277973.0,137307.57142857142,3535.0,1831749.142857143,286738.28571428574,15.653796636532576
2021-01-10,136037.0,2805.0,1159439.0,231296.0,137481.42857142858,3570.4285714285716,1848513.2857142857,290937.85714285716,15.739018993874074
2021-01-11,135932.0,3030.0,1517285.0,215001.0,137400.57142857142,3587.5714285714284,1866080.7142857143,289210.71428571426,15.498296085033834
2021-01-12,135617.0,4103.0,2020993.0,245682.0,136980.14285714287,3637.285714285714,1875580.7142857143,282274.5714285714,15.04998261490822
2021-01-13,135940.0,4169.0,2099443.0,278596.0,136435.85714285713,3644.5714285714284,1844066.142857143,273624.14285714284,14.838087230059843
2021-01-14,142269.0,3900.0,2069830.0,263634.0,136958.0,3625.5714285714284,1817846.0,263840.85714285716,14.513927865333871
2021-01-15,132860.0,3607.0,2030308.0,262603.0,136346.57142857142,3574.5714285714284,1801454.2857142857,253540.7142857143,14.074224158576643
2021-01-16,130094.0,3634.0,1581609.0,234526.0,135535.57142857142,3606.8571428571427,1782701.0,247334.0,13.874115737860695
2021-01-17,129511.0,2770.0,1067506.0,179817.0,134603.2857142857,3601.8571428571427,1769567.7142857143,239979.85714285713,13.561496132953858
2021-01-18,128605.0,2745.0,1285715.0,160022.0,133556.57142857142,3561.1428571428573,1736486.2857142857,232125.7142857143,13.367552407143359
2021-01-19,127853.0,3042.0,1804315.0,175426.0,132447.42857142858,3409.5714285714284,1705532.2857142857,222089.14285714287,13.021690924140483
2021-01-20,126455.0,4029.0,2127153.0,229640.0,131092.42857142858,3389.5714285714284,1709490.857142857,215095.42857142858,12.582426379917965
2021-01-21,122993.0,3787.0,2045132.0,230638.0,128338.71428571429,3373.4285714285716,1705962.5714285714,210381.7142857143,12.332141267879098
2021-01-22,120855.0,3649.0,1918041.0,220733.0,126623.71428571429,3379.4285714285716,1689924.4285714286,204400.2857142857,12.095232322730238
2021-01-23,116786.0,2970.0,1543917.0,187701.0,124722.57142857143,3284.5714285714284,1684539.857142857,197711.0,11.736795609890587
2021-01-24,115779.0,2440.0,999974.0,153555.0,122760.85714285714,3237.4285714285716,1674892.4285714286,193959.2857142857,11.58040256231381
2021-01-25,113914.0,2524.0,1229002.0,140577.0,120662.14285714286,3205.8571428571427,1666790.5714285714,191181.42857142858,11.470032999261027
2021-01-26,112861.0,3396.0,1777693.0,175077.0,118520.42857142857,3256.4285714285716,1662987.4285714286,191131.57142857142,11.493266163338404
2021-01-27,111296.0,3459.0,2058686.0,196839.0,116354.85714285714,3175.0,1653206.4285714286,186445.7142857143,11.277824176308464
2021-01-28,108075.0,3142.0,1900643.0,186312.0,114223.71428571429,3082.8571428571427,1632565.142857143,180113.42857142858,11.032541602365287
2021-01-29,104395.0,3111.0,1835911.0,190814.0,111872.28571428571,3006.0,1620832.2857142857,175839.2857142857,10.84870330287103
2021-01-30,100882.0,2574.0,1433146.0,150522.0,109600.28571428571,2949.4285714285716,1605007.857142857,170528.0,10.624745495237896
2021-01-31,99440.0,2172.0,945053.0,114882.0,107266.14285714286,2911.1428571428573,1597162.0,165003.2857142857,10.331030021643748
2021-02-01,97739.0,2207.0,1034522.0,145795.0,104955.42857142857,2865.8571428571427,1569379.142857143,165748.7142857143,10.561419465786924
2021-02-02,97040.0,2737.0,1635724.0,138336.0,102695.28571428571,2771.714285714286,1549097.857142857,160500.0,10.36086902192382
2021-02-03,95837.0,3133.0,1872038.0,139535.0,100486.85714285714,2725.1428571428573,1522433.857142857,152313.7142857143,10.004619482882532
2021-02-04,93055.0,2764.0,1931384.0,145870.0,98341.14285714286,2671.1428571428573,1526825.4285714286,146536.2857142857,9.59744859969958
2021-02-05,90450.0,2862.0,1832210.0,144661.0,96349.0,2635.5714285714284,1526296.7142857143,139943.0,9.168793897685312
2021-02-06,87187.0,2330.0,1334604.0,123587.0,94392.57142857143,2600.714285714286,1512219.2857142857,136095.14285714287,8.999696283655007
2021-02-07,85808.0,1764.0,829737.0,93266.0,92445.14285714286,2542.4285714285716,1495745.5714285714,133007.14285714287,8.892364142526533
2021-02-08,83616.0,1721.0,1044567.0,93095.0,90427.57142857143,2473.0,1497180.5714285714,125478.57142857143,8.380991165871395
2021-02-09,83362.0,2508.0,1694469.0,113207.0,88473.57142857143,2440.285714285714,1505572.7142857143,121888.71428571429,8.09583709436058
2021-02-10,80975.0,2561.0,1641700.0,118679.0,86350.42857142857,2358.5714285714284,1472667.2857142857,118909.28571428571,8.074416188080889
2021-02-11,77809.0,2851.0,1417767.0,115900.0,84172.42857142857,2371.0,1399293.4285714286,114627.85714285714,8.191838452345438
2021-02-12,74893.0,2192.0,1414307.0,113383.0,81950.0,2275.285714285714,1339593.0,110159.57142857143,8.22336123199893
2021-02-13,72231.0,1866.0,1103092.0,95813.0,79813.42857142857,2209.0,1306519.857142857,106191.85714285714,8.127841039866105
2021-02-14,70405.0,1342.0,664345.0,70870.0,77613.0,2148.714285714286,1282892.4285714286,102992.42857142857,8.02814221034232
2021-02-15,68643.0,1406.0,799868.0,65725.0,75474.0,2103.714285714286,1247935.4285714286,99082.42857142857,7.939707961080403
2021-02-16,68293.0,1594.0,1251749.0,68606.0,73321.28571428571,1973.142857142857,1184689.7142857143,92710.85714285714,7.825750154229655
2021-02-17,69978.0,2131.0,1472500.0,80683.0,71750.28571428571,1911.7142857142858,1160518.2857142857,87282.85714285714,7.521023857813283
2021-02-18,65853.0,1997.0,1415733.0,82860.0,70042.28571428571,1789.7142857142858,1160227.7142857143,82562.85714285714,7.116090757553259
2021-02-19,63941.0,2124.0,1355293.0,84476.0,68477.71428571429,1780.0,1151797.142857143,78433.28571428571,6.809644059345767
2021-02-20,61688.0,1633.0,1059099.0,75956.0,66971.57142857143,1746.7142857142858,1145512.4285714286,75596.57142857143,6.5993671952427535
2021-02-21,60810.0,1313.0,684348.0,61100.0,65600.85714285714,1742.5714285714287,1148370.0,74200.85714285714,6.461406789001554
2021-02-22,59999.0,1469.0,1040776.0,65057.0,64366.0,1751.5714285714287,1182785.4285714286,74105.42857142857,6.265331545463263
2021-02-23,59349.0,1744.0,1645427.0,89907.0,63088.28571428572,1773.0,1239025.142857143,77148.42857142857,6.226542618298071
2021-02-24,58664.0,1815.0,1689393.0,87732.0,61472.0,1727.857142857143,1270009.857142857,78155.42857142857,6.153922989799066
2021-02-25,56513.0,1833.0,1613326.0,83073.0,60137.71428571428,1704.4285714285713,1298237.4285714286,78185.85714285714,6.022462103013955
2021-02-26,54425.0,1517.0,1478185.0,86001.0,58778.28571428572,1617.7142857142858,1315793.4285714286,78403.71428571429,5.958664375671648
2021-02-27,52508.0,1319.0,1075320.0,78455.0,57466.857142857145,1572.857142857143,1318110.7142857143,78760.71428571429,5.975273050442869
2021-02-28,51637.0,908.0,633713.0,57342.0,56156.42857142857,1515.0,1310877.142857143,78223.85714285714,5.967291257544021
2021-03-01,49974.0,1160.0,995225.0,60244.0,54724.28571428572,1470.857142857143,1304369.857142857,77536.28571428571,5.9443481685573625
2021-03-02,49370.0,1402.0,1613511.0,67427.0,53298.71428571428,1422.0,1299810.4285714286,74324.85714285714,5.718130544970679
2021-03-03,49064.0,1362.0,1738985.0,84157.0,51927.28571428572,1357.2857142857142,1306895.0,73814.14285714286,5.648054576468871
2021-03-04,47033.0,1235.0,1554538.0,78770.0,50573.0,1271.857142857143,1298496.7142857143,73199.42857142857,5.637244035052841
2021-03-05,46294.0,1643.0,1432292.0,74302.0,49411.42857142857,1289.857142857143,1291940.5714285714,71528.14285714286,5.536488631056006
2021-03-06,44972.0,1077.0,1067591.0,65244.0,48334.857142857145,1255.2857142857142,1290836.4285714286,69640.85714285714,5.39501795900886
2021-03-07,44195.0,748.0,609877.0,49492.0,47271.71428571428,1232.4285714285713,1287431.2857142857,68519.42857142857,5.322181411290854
2021-03-08,43749.0,868.0,977883.0,50113.0,46382.42857142857,1190.7142857142858,1284953.857142857,67072.14285714286,5.219809449522201
2021-03-09,43467.0,1064.0,1541924.0,67441.0,45539.142857142855,1142.4285714285713,1274727.142857143,67074.14285714286,5.261843150747106
2021-03-10,43413.0,1218.0,1616030.0,72355.0,44731.857142857145,1121.857142857143,1257162.142857143,65388.142857142855,5.201249753554916
2021-03-11,42683.0,1101.0,1499627.0,70889.0,44110.42857142857,1102.7142857142858,1249317.7142857143,64262.28571428572,5.143790484954988
2021-03-12,42253.0,1072.0,1399477.0,74152.0,43533.142857142855,1021.1428571428571,1244629.857142857,64240.857142857145,5.16144271922955
2021-03-13,41451.0,791.0,1025636.0,62148.0,43030.142857142855,980.2857142857143,1238636.2857142857,63798.57142857143,5.150710677895298
2021-03-14,40691.0,635.0,579482.0,48720.0,42529.57142857143,964.1428571428571,1234294.142857143,63688.28571428572,5.159895320159272
2021-03-15,40683.0,694.0,947872.0,51656.0,42091.57142857143,939.2857142857143,1230006.857142857,63908.71428571428,5.195801463592305
2021-03-16,41101.0,888.0,1497868.0,66567.0,41753.57142857143,914.1428571428571,1223713.142857143,63783.857142857145,5.212321001467197
2021-03-17,41185.0,839.0,1617683.0,74485.0,41435.28571428572,860.0,1223949.2857142857,64088.142857142855,5.236176335504097
2021-03-18,40606.0,710.0,1475080.0,75088.0,41138.57142857143,804.1428571428571,1220442.5714285714,64688.0,5.300372300540156
2021-03-19,40372.0,1025.0,1340661.0,72619.0,40869.857142857145,797.4285714285714,1212040.2857142857,64469.0,5.319047622415191
2021-03-20,39223.0,730.0,987548.0,68079.0,40551.57142857143,788.7142857142857,1206599.142857143,65316.28571428572,5.413254774872564
2021-03-21,39139.0,531.0,613974.0,50662.0,40329.857142857145,773.8571428571429,1211526.5714285714,65593.71428571429,5.414137488406009
2021-03-22,39575.0,594.0,974966.0,59387.0,40171.57142857143,759.5714285714286,1215397.142857143,66698.14285714286,5.487765315981371
2021-03-23,40178.0,712.0,1530542.0,73523.0,40039.71428571428,734.4285714285714,1220064.857142857,67691.85714285714,5.548217928461415
2021-03-24,40710.0,858.0,1657550.0,83925.0,39971.857142857145,737.1428571428571,1225760.142857143,69040.42857142857,5.632458272831516
2021-03-25,40518.0,768.0,1446105.0,79122.0,39959.28571428572,745.4285714285714,1221620.857142857,69616.71428571429,5.698716903748253
2021-03-26,40711.0,845.0,1373176.0,91604.0,40007.71428571428,719.7142857142857,1226265.857142857,72328.85714285714,5.89830147529183
2021-03-27,39917.0,676.0,998855.0,72856.0,40106.857142857145,712.0,1227881.142857143,73011.28571428571,5.946119959493519
2021-03-28,40324.0,473.0,623241.0,59386.0,40276.142857142855,703.7142857142857,1229205.0,74257.57142857143,6.041105546151491
2021-03-29,40799.0,578.0,1007312.0,68368.0,40451.0,701.4285714285714,1233825.857142857,75540.57142857143,6.122466229026765
2021-03-30,41316.0,724.0,1532428.0,75457.0,40613.57142857143,703.1428571428571,1234095.2857142857,75816.85714285714,6.143517281080519
2021-03-31,41719.0,847.0,1579691.0,87352.0,40757.71428571428,701.5714285714286,1222972.5714285714,76306.42857142857,6.2394227273874145
2021-04-01,41545.0,688.0,1441294.0,87098.0,40904.42857142857,690.1428571428571,1222285.2857142857,77445.85714285714,6.336152291778504
2021-04-02,41314.0,682.0,1343227.0,81519.0,40990.57142857143,666.8571428571429,1218006.857142857,76005.14285714286,6.240124381190442
2021-04-03,40915.0,655.0,969551.0,72035.0,41133.142857142855,663.8571428571429,1213820.5714285714,75887.85714285714,6.2519831125899525
2021-04-04,41517.0,461.0,563878.0,50027.0,41303.57142857143,662.1428571428571,1205340.142857143,74550.85714285714,6.185047232073554
2021-04-05,42426.0,406.0,947354.0,65843.0,41536.0,637.5714285714286,1196774.7142857143,74190.14285714286,6.199173659966793
2021-04-06,43805.0,724.0,1550948.0,80480.0,41891.57142857143,637.5714285714286,1199420.4285714286,74907.71428571429,6.245325867505294
2021-04-07,44308.0,734.0,1664781.0,93967.0,42261.42857142857,621.4285714285714,1211576.142857143,75852.71428571429,6.260664237481448
2021-04-08,44356.0,717.0,1513341.0,89100.0,42663.0,625.5714285714286,1221868.5714285714,76138.71428571429,6.231334209430989
2021-04-09,44321.0,705.0,1448642.0,92397.0,43092.57142857143,628.8571428571429,1236927.857142857,77692.71428571429,6.281103124734726
2021-04-10,43705.0,619.0,1009968.0,76072.0,43491.142857142855,623.7142857142857,1242701.7142857143,78269.42857142857,6.298327882843279
2021-04-11,44472.0,430.0,643692.0,57117.0,43913.28571428572,619.2857142857143,1254103.7142857143,79282.28571428571,6.3218284748834845
2021-04-12,45389.0,543.0,1051810.0,71918.0,44336.57142857143,638.8571428571429,1269026.0,80150.14285714286,6.315878702023666
2021-04-13,45835.0,766.0,1608968.0,91437.0,44626.57142857143,644.8571428571429,1277314.5714285714,81715.42857142857,6.397439628363166
2021-04-14,46206.0,700.0,1670515.0,88772.0,44897.71428571428,640.0,1278133.7142857143,80973.28571428571,6.335275003643705
2021-04-15,45547.0,688.0,1480118.0,89116.0,45067.857142857145,635.8571428571429,1273387.5714285714,80975.57142857143,6.359067203532356
2021-04-16,45843.0,763.0,1450110.0,81357.0,45285.28571428572,644.1428571428571,1273597.2857142857,79398.42857142857,6.234186383877119
2021-04-17,45100.0,575.0,1006559.0,95288.0,45484.57142857143,637.8571428571429,1273110.2857142857,82143.57142857143,6.452196039126675
2021-04-18,45594.0,462.0,611859.0,54603.0,45644.857142857145,642.4285714285714,1268562.7142857143,81784.42857142857,6.447015007648138
2021-04-19,46491.0,503.0,1016431.0,31639.0,45802.28571428572,636.7142857142857,1263508.5714285714,76030.28571428571,6.017393742594318
2021-04-20,46580.0,736.0,1566792.0,75342.0,45908.71428571428,632.4285714285714,1257483.4285714286,73731.0,5.863377466831713
2021-04-21,46346.0,697.0,1650794.0,76756.0,45928.71428571428,632.0,1254666.142857143,72014.42857142857,5.739728371679522
2021-04-22,45283.0,682.0,1492758.0,71475.0,45891.0,631.1428571428571,1256471.857142857,69494.28571428571,5.530906666887997
2021-04-23,44626.0,785.0,1407928.0,75601.0,45717.142857142855,634.2857142857143,1250445.857142857,68672.0,5.491801152983034
2021-04-24,43200.0,637.0,993196.0,60575.0,45445.71428571428,643.1428571428571,1248536.857142857,63713.0,5.1030131497920195
2021-04-25,42839.0,426.0,589175.0,44967.0,45052.142857142855,638.0,1245296.2857142857,62336.42857142857,5.005750782888846
2021-04-26,43560.0,496.0,995786.0,47491.0,44633.42857142857,637.0,1242347.0,64601.0,5.199915965507222
2021-04-27,43441.0,547.0,1571389.0,65069.0,44185.0,610.0,1243003.7142857143,63133.42857142857,5.079102165652649
2021-04-28,43085.0,764.0,1575435.0,66411.0,43719.142857142855,619.5714285714286,1232238.142857143,61655.57142857143,5.003543494085732
2021-04-29,41926.0,679.0,1415444.0,67498.0,43239.57142857143,619.1428571428571,1221193.2857142857,61087.42857142857,5.002273537370298
2021-04-30,41034.0,701.0,1312062.0,64262.0,42726.42857142857,607.1428571428571,1207498.142857143,59467.57142857143,4.924858210370509
2021-05-01,39595.0,507.0,902717.0,55369.0,42211.42857142857,588.5714285714286,1194572.5714285714,58723.857142857145,4.915888623880772
2021-05-02,39535.0,408.0,521511.0,41093.0,41739.42857142857,586.0,1184906.2857142857,58170.42857142857,4.909285170713923
2021-05-03,39837.0,486.0,893700.0,39566.0,41207.57142857143,584.5714285714286,1170322.5714285714,57038.28571428572,4.873723459393003
2021-05-04,39806.0,698.0,1419695.0,53838.0,40688.28571428572,606.1428571428571,1148652.0,55433.857142857145,4.825992306012364
2021-05-05,39442.0,631.0,1525979.0,55335.0,40167.857142857145,587.1428571428571,1141586.857142857,53851.57142857143,4.71725572974361
2021-05-06,38452.0,607.0,1306223.0,50792.0,39671.57142857143,576.8571428571429,1125983.857142857,51465.0,4.570669434870102
2021-05-07,37626.0,718.0,1173654.0,50705.0,39184.71428571428,579.2857142857143,1106211.2857142857,49528.28571428572,4.477289858989739
2021-05-08,36149.0,508.0,850288.0,41919.0,38692.42857142857,579.4285714285714,1098721.4285714286,47606.857142857145,4.332932434453033
2021-05-09,35449.0,384.0,483281.0,29865.0,38108.71428571428,576.0,1093260.0,46002.857142857145,4.2078606317671134
2021-05-10,35444.0,412.0,856638.0,29221.0,37481.142857142855,565.4285714285714,1087965.4285714286,44525.0,4.09250136362001
2021-05-11,35261.0,614.0,1330234.0,42697.0,36831.857142857145,553.4285714285714,1075185.2857142857,42933.42857142857,3.9931190597447856
2021-05-12,34886.0,655.0,1340140.0,42305.0,36181.0,556.8571428571429,1048636.857142857,41072.0,3.916703835101298
2021-05-13,33942.0,573.0,1191965.0,41899.0,35536.71428571428,552.0,1032314.2857142857,39801.57142857143,3.8555672414270292
2021-05-14,32794.0,649.0,1082397.0,39973.0,34846.42857142857,542.1428571428571,1019277.5714285715,38268.42857142857,3.7544658730980753
2021-05-15,31512.0,434.0,786482.0,33817.0,34184.0,531.5714285714286,1010162.4285714285,37111.0,3.6737656193056365
2021-05-16,31151.0,415.0,453155.0,23643.0,33570.0,536.0,1005858.7142857143,36222.142857142855,3.601116373770755
2021-05-17,30926.0,396.0,795828.0,23537.0,32924.57142857143,533.7142857142857,997171.5714285715,35410.142857142855,3.5510582001864983
2021-05-18,30650.0,603.0,1212476.0,35590.0,32265.85714285714,532.1428571428571,980349.0,34394.857142857145,3.508429869654291
2021-05-19,30708.0,569.0,1177149.0,33859.0,31669.0,519.8571428571429,957064.5714285715,33188.28571428572,3.4677164639734714
2021-05-20,29349.0,503.0,1005944.0,33031.0,31012.85714285714,509.85714285714283,930490.1428571428,31921.428571428572,3.4306036250326444
2021-05-21,28851.0,591.0,982021.0,33112.0,30449.571428571428,501.57142857142856,916150.7142857143,30941.285714285714,3.3773139322834433
2021-05-22,27830.0,395.0,708189.0,24420.0,29923.571428571428,496.0,904966.0,29598.85714285714,3.2707148271710915
2021-05-23,27390.0,269.0,407624.0,17142.0,29386.285714285714,475.14285714285717,898461.5714285715,28670.14285714286,3.1910260570807463
2021-05-24,27449.0,372.0,709629.0,19154.0,28889.571428571428,471.7142857142857,886147.4285714285,28044.0,3.164710419033789
2021-05-25,27449.0,491.0,1071829.0,29322.0,28432.285714285714,455.7142857142857,866055.0,27148.571428571428,3.13473987547805
2021-05-26,26972.0,497.0,1046817.0,28479.0,27898.571428571428,445.42857142857144,847436.1428571428,26380.0,3.1129189169415716
2021-05-27,26328.0,509.0,924670.0,25905.0,27467.0,446.2857142857143,835825.5714285715,25362.0,3.0343651674418055
2021-05-28,25596.0,524.0,835252.0,24479.0,27002.0,436.7142857142857,814858.5714285715,24128.714285714286,2.961092284200063
2021-05-29,24516.0,351.0,578205.0,18280.0,26528.571428571428,430.42857142857144,796289.4285714285,23251.571428571428,2.9199899677540078
2021-05-30,23729.0,264.0,359134.0,13460.0,26005.571428571428,429.7142857142857,789362.2857142857,22725.571428571428,2.87897861854488
2021-05-31,23581.0,269.0,315238.0,10296.0,25453.0,415.0,733020.7142857143,21460.14285714286,2.927631162245464
2021-06-01,23872.0,336.0,705318.0,11327.0,24942.0,392.85714285714283,680662.0,18889.428571428572,2.7751554474068736
2021-06-02,23754.0,473.0,1107397.0,20964.0,24482.285714285714,389.42857142857144,689316.2857142857,17815.85714285714,2.5845693061489086
2021-06-03,23204.0,431.0,986694.0,22886.0,24036.0,378.2857142857143,698176.8571428572,17384.571428571428,2.489995371618898
2021-06-04,22225.0,522.0,868605.0,22475.0,23554.428571428572,378.0,702941.5714285715,17098.285714285714,2.4323907433070535
2021-06-05,21291.0,320.0,616536.0,17140.0,23093.714285714286,373.57142857142856,708417.4285714285,16935.428571428572,2.390600215127401
2021-06-06,20952.0,228.0,370292.0,12330.0,22697.0,368.42857142857144,710011.4285714285,16774.0,2.3624971831439336
2021-06-07,20652.0,337.0,644834.0,12393.0,22278.571428571428,378.14285714285717,757096.5714285715,17073.571428571428,2.2551378612579334
2021-06-08,20756.0,313.0,891248.0,18178.0,21833.428571428572,374.85714285714283,783658.0,18052.285714285714,2.303592346953099
2021-06-09,20545.0,349.0,876507.0,27621.0,21375.0,357.14285714285717,750673.7142857143,19003.285714285714,2.53149742060275
2021-06-10,19852.0,381.0,792713.0,20034.0,20896.14285714286,350.0,722962.1428571428,18595.85714285714,2.572175780790735
2021-06-11,19217.0,343.0,773124.0,16919.0,20466.428571428572,324.42857142857144,709322.0,17802.14285714286,2.509740690002969
2021-06-12,18715.0,298.0,563100.0,14671.0,20098.428571428572,321.2857142857143,701688.2857142857,17449.428571428572,2.4867778081353995
2021-06-13,18506.0,165.0,349666.0,10047.0,19749.0,312.2857142857143,698741.7142857143,17123.285714285714,2.450588731744736
2021-06-14,18585.0,222.0,600768.0,10236.0,19453.714285714286,295.85714285714283,692446.5714285715,16815.14285714286,2.4283668301587373
2021-06-15,18499.0,313.0,831512.0,16286.0,19131.285714285714,295.85714285714283,683912.8571428572,16544.85714285714,2.4191469673454633
2021-06-16,18294.0,331.0,788384.0,16527.0,18809.714285714286,293.2857142857143,671323.8571428572,14960.0,2.2284326470489972
2021-06-17,17656.0,268.0,720275.0,16743.0,18496.0,277.14285714285717,660975.5714285715,14489.857142857143,2.192192536184069
2021-06-18,17618.0,229.0,688125.0,13937.0,18267.571428571428,260.85714285714283,648832.8571428572,14063.857142857143,2.1675624142691383
2021-06-19,16972.0,207.0,494495.0,14436.0,18018.571428571428,247.85714285714286,639032.1428571428,14030.285714285714,2.195552425822533
2021-06-20,16997.0,196.0,331621.0,10568.0,17803.0,252.28571428571428,636454.2857142857,14104.714285714286,2.216139415242482
2021-06-21,16870.0,266.0,565494.0,10240.0,17558.0,258.57142857142856,631415.1428571428,14105.285714285714,2.233916286907459
2021-06-22,17033.0,291.0,775650.0,17179.0,17348.571428571428,255.42857142857142,623434.8571428572,14232.857142857143,2.282974232157146
2021-06-23,17164.0,312.0,759784.0,17418.0,17187.14285714286,252.71428571428572,619349.1428571428,14360.142857142857,2.3185860548538972
2021-06-24,16869.0,256.0,688277.0,18883.0,17074.714285714286,251.0,614778.0,14665.857142857143,2.3855533449240447
2021-06-25,16897.0,316.0,668647.0,17130.0,16971.714285714286,263.42857142857144,611995.4285714285,15122.0,2.4709334896992696
2021-06-26,16779.0,191.0,490390.0,15793.0,16944.14285714286,261.14285714285717,611409.0,15315.857142857143,2.5050100902762544
2021-06-27,16410.0,147.0,336840.0,11129.0,16860.285714285714,254.14285714285714,612154.5714285715,15396.0,2.5150510538654802
2021-06-28,16488.0,207.0,545455.0,13080.0,16805.714285714286,245.71428571428572,609291.8571428572,15801.714285714286,2.593455681455029
2021-06-29,16960.0,271.0,691774.0,20320.0,16795.285714285714,242.85714285714286,597309.5714285715,16250.42857142857,2.7206040801527416
2021-06-30,17181.0,246.0,670131.0,21760.0,16797.714285714286,233.42857142857142,584502.0,16870.714285714286,2.886339873210748
2021-07-01,17203.0,219.0,634931.0,23046.0,16845.428571428572,228.14285714285714,576881.1428571428,17465.428571428572,3.027561012815713
2021-07-02,18509.0,268.0,593733.0,20504.0,17075.714285714286,221.28571428571428,566179.1428571428,17947.428571428572,3.169920474438429
2021-07-03,17006.0,160.0,441559.0,18120.0,17108.14285714286,216.85714285714286,559203.2857142857,18279.85714285714,3.268910896957227
2021-07-04,17301.0,133.0,255902.0,14430.0,17235.428571428572,214.85714285714286,547640.7142857143,18751.428571428572,3.4240384402182347
2021-07-05,17482.0,140.0,303228.0,12976.0,17377.428571428572,205.28571428571428,513036.85714285716,18736.571428571428,3.6520907158438627
2021-07-06,18201.0,204.0,583521.0,20615.0,17554.714285714286,195.71428571428572,497572.14285714284,18778.714285714286,3.7740686562321906
2021-07-07,19231.0,239.0,771685.0,30812.0,17847.571428571428,194.71428571428572,512079.85714285716,20071.85714285714,3.9196732429289063
2021-07-08,19602.0,199.0,717089.0,37451.0,18190.285714285714,191.85714285714286,523816.71428571426,22129.714285714286,4.224705642677087
2021-07-09,19796.0,269.0,659789.0,35465.0,18374.14285714286,192.0,533253.2857142857,24267.0,4.550745518144286
2021-07-10,20184.0,154.0,483520.0,28797.0,18828.14285714286,191.14285714285714,539247.7142857143,25792.285714285714,4.783012524856056
2021-07-11,20711.0,142.0,339241.0,23749.0,19315.285714285714,192.42857142857142,551153.2857142857,27123.571428571428,4.921239178211506
2021-07-12,21684.0,227.0,582204.0,29221.0,19915.571428571428,204.85714285714286,591007.0,29444.285714285714,4.982053632915636
2021-07-13,22630.0,334.0,733123.0,44858.0,20548.285714285714,223.42857142857142,612378.7142857143,32907.57142857143,5.373728815338594
2021-07-14,23648.0,308.0,753580.0,49106.0,21179.285714285714,233.28571428571428,609792.2857142857,35521.0,5.825098288738133
2021-07-15,24387.0,299.0,761554.0,52296.0,21862.85714285714,247.57142857142858,616144.4285714285,37641.71428571428,6.1092355201505395
2021-07-16,25180.0,304.0,718735.0,53477.0,22632.0,252.57142857142858,624565.2857142857,40214.857142857145,6.438855642907742
2021-07-17,25805.0,197.0,522082.0,44788.0,23435.0,258.7142857142857,630074.1428571428,42499.28571428572,6.74512455336889
2021-07-18,26908.0,166.0,392891.0,40465.0,24320.285714285714,262.14285714285717,637738.4285714285,44887.28571428572,7.038510414816286
2021-07-19,28551.0,256.0,650095.0,45478.0,25301.285714285714,266.2857142857143,647437.1428571428,47209.71428571428,7.291783427403873
2021-07-20,30442.0,316.0,891149.0,64857.0,26417.285714285714,263.7142857142857,670012.2857142857,50066.71428571428,7.472506900726341
2021-07-21,31892.0,390.0,917751.0,81059.0,27595.0,275.42857142857144,693465.2857142857,54631.42857142857,7.878033651699941
2021-07-22,33361.0,333.0,906566.0,85634.0,28877.0,280.2857142857143,714181.2857142857,59394.0,8.316375854149877
2021-07-23,34963.0,381.0,871308.0,84408.0,30274.571428571428,291.2857142857143,735977.4285714285,63812.71428571428,8.670471648781154
2021-07-24,36052.0,291.0,648246.0,71963.0,31738.428571428572,304.7142857142857,754000.8571428572,67694.85714285714,8.978087558066436
2021-07-25,38023.0,267.0,487333.0,59945.0,33326.28571428572,319.14285714285717,767492.5714285715,70477.71428571429,9.182852956417634
2021-07-26,40600.0,367.0,775659.0,70025.0,35047.57142857143,335.0,785430.2857142857,73984.42857142857,9.41960475895651
2021-07-27,43336.0,481.0,1022315.0,108894.0,36889.57142857143,358.57142857142856,804168.2857142857,80275.42857142857,9.982416615711921
2021-07-28,45512.0,446.0,1092452.0,115214.0,38835.28571428572,366.57142857142856,829125.5714285715,85154.71428571429,10.270424314497253
2021-07-29,47271.0,463.0,1093179.0,119856.0,40822.42857142857,385.14285714285717,855784.5714285715,90043.57142857143,10.521756810625906
2021-07-30,49684.0,497.0,1033525.0,128317.0,42925.42857142857,401.7142857142857,878958.4285714285,96316.28571428571,10.958002401868836
2021-07-31,51488.0,406.0,758439.0,107434.0,45130.57142857143,418.14285714285717,894700.2857142857,101383.57142857143,11.331568017510095
2021-08-01,53498.0,369.0,561624.0,85892.0,47341.28571428572,432.7142857142857,905313.2857142857,105090.28571428571,11.608167843396911
2021-08-02,57028.0,541.0,954173.0,98579.0,49688.142857142855,457.57142857142856,930815.2857142857,109169.42857142857,11.72836654564117
2021-08-03,59869.0,686.0,1249686.0,140293.0,52050.0,486.85714285714283,963296.8571428572,113655.0,11.798543632447972
2021-08-04,62260.0,696.0,1305283.0,156361.0,54442.57142857143,522.5714285714286,993701.2857142857,119533.14285714286,12.029082036582135
2021-08-05,64949.0,698.0,1361289.0,156651.0,56968.0,556.1428571428571,1032002.7142857143,124789.57142857143,12.091980931943839
2021-08-06,67320.0,781.0,1313250.0,149710.0,59487.42857142857,596.7142857142857,1071963.4285714286,127845.71428571429,11.926313051191512
2021-08-07,68804.0,628.0,991156.0,140792.0,61961.142857142855,628.4285714285714,1105208.7142857143,132611.14285714287,11.998742060484762
2021-08-08,71678.0,545.0,704790.0,107811.0,64558.28571428572,653.5714285714286,1125661.0,135742.42857142858,12.05890837218564
2021-08-09,75321.0,761.0,1108657.0,116083.0,67171.57142857143,685.0,1147730.142857143,138243.0,12.044904532685694
2021-08-10,78071.0,946.0,1405318.0,174965.0,69771.85714285714,722.1428571428571,1169963.2857142857,143196.14285714287,12.239370637149422
2021-08-11,80476.0,950.0,1503519.0,184300.0,72374.14285714286,758.4285714285714,1198282.7142857143,147187.42857142858,12.283197180155078
2021-08-12,82556.0,939.0,1498657.0,186194.0,74889.42857142857,792.8571428571429,1217906.7142857143,151407.85714285713,12.431810693453297
2021-08-13,84040.0,1080.0,1497582.0,178553.0,77278.0,835.5714285714286,1244239.857142857,155528.2857142857,12.49986365743215
2021-08-14,84962.0,802.0,1111852.0,161358.0,79586.28571428571,860.4285714285714,1261482.142857143,158466.2857142857,12.561912716051129
2021-08-15,86957.0,711.0,781195.0,125752.0,81769.0,884.1428571428571,1272397.142857143,161029.2857142857,12.6555837238598
2021-08-16,89504.0,822.0,1247115.0,132848.0,83795.14285714286,892.8571428571429,1292176.857142857,163424.2857142857,12.647207292942431
2021-08-17,92112.0,1164.0,1573945.0,195586.0,85801.0,924.0,1316266.4285714286,166370.14285714287,12.63954920112244
2021-08-18,93979.0,1379.0,1662923.0,212508.0,87730.0,985.2857142857143,1339038.4285714286,170399.85714285713,12.725538976850016
2021-08-19,95088.0,1210.0,1615474.0,200478.0,89520.28571428571,1024.0,1355726.5714285714,172440.42857142858,12.719410551179411
2021-08-20,95880.0,1334.0,1501276.0,198705.0,91211.71428571429,1060.2857142857142,1356254.2857142857,175319.2857142857,12.926726762153747
2021-08-21,95934.0,1012.0,1144718.0,164767.0,92779.14285714286,1090.2857142857142,1360949.4285714286,175806.2857142857,12.917914657477562
2021-08-22,98019.0,781.0,811853.0,135035.0,94359.42857142857,1100.2857142857142,1365329.142857143,177132.42857142858,12.973606364305247
2021-08-23,100221.0,1046.0,1236982.0,141213.0,95890.42857142857,1132.2857142857142,1363881.5714285714,178327.42857142858,13.07499362900277
2021-08-24,101721.0,1452.0,1722748.0,212007.0,97263.14285714286,1173.4285714285713,1385139.142857143,180673.2857142857,13.043692155115101
2021-08-25,102493.0,1417.0,1860601.0,227472.0,98479.42857142857,1178.857142857143,1413378.857142857,182811.0,12.934323948325655
2021-08-26,102047.0,1437.0,1863678.0,220483.0,99473.57142857143,1211.2857142857142,1448836.5714285714,185668.85714285713,12.815031094900183
2021-08-27,101696.0,1461.0,1791657.0,214629.0,100304.42857142857,1229.4285714285713,1490319.5714285714,187943.7142857143,12.610967331359516
2021-08-28,100687.0,1064.0,1374025.0,169078.0,100983.42857142857,1236.857142857143,1523077.7142857143,188559.57142857142,12.380167450418062
2021-08-29,101751.0,852.0,941530.0,128205.0,101516.57142857143,1247.0,1541603.0,187583.85714285713,12.168104054212215
2021-08-30,103085.0,1006.0,1352149.0,146291.0,101925.71428571429,1241.2857142857142,1558055.4285714286,188309.2857142857,12.08617371764144
2021-08-31,103567.0,1310.0,1783615.0,210596.0,102189.42857142857,1221.0,1566750.7142857143,188107.7142857143,12.006231276650356
2021-09-01,103663.0,1436.0,1824517.0,225262.0,102356.57142857143,1223.7142857142858,1561595.857142857,187792.0,12.025646657617926
2021-09-02,103702.0,1523.0,1710733.0,212215.0,102593.0,1236.0,1539746.5714285714,186610.85714285713,12.119582573236077
2021-09-03,102437.0,1347.0,1524640.0,206792.0,102698.85714285714,1219.7142857142858,1501601.2857142857,185491.2857142857,12.352898700805968
2021-09-04,100702.0,853.0,1073322.0,157673.0,102701.0,1189.5714285714287,1458643.7142857143,183862.0,12.604997244994518
2021-09-05,100863.0,615.0,658257.0,122250.0,102574.14285714286,1155.7142857142858,1418176.142857143,183011.2857142857,12.904693583801246
2021-09-06,101682.0,528.0,501738.0,123319.0,102373.71428571429,1087.4285714285713,1296688.857142857,179729.57142857142,13.860655194075637
2021-09-07,102299.0,1085.0,344255.0,136187.0,102192.57142857143,1055.2857142857142,1091066.0,169099.7142857143,15.49857793073144
2021-09-08,102299.0,1618.0,0.0,200268.0,101997.71428571429,1081.2857142857142,830420.7142857143,165529.14285714287,19.93316640704497
2021-09-09,101575.0,1727.0,0.0,212066.0,101693.85714285714,1110.4285714285713,586030.2857142857,165507.85714285713,28.24220201198768
2021-09-10,101533.0,0.0,0.0,0.0,101564.71428571429,918.0,368224.5714285714,135966.14285714287,36.92478813394932
